id,kind,key,payload_format,payload,path,applies_to,artifact_sync_policy,note,created_at,updated_at
art_MPR002,artifact_type,ACTIVATION_RECORD_ARTIFACT,text,activation_record,trading-manager/docs/96_model_promotion.md,activation_record;approved_review_decision;promotion_control_plane;rollback_ref,sync_artifact,Generic manager activation record artifact. It records approved config activation and rollback refs only; it does not execute broker or exchange actions.,2026-05-09 03:32:33.848588-04,2026-05-17 02:10:11.268482-04
art_AGENTERR002,artifact_type,AGENT_ERROR_DIAGNOSIS,text,agent_error_diagnosis,trading-manager/src/trading_manager_tasks/agent_error_handler.py,server_error_agent_request;agent_diagnosis;repair_attempt;retry_recommendation,sync_artifact,Standard diagnosis artifact produced or queued by the server-wide agent error handoff. Queued artifacts are valid when no reviewed runner command is configured.,2026-05-13 08:34:26.591917-04,2026-05-17 02:10:11.268482-04
art_DASHRM002,artifact_type,ALERT_EXCEPTION_SUMMARY,text,alert_exception_summary,trading-dashboard/docs/09_dashboard_read_models.md;trading-storage/docs/97_dashboard_summary_layout.md,trading-dashboard;alerts;exceptions;dashboard_read_model;owner_actionable_issue_queue,sync_artifact,"Owner-facing alert and exception summary for actionable issues, severity, blocking scope, suggested next action, and issue-focused diagnostics.",2026-05-12 04:04:19.830207-04,2026-05-17 02:10:11.268482-04
art_SLC001,artifact_type,ARTIFACT_TOMBSTONE,text,artifact_tombstone,trading-storage/docs/95_lifecycle_receipts.md,trading-storage;storage_lifecycle;delete;artifact_index,sync_artifact,"Minimal post-deletion artifact record preserving prior path, checksum, size, deletion receipt, policy, reason codes, and restore possibility.",2026-05-10 06:20:40.262444-04,2026-05-17 02:10:11.268482-04
art_MTS002,artifact_type,COMPONENT_OUTPUT_ARTIFACT,text,component_output,trading-manager/docs/95_task_system.md,artifact_ref;component_output_ref;task_system;all_components,registry_only,Generic artifact type for output refs listed by a component completion receipt when the component does not provide a narrower registered artifact kind.,2026-05-08 21:40:27.74311-04,2026-05-17 02:10:11.268482-04
art_DASHRM001,artifact_type,CURRENT_SYSTEM_STATUS_SUMMARY,text,current_system_status_summary,trading-dashboard/docs/09_dashboard_read_models.md;trading-storage/docs/97_dashboard_summary_layout.md,trading-dashboard;current_status;dashboard_read_model;trading-storage;latest_snapshot,sync_artifact,Owner-facing current status dashboard summary covering system/service/provider/scheduler/realtime/storage posture and unresolved alert counts.,2026-05-12 04:04:19.830207-04,2026-05-17 02:10:11.268482-04
art_MSH002,artifact_type,DATA_FEATURE_OUTPUT_ARTIFACT,text,data_feature_output,trading-storage/main/templates/contracts/artifact.md,artifact_ref;trading-data;data_feature,registry_only,Artifact type for durable data_feature outputs.,2026-05-08 04:30:17.843955-04,2026-05-17 02:10:11.268482-04
art_MSH001,artifact_type,DATA_SOURCE_OUTPUT_ARTIFACT,text,data_source_output,trading-storage/main/templates/contracts/artifact.md,artifact_ref;trading-data;data_source,registry_only,Artifact type for durable data_source outputs.,2026-05-08 04:30:17.843955-04,2026-05-17 02:10:11.268482-04
trm_EXEC_CAP001,artifact_type,EXECUTION_CAPABILITY_CATALOG,text,execution_capability_catalog,trading-execution/src/trading_execution/broker/contracts.py,trading-execution;execution_realtime_data_interface;execution_broker_interface;capability_catalog,sync_artifact,"Side-effect-free catalog combining reviewed realtime data interfaces and broker interfaces. It records that provider calls, broker calls, and order mutation are not performed by catalog inspection.",2026-05-11 03:40:27.03612-04,2026-05-17 02:10:11.268482-04
art_DASHRM003,artifact_type,HISTORICAL_TASK_PROGRESS_SUMMARY,text,historical_task_progress_summary,trading-dashboard/docs/09_dashboard_read_models.md;trading-storage/docs/97_dashboard_summary_layout.md,trading-dashboard;historical_modeling;task_progress;dashboard_read_model;manager_summary,sync_artifact,"Owner-facing historical modeling task progress summary over active month/window, layer/stage, ready/pending/failed counts, blockers, and next system action.",2026-05-12 04:04:19.830207-04,2026-05-17 02:10:11.268482-04
art_MGRINFO001,artifact_type,MANAGER_CONTROLLED_INFORMATION_PASS,text,manager_controlled_information_pass,trading-manager/docs/101_controlled_information_pass.md,trading-manager;historical_training;dataset_expansion;provider_dispatch;artifact_discovery;storage_lifecycle,sync_artifact,"Safe first-month information-gathering report. It may write report/preparation artifacts but performs no provider calls, model activation, broker execution, or storage lifecycle mutation.",2026-05-10 09:15:08.222255-04,2026-05-17 02:10:11.268482-04
art_MDSE002,artifact_type,MANAGER_DATASET_EVIDENCE,text,manager_dataset_evidence,trading-manager/src/trading_manager_tasks/dataset_evidence.py,trading-manager;dataset_expansion;model_dataset_snapshot;model_dataset_split;model_eval_label;model_eval_run;artifact_ref;ready_signal,sync_artifact,"Manager-visible dataset evidence contract summarizing per-layer dataset role coverage, sample counts, snapshot/split references, label/eval coverage, control-plane artifact/ready-signal counts, and promotion gaps for expansion planning.",2026-05-10 02:03:55.849215-04,2026-05-17 02:10:11.268482-04
art_MDSE001,artifact_type,MANAGER_DATASET_EXPANSION_PLAN,text,manager_dataset_expansion_plan,trading-manager/src/trading_manager_tasks/dataset_expansion.py,trading-manager;historical_training;dataset_expansion;model_dataset_snapshot;model_dataset_split;model_eval_label;model_eval_run,sync_artifact,"Manager-owned plan selecting the next model layer and dataset role to expand: train, calibration, validation, test, forward holdout, or shadow monitoring. The plan preserves provider, model-activation, and broker-execution gates.",2026-05-10 01:53:50.326419-04,2026-05-17 02:10:11.268482-04
art_MMTW001,artifact_type,MANAGER_MODEL_TRAINING_WORKFLOW_PLAN_ARTIFACT,text,manager_model_training_workflow_plan,trading-manager/src/trading_manager_tasks/model_training_workflow.py,trading-manager;scheduler;historical_training;layer_01_market_regime;layer_02_sector_context;layer_03_target_state_vector;layer_04_event_failure_risk;model_05_alpha_confidence;model_06_position_projection;model_07_underlying_action;model_08_option_expression;current_physical_names;layer_01_02_foundation_catch_up;post_model_artifact_rebuild_boundary;rolling_fold_promotion;four_one_one_split,sync_artifact,"Manager-owned base Layer 1-8 workflow plan. During foundation catch-up, month-scoped workflow states expose only reusable substrate data_acquisition and feature_generation for Layers 1-2 before target-specific work; base model generation/evaluation/Promotion Review belong to fold-scoped model/promotion work after frozen 4+1+1 manifests exist. Event intelligence / current source_09_event_risk_governor is excluded from this base graph and belongs to the separate Layer 9 risk-governor overlay.",2026-05-10 01:29:01.117699-04,2026-05-17 02:23:46.500631-04
art_MMTW002,artifact_type,MANAGER_MODEL_TRAINING_WORKFLOW_STATE,text,manager_model_training_workflow_state,trading-manager/src/trading_manager_tasks/model_training_state.py,trading-manager;scheduler;historical_training;manager_model_training_workflow_plan;component_completion_receipt;layer_01_02_foundation_catch_up;historical_substrate_reuse;event_risk_governor_separate;current_physical_names,sync_artifact,"Manager-owned durable base Layer 1-8 workflow state. Month-scoped checkpoints count foundation catch-up progress from reusable Layer 1/2 data acquisition and feature generation substrate, allowing chronological advancement before target-specific Layers 3-8 scheduling. Event-risk-governor state is separate Layer 9 overlay state.",2026-05-10 01:34:42.821589-04,2026-05-17 02:23:46.500631-04
art_MMPD001,artifact_type,MANAGER_PROVIDER_DISPATCH_SUMMARY,text,manager_provider_dispatch_summary,trading-manager/src/trading_manager_tasks/provider_dispatch.py,trading-manager;autonomous_historical_provider_acquisition;layer_01_market_regime;01_feed_alpaca_bars,sync_artifact,"Manager-side summary for autonomous historical provider dispatch. Records request count, dispatch count, provider-call count, and per-request commands/receipt paths; it does not approve model activation, broker execution, order construction, or account mutation.",2026-05-10 01:37:08.090057-04,2026-05-17 02:10:11.268482-04
art_MTS003,artifact_type,MANAGER_REQUEST_PARAMETER_PAYLOAD,text,manager_request_parameter_payload,trading-manager/docs/95_task_system.md,task_system;manager_request;input_binding;parameter_ref;request_payload;monthly_backfill,sync_artifact,Component-readable request parameter payload stored behind manager_request.parameter_ref and recorded through request-scoped input_binding metadata; payload bodies remain out of manager SQL.,2026-05-09 02:21:29.362258-04,2026-05-17 02:10:11.268482-04
art_MSDS001,artifact_type,MANAGER_SCHEDULER_DAEMON_STATE,text,manager_scheduler_daemon_state,trading-manager/src/trading_manager_tasks/scheduler_daemon.py,trading-manager;scheduler;historical_training;daemon;checkpoint;resume,sync_artifact,"Checkpoint artifact for the resident historical-training scheduler daemon: records tick counters, last decision status/reason, next internal stage, last error, month scope, and resume support.",2026-05-10 01:19:30.338532-04,2026-05-17 02:10:11.268482-04
art_MSDV001,artifact_type,MANAGER_SCHEDULER_DECISION,text,manager_scheduler_decision,trading-manager/src/trading_manager_tasks/scheduler.py,trading-manager;scheduler;task_summary;manager_request;ready_signal;autonomous_historical_provider_acquisition,sync_artifact,"One scheduler tick decision artifact: records allowed/backoff/executed status, resource gate state, selected work, next internal stage, command preview, and safety counters. Historical provider acquisition can advance automatically; model activation and broker/execution mutation remain false unless separately approved.",2026-05-10 00:56:53.905915-04,2026-05-17 02:10:11.268482-04
art_MGRSCOV001,artifact_type,MANAGER_STAGE_COVERAGE,text,manager_stage_coverage,trading-manager/docs/95_task_system.md,manager_model_training_workflow_state;task_summary;ready_signal;manager_request,sync_artifact,Stage-level coverage report derived from manager task_summary. It distinguishes partial task readiness from full workflow-stage completion and is required before downstream workflow unlock.,2026-05-10 09:40:38.817704-04,2026-05-17 02:10:11.268482-04
art_MMSE001,artifact_type,MANAGER_STAGE_EXECUTION_SUMMARY,text,manager_stage_execution_summary,trading-manager/src/trading_manager_tasks/stage_executor.py,trading-manager;manager_model_training_workflow_state;component_completion_receipt;offline_feature_generation;offline_model_generation;offline_model_evaluation;promotion;maintenance,sync_artifact,"Manager-side summary for executing one ready safe offline workflow stage. Records command, return code, logs, receipt path, and confirms zero provider calls, zero model activation, and zero broker execution.",2026-05-10 01:41:22.515425-04,2026-05-17 02:10:11.268482-04
art_MTS001,artifact_type,MANAGER_TASK_SYSTEM_REHEARSAL_ARTIFACT,text,manager_task_system_rehearsal,trading-manager/docs/95_task_system.md,task_system;manager_request;run_manifest;artifact_ref;ready_signal;task_summary;rehearsal,sync_artifact,"Deterministic in-memory rehearsal artifact for exercising manager request, component completion receipt, run manifest, artifact ref, ready signal, and task-summary-like rows before SQL writes or live component dispatch.",2026-05-08 21:37:44.581347-04,2026-05-17 02:10:11.268482-04
art_MSH004,artifact_type,MODEL_EVAL_LABELS_ARTIFACT,text,model_eval_labels,trading-storage/main/templates/contracts/artifact.md,artifact_ref;trading-model;model_evaluation;promotion_evidence,registry_only,Artifact type for durable model evaluation labels.,2026-05-08 04:30:17.843955-04,2026-05-17 02:10:11.268482-04
art_DASHRM005,artifact_type,MODEL_LAYER_READINESS_SUMMARY,text,model_layer_readiness_summary,trading-dashboard/docs/09_dashboard_read_models.md;trading-storage/docs/97_dashboard_summary_layout.md,trading-dashboard;model_layers;readiness;dashboard_read_model;layers_1_9,sync_artifact,"Owner-facing model layer readiness summary for the accepted nine-layer conceptual map, parameters, versions, metrics, blockers, current physical-name caveats, and promotion posture.",2026-05-12 04:04:19.830207-04,2026-05-17 02:10:11.268482-04
art_MSH003,artifact_type,MODEL_OUTPUT_ARTIFACT,text,model_output,trading-storage/main/templates/contracts/artifact.md,artifact_ref;trading-model;model_generate,registry_only,Artifact type for durable model output rows/files.,2026-05-08 04:30:17.843955-04,2026-05-17 02:10:11.268482-04
art_MSH005,artifact_type,MODEL_PROMOTION_EVIDENCE_ARTIFACT,text,model_promotion_evidence,trading-storage/main/templates/contracts/artifact.md,artifact_ref;trading-model;model_promotion;promotion_evidence,registry_only,Artifact type for durable model promotion evidence packages.,2026-05-08 04:30:17.843955-04,2026-05-17 02:10:11.268482-04
art_DASHRM006,artifact_type,MODEL_PROMOTION_POSTURE_SUMMARY,text,model_promotion_posture_summary,trading-dashboard/docs/09_dashboard_read_models.md;trading-storage/docs/97_dashboard_summary_layout.md,trading-dashboard;model_promotion;activation_posture;dashboard_read_model;agent_decision_evidence,sync_artifact,Owner-facing model promotion posture summary. Dashboard reports blocked/deferred/eligible/approved/rejected/revoked/superseded posture and never activates models.,2026-05-12 04:04:19.830207-04,2026-05-17 02:10:11.268482-04
art_EXEC_RT001,artifact_type,REALTIME_CAPTURE_CONTRACT,text,realtime_capture_contract,trading-execution/src/trading_execution/market_data/contracts.py,trading-execution;trading-manager;trading-model;forward_holdout;shadow_monitoring;run_manifest;artifact_ref;ready_signal,sync_artifact,"Append-only point-in-time realtime capture contract for future forward-validation and shadow-monitoring evidence. Requires frozen model/config refs, model output refs, dataset role, label maturity, outcome labels, and manager/storage handoff refs.",2026-05-11 04:35:24.928247-04,2026-05-17 02:10:11.268482-04
art_DASHRM008,artifact_type,REALTIME_SIGNAL_SUMMARY,text,realtime_signal_summary,trading-dashboard/docs/09_dashboard_read_models.md;trading-storage/docs/97_dashboard_summary_layout.md,trading-dashboard;realtime_signals;dashboard_read_model;future_parked,sync_artifact,Parked future owner-facing realtime signal summary. Use only after realtime evidence is mature enough to avoid fabricated signal metrics.,2026-05-12 04:04:19.830207-04,2026-05-17 02:10:11.268482-04
art_DASHRM004,artifact_type,REALTIME_TASK_PROGRESS_SUMMARY,text,realtime_task_progress_summary,trading-dashboard/docs/09_dashboard_read_models.md;trading-storage/docs/97_dashboard_summary_layout.md,trading-dashboard;realtime_trading;task_progress;dashboard_read_model;parked_shadow_paper_live_states,sync_artifact,"Owner-facing realtime task progress summary. It must plainly distinguish parked, shadow, paper, and live states without fabricating signal/performance metrics.",2026-05-12 04:04:19.830207-04,2026-05-17 02:10:11.268482-04
art_DASHRM007,artifact_type,REGISTRY_DICTIONARY_PROFILE,text,registry_dictionary_profile,trading-dashboard/docs/09_dashboard_read_models.md;trading-storage/docs/97_dashboard_summary_layout.md,trading-dashboard;registry_dictionary;field_profiles;hover_profiles;read_only_explanation,sync_artifact,Read-only registry dictionary and field-profile summary for dashboard explanations. It is not a registry editor or governance replacement.,2026-05-12 04:04:19.830207-04,2026-05-17 02:10:11.268482-04
art_MSH006,artifact_type,REGISTRY_SNAPSHOT_ARTIFACT,text,registry_snapshot,trading-storage/main/templates/contracts/artifact.md,artifact_ref;trading-manager;registry,registry_only,Artifact type for durable registry snapshots such as current.csv exports.,2026-05-08 04:30:17.843955-04,2026-05-17 02:10:11.268482-04
art_MPR001,artifact_type,REVIEW_DECISION_ARTIFACT,text,review_decision,trading-manager/docs/96_model_promotion.md,review_decision;model_promotion_review;promotion_control_plane;activation_record,sync_artifact,"Generic manager review decision artifact. Deferred, rejected, failed, partial, revoked, or superseded decisions cannot activate configs; activation requires an approving review_decision.",2026-05-09 03:32:33.848588-04,2026-05-17 02:10:11.268482-04
art_DASHRM009,artifact_type,RUNTIME_DECISION_QUALITY_SUMMARY,text,runtime_decision_quality_summary,trading-dashboard/docs/09_dashboard_read_models.md;trading-storage/docs/97_dashboard_summary_layout.md,trading-dashboard;runtime_decision_quality;shadow_outcomes;dashboard_read_model;future_parked,sync_artifact,Parked future owner-facing runtime decision quality summary for matured realtime/shadow outcome labels.,2026-05-12 04:04:19.830207-04,2026-05-17 02:10:11.268482-04
art_AGENTERR001,artifact_type,SERVER_ERROR_AGENT_REQUEST,text,server_error_agent_request,trading-manager/src/trading_manager_tasks/agent_error_handler.py,server_wide_agent_error_handoff;agent_diagnosis;safe_repair;bounded_evidence,sync_artifact,"Standard request artifact submitted after an error. It carries component/repo/scope, command, exit code, log/evidence refs, allowed actions, forbidden actions, and the agent prompt.",2026-05-13 08:34:26.591917-04,2026-05-17 02:10:11.268482-04
art_AGENTERR003,artifact_type,SERVER_ERROR_CATALOG_ENTRY,text,server_error_catalog_entry,trading-manager/storage/runtime/agent_error_handling/server_error_catalog.jsonl,server_wide_agent_error_handoff;human_error_number;owner_followup;discord_alert,sync_artifact,Append-only catalog row assigning each server error a human-facing number such as ERR-000001 while preserving the stable machine request id.,2026-05-13 08:54:20.703493-04,2026-05-17 02:10:11.268482-04
art_AGENTERR004,artifact_type,SERVER_ERROR_CATALOG_OCCURRENCE,text,server_error_catalog_occurrence,trading-manager/storage/runtime/agent_error_handling/server_error_catalog.jsonl,server_wide_agent_error_handoff;deduplication;human_error_number;discord_alert,sync_artifact,Append-only occurrence row for a duplicate server error within the dedup window. It reuses the original ERR number rather than allocating a new owner-facing error.,2026-05-13 09:15:26.640232-04,2026-05-17 02:10:11.268482-04
art_DASHRM011,artifact_type,STORAGE_LIFECYCLE_STATUS_SUMMARY,text,storage_lifecycle_status_summary,trading-dashboard/docs/09_dashboard_read_models.md;trading-storage/docs/96_dashboard_read_models.md;trading-storage/docs/97_dashboard_summary_layout.md,trading-dashboard;trading-storage;storage_lifecycle;dashboard_read_model;future_parked,sync_artifact,"Parked future owner-facing storage lifecycle posture summary for disk pressure, protected-set status, latest scan, archive/delete receipts, restore status, and lifecycle alerts.",2026-05-12 04:04:19.830207-04,2026-05-17 02:10:11.268482-04
art_TL2CTXREV002,artifact_type,TARGET_LAYER2_CONTEXT_AGENT_REVIEW_DECISION,text,target_layer2_context_agent_review_decision,trading-manager/src/trading_manager_tasks/target_context_review.py,target_layer2_context_agent_review;approved;deferred;rejected;queued;agent_call_failed,sync_artifact,"Decision artifact produced or queued by the target context review helper. It may approve, defer, or reject mapping rows but has no provider, model activation, broker/account, storage lifecycle, or Layer 1/2 universe mutation side effects.",2026-05-14 06:02:47.364876-04,2026-05-17 02:10:11.268482-04
art_TL2CTXREV001,artifact_type,TARGET_LAYER2_CONTEXT_AGENT_REVIEW_REQUEST,text,target_layer2_context_agent_review_request,trading-manager/src/trading_manager_tasks/target_context_review.py,target_layer2_context_agent_review;target_layer2_context_mapping;bounded_evidence;script_called_agent_review,sync_artifact,"Request artifact containing selected target context mapping rows, required checks, forbidden actions, and the prompt for a reviewer agent.",2026-05-14 06:02:47.364876-04,2026-05-17 02:10:11.268482-04
art_DASHRM010,artifact_type,TRADING_PERFORMANCE_SUMMARY,text,trading_performance_summary,trading-dashboard/docs/09_dashboard_read_models.md;trading-storage/docs/97_dashboard_summary_layout.md,trading-dashboard;trading_performance;shadow_paper_live;dashboard_read_model;future_parked,sync_artifact,"Parked future owner-facing trading performance summary. Shadow, paper, and live performance must remain distinct.",2026-05-12 04:04:19.830207-04,2026-05-17 02:10:11.268482-04
fld_MRRS002,classification_field,COMBINATION_TYPE,field_name,combination_type,trading-storage/main/shared/layer_01_02_market_context_relative_strength_combinations.csv,market_regime_relative_strength_combinations;trading-data;market_regime_model,sync_artifact,"Classification axis for the reviewed combination role, such as primary, sector_rotation, or daily_context.",2026-04-29 17:28:39.068078-04,2026-05-17 02:10:11.268482-04
fld_MI7EVT02,classification_field,EVENT_CATEGORY_TYPE,field_name,event_category_type,,source_09_event_risk_governor,sync_artifact,"Classification value: stable lowercase token for event_category_type. Accepted values include macro_data, macro_news, sector_news, symbol_news, sec_filing, option_abnormal_activity, equity_abnormal_activity, and price_action.",2026-04-28 18:29:23.371007-04,2026-05-17 02:10:11.268482-04
fld_EVT040,classification_field,EVENT_DEDUP_STATUS,field_name,dedup_status,trading-data/src/data_source/source_09_event_risk_governor/README.md,source_09_event_risk_governor;event_risk_governor;event_context_vector,sync_artifact,"Classification value: stable lowercase token for event deduplication status such as canonical, covered_by_canonical_event, duplicate_of_canonical_event, related_followup, new_information, or unresolved. Covered duplicate news must not create independent event-factor alpha.",2026-05-07 03:35:21.299816-04,2026-05-17 02:10:11.268482-04
fld_MEU003,classification_field,EXPOSURE_TYPE,field_name,exposure_type,trading-storage/main/shared/layer_01_02_market_context_etf_universe.csv,market_regime_etf_universe;source_02_target_candidate_holdings,sync_artifact,"market/sector/theme exposure classification type such as us_equity_core, sp500_sector, industry_chain, thematic_growth, crypto_beta, commodities, credit, rates_curve, or usd_volatility Classification value should use a stable lowercase token vocabulary unless the source contract explicitly requires another reviewed encoding.",2026-04-28 03:44:05.912602-04,2026-05-17 02:10:11.268482-04
fld_MI7EVT01,classification_field,INFORMATION_ROLE_TYPE,field_name,information_role_type,,source_09_event_risk_governor,sync_artifact,Classification value: stable lowercase token for information_role_type.,2026-04-28 18:29:23.371007-04,2026-05-17 02:10:11.268482-04
fld_MODLAY001,classification_field,MODEL_LAYER,field_name,model_layer,trading-storage/main/shared/layer_01_02_market_context_etf_universe.csv,market_regime_etf_universe;market_regime_relative_strength_combinations;shared_market_context_static_assets,sync_artifact,Shared CSV classification field that explicitly assigns each reviewed row to layer_01_market_regime or layer_02_sector_context so Layer 1 market-state construction and Layer 2 sector-context observation do not depend on implicit combination or universe type semantics.,2026-05-05 11:10:40.29784-04,2026-05-17 02:10:11.268482-04
fld_OPT003,classification_field,OPTION_RIGHT_TYPE,field_name,option_right_type,,source_05_option_expression;source_06_position_execution,sync_artifact,option contract right/type such as CALL or PUT. Classification value should use a stable lowercase token vocabulary unless the source contract explicitly requires another reviewed encoding.,2026-04-26 21:55:13.803407-04,2026-05-17 02:10:11.268482-04
fld_MI7EVT04,classification_field,REFERENCE_TYPE,field_name,reference_type,,source_09_event_risk_governor,sync_artifact,Classification value: stable lowercase token for reference_type.,2026-04-28 18:29:23.371007-04,2026-05-17 02:10:11.268482-04
fld_R9K2H7AP,classification_field,REGISTRY_ITEM_ARTIFACT_SYNC_POLICY_TYPE,field_name,artifact_sync_policy_type,,trading_registry,sync_artifact,semantic artifact sync policy type field corresponding to trading_registry.artifact_sync_policy. Classification value should use a stable lowercase token vocabulary unless the source contract explicitly requires another reviewed encoding.,2026-04-27 01:08:42.574835-04,2026-05-17 02:10:11.268482-04
fld_M4N8X2KD,classification_field,REGISTRY_ITEM_KIND,field_name,kind,,trading_registry,sync_artifact,canonical column name for trading_registry.kind Classification value should use a stable lowercase token vocabulary unless the source contract explicitly requires another reviewed encoding.,2026-04-25 21:10:25.004346-04,2026-05-17 02:10:11.268482-04
fld_MI7EVT03,classification_field,SCOPE_TYPE,field_name,scope_type,,source_09_event_risk_governor,sync_artifact,Classification value: stable lowercase token for scope_type.,2026-04-28 18:29:23.371007-04,2026-05-17 02:10:11.268482-04
fld_ETFH012,classification_field,SECTOR_TYPE,field_name,sector_type,,source_02_target_candidate_holdings;source_09_event_risk_governor,sync_artifact,issuer-published sector taxonomy label for an ETF holding constituent. Classification value should use a stable lowercase token vocabulary unless the source contract explicitly requires another reviewed encoding.,2026-04-27 16:51:02.179007-04,2026-05-17 02:10:11.268482-04
fld_MI5SNP01,classification_field,SNAPSHOT_TYPE,field_name,snapshot_type,,source_05_option_expression,sync_artifact,Classification value: stable lowercase token for snapshot_type.,2026-04-28 18:29:23.371007-04,2026-05-17 02:10:11.268482-04
fld_TL2CTX011,classification_field,TARGET_LAYER2_CONTEXT_REVIEW_STATUS,field_name,review_status,trading-storage/main/shared/layer_02_target_context_mapping.csv,target_layer2_context_mapping;target_layer2_context_mapping_v1,sync_artifact,Review status for the target-to-context mapping row.,2026-05-14 05:41:34.037666-04,2026-05-17 02:10:11.268482-04
fld_TL2CTX002,classification_field,TARGET_LAYER2_CONTEXT_TARGET_ASSET_CLASS,field_name,target_asset_class,trading-storage/main/shared/layer_02_target_context_mapping.csv,target_layer2_context_mapping;target_layer2_context_mapping_v1;layer_03_plus_target_study,sync_artifact,Target asset class such as crypto_spot or equity_common.,2026-05-14 05:41:34.037666-04,2026-05-17 02:10:11.268482-04
fld_TL2CTX005,classification_field,TARGET_LAYER2_MAPPING_METHOD_TYPE,field_name,layer2_mapping_method_type,trading-storage/main/shared/layer_02_target_context_mapping.csv,target_layer2_context_mapping;target_layer2_context_mapping_v1,sync_artifact,"Reviewed method type used to map the target to Layer 2 context, such as crypto_business_context, primary_business_context, secondary_sector_context, industry_chain_context, or weak_demand_side_context.",2026-05-14 05:41:34.037666-04,2026-05-17 02:10:11.268482-04
fld_TL2CTX008,classification_field,TARGET_OPTIONABLE_PROXY_STATUS,field_name,optionable_proxy_status,trading-storage/main/shared/layer_02_target_context_mapping.csv,target_layer2_context_mapping;target_layer2_context_mapping_v1;crypto_target_proxy,sync_artifact,"Reviewed option-use status for the optionable proxy candidate, e.g. accepted_optionable_proxy, verify_before_option_use, or not_applicable when no auxiliary proxy is used.",2026-05-14 05:41:34.037666-04,2026-05-17 02:10:11.268482-04
fld_TL2CTX009,classification_field,TARGET_PROXY_ROLE_TYPE,field_name,proxy_role_type,trading-storage/main/shared/layer_02_target_context_mapping.csv,target_layer2_context_mapping;target_layer2_context_mapping_v1;crypto_target_proxy,sync_artifact,"Role type of the target-specific proxy or direct-equity no-proxy row, such as spot_etf_optionable_proxy_type or no_auxiliary_proxy_type.",2026-05-14 05:41:34.037666-04,2026-05-17 02:10:11.268482-04
fld_MEU002,classification_field,UNIVERSE_TYPE,field_name,universe_type,trading-storage/main/shared/layer_01_02_market_context_etf_universe.csv,market_regime_etf_universe;source_02_target_candidate_holdings,sync_artifact,"classification type for an instrument inside a curated universe, such as market_state_etf or sector_observation_etf Classification value should use a stable lowercase token vocabulary unless the source contract explicitly requires another reviewed encoding.",2026-04-28 03:44:05.912602-04,2026-05-17 02:10:11.268482-04
cfg_ABNCOV004,config,ABNORMALITY_COVERAGE_BEFORE_CROSS_SECTION_JUDGMENT_POLICY,text,complete_abnormality_evidence_before_final_judgment;adding_symbols_does_not_fix_missing_abnormality_fields;pilots_may_find_hypotheses_but_must_not_promote,trading-manager/docs/81_decision.md,activity_price_relationship_study;manager_control_plane;proof_gate,sync_artifact,Manager policy: cross-sectional breadth cannot substitute for missing abnormality evidence fields.,2026-05-15 06:07:04.780172-04,2026-05-17 02:10:11.268482-04
cfg_ABNCOV001,config,ABNORMALITY_COVERAGE_COMPLETE_REQUIRED_FAMILIES,text,price_action_pattern;residual_market_structure_disturbance;microstructure_liquidity_disruption;option_derivatives_abnormality,trading-model/docs/99_activity_price_relationship_study.md,activity_price_relationship_study;event_activity_bridge;abnormal_activity;proof_gate,sync_artifact,Accepted abnormal-activity families that must be represented before directional or promotion judgment.,2026-05-15 06:07:04.780172-04,2026-05-17 02:10:11.268482-04
cfg_ABNCOV003,config,ABNORMALITY_INCOMPLETE_DIAGNOSTIC_STATUS,text,diagnostic_only_abnormality_incomplete,trading-model/docs/99_activity_price_relationship_study.md,activity_price_relationship_study;model_promotion;manager_review,sync_artifact,Status for pilots that may debug label shape but cannot support final directional conclusion or model-layer promotion.,2026-05-15 06:07:04.780172-04,2026-05-17 02:10:11.268482-04
cfg_APDIR002,config,ACTIVITY_DIRECTIONAL_PROOF_METRICS,text,activity_direction_bias_score;activity_direction_confidence_score;signed_directional_forward_return;directional_hit_rate;opposite_direction_failure_rate;mixed_direction_conflict_score,trading-model/docs/99_activity_price_relationship_study.md,activity_price_relationship_study;directional_classification;training_labels;event_activity_bridge,sync_artifact,Metrics for the second activity-price gate: whether point-in-time activity orientation predicts signed forward direction.,2026-05-15 05:35:29.745742-04,2026-05-17 02:10:11.268482-04
cfg_APDIR001,config,ACTIVITY_DIRECTION_CLASSES,text,bullish_activity;bearish_activity;neutral_activity;mixed_or_conflicting_activity;unknown_direction_activity,trading-model/docs/99_activity_price_relationship_study.md,activity_price_relationship_study;abnormal_activity;event_activity_bridge;option_activity,sync_artifact,"Direction classes for abnormal activity. Direction must come from point-in-time evidence, not future labels.",2026-05-15 05:35:29.745742-04,2026-05-17 02:10:11.268482-04
cfg_APDIR004,config,ACTIVITY_DIRECTION_EXAMPLE_MAPPING,text,call_buying_surge=bullish_activity;call_sweep_ask_side=bullish_activity;put_buying_surge=bearish_activity;put_sweep_ask_side=bearish_activity;positive_residual_return=bullish_activity;negative_residual_return=bearish_activity;high_liquidity_sweep_reversal=bearish_activity;low_liquidity_sweep_reversal=bullish_activity;iv_expansion_without_side=unknown_direction_activity;mixed_call_put_flow=mixed_or_conflicting_activity,trading-model/docs/99_activity_price_relationship_study.md,activity_price_relationship_study;abnormal_activity;option_activity;directional_classification,sync_artifact,Initial directional evidence mapping for testing. Mapping is a hypothesis and must be evaluated by signed directional forward labels.,2026-05-15 05:35:29.745742-04,2026-05-17 02:10:11.268482-04
cfg_APXS001,config,ACTIVITY_PRICE_CROSS_SECTION_STUDY_REQUIRED,text,required_before_event_activity_bridge_model_promotion,trading-model/docs/99_activity_price_relationship_study.md,activity_price_relationship_proof_gate;event_activity_bridge;event_risk_governor;model_promotion,sync_artifact,"The activity-price proof gate must be cross-sectional across size buckets, sector/theme buckets, and event families; one story stock is insufficient for model-layer promotion.",2026-05-15 05:22:11.880622-04,2026-05-17 02:10:11.268482-04
cfg_APDN002,config,ACTIVITY_PRICE_DIRECTION_NEUTRAL_LABELS,text,absolute_forward_return;forward_path_range;max_favorable_excursion;max_adverse_excursion;tradeable_excursion;forward_volatility_expansion;forward_gap_or_jump_abs;path_asymmetry,trading-model/docs/99_activity_price_relationship_study.md,activity_price_relationship_study;training_labels;direction_neutral_tradability;abnormal_activity,sync_artifact,Direction-neutral label families for the first activity-price proof gate.,2026-05-15 05:31:27.677758-04,2026-05-17 02:10:11.268482-04
cfg_APDN001,config,ACTIVITY_PRICE_PROOF_PRIMARY_METRIC_POLICY,text,direction_neutral_tradability_first,trading-model/docs/99_activity_price_relationship_study.md,activity_price_relationship_study;activity_price_relationship_proof_gate;event_activity_bridge;model_promotion,sync_artifact,Primary proof must evaluate absolute movement and tradeable path expansion because downside paths are tradable. Signed average forward return is secondary.,2026-05-15 05:31:27.677758-04,2026-05-17 02:10:11.268482-04
cfg_APRF001,config,ACTIVITY_PRICE_RELATIONSHIP_FORWARD_LABEL_FAMILIES,text,forward_return;forward_drawdown;forward_reversal;forward_volatility_expansion;forward_gap_or_jump;path_asymmetry,trading-model/docs/10_layer_09_event_risk_governor.md,event_activity_bridge;training_labels;model_evaluation;abnormal_activity,sync_artifact,Forward label families used to test whether abnormal activity has a stable relationship to subsequent price/path outcomes.,2026-05-15 04:59:31.879253-04,2026-05-17 02:10:11.268482-04
cfg_APRG001,config,ACTIVITY_PRICE_RELATIONSHIP_PROOF_GATE,text,required_before_event_activity_bridge_model_promotion,trading-model/docs/10_layer_09_event_risk_governor.md,event_activity_bridge;event_risk_governor;abnormal_activity;model_promotion;training_labels,sync_artifact,Abnormal activity must prove stable point-in-time forward price/path relationship before becoming a separate model layer or risk-intervention input.,2026-05-15 04:59:31.879253-04,2026-05-17 02:10:11.268482-04
cfg_APRL001,config,ACTIVITY_PRICE_RELATIONSHIP_PROOF_LEVELS,text,contemporaneous_association;forward_price_path_relationship;incremental_residual_value;cross_market_confirmation_value;out_of_sample_stability,trading-model/docs/10_layer_09_event_risk_governor.md,event_activity_bridge;model_evaluation;model_promotion;abnormal_activity,sync_artifact,Required proof levels. Current-window association alone is insufficient; forward and incremental residual evidence are required.,2026-05-15 04:59:31.879253-04,2026-05-17 02:10:11.268482-04
cfg_APRC001,config,ACTIVITY_PRICE_RELATIONSHIP_REQUIRED_CONTROLS,text,market_context;sector_context;peer_context;target_state;ordinary_bar_volume_liquidity_volatility_features;scheduled_event_calendar_shells;time_of_day_day_of_week_month_effects;broad_market_liquidity_volatility_regime,trading-model/docs/10_layer_09_event_risk_governor.md,event_activity_bridge;model_evaluation;leakage_control;abnormal_activity,sync_artifact,Controls required before abnormal activity can claim incremental residual value over existing market-data and model-stack information.,2026-05-15 04:59:31.879253-04,2026-05-17 02:10:11.268482-04
cfg_APRH001,config,ACTIVITY_PRICE_RELATIONSHIP_TEST_HORIZONS,text,5m;30m;1h;1d;5d;20d,trading-model/docs/10_layer_09_event_risk_governor.md,event_activity_bridge;training_labels;model_evaluation;abnormal_activity,sync_artifact,Initial short and event-relevant horizons for abnormal-activity to forward-price/path relationship tests.,2026-05-15 04:59:31.879253-04,2026-05-17 02:10:11.268482-04
cfg_APRW001,config,ACTIVITY_PRICE_RELATIONSHIP_WINDOW_SEPARATION_POLICY,text,activity_detection_window;event_availability_window;forward_label_window,trading-model/docs/10_layer_09_event_risk_governor.md;trading-data/src/data_source/source_09_event_risk_governor/README.md,event_activity_bridge;trading-data;training_labels;leakage_control;layer_09_event_risk_governor;current_physical_names,sync_artifact,"Detector inputs, event availability, and forward labels must use separate windows so price-derived abnormality is not validated against the same interval that created it. This is Layer 9 event-governor evidence unless promoted into Layer 4 event-failure-risk scope by reviewed evidence.",2026-05-15 04:59:31.879253-04,2026-05-17 02:20:25.031338-04
cfg_APDN003,config,ACTIVITY_PRICE_SECONDARY_DIRECTIONAL_LABELS,text,signed_forward_return;forward_drawdown;forward_reversal;close_to_close_continuation;open_gap_followthrough;intraday_absorption_score,trading-model/docs/99_activity_price_relationship_study.md,activity_price_relationship_study;training_labels;directional_classification;abnormal_activity,sync_artifact,Secondary directional labels used after direction-neutral tradability is established.,2026-05-15 05:31:27.677758-04,2026-05-17 02:10:11.268482-04
cfg_APXS006,config,ACTIVITY_PRICE_STUDY_ACCEPTANCE_CRITERIA,text,forward_price_path_relationship;incremental_residual_value;cross_sectional_non_story_stock_support;out_of_sample_stability;leakage_controls_passed;reviewed_failure_modes,trading-model/docs/99_activity_price_relationship_study.md,activity_price_relationship_study;model_promotion;event_activity_bridge,sync_artifact,Acceptance criteria for opening an EventActivityBridgeModel promotion task after the activity-price proof study.,2026-05-15 05:22:11.880622-04,2026-05-17 02:10:11.268482-04
cfg_APXS004,config,ACTIVITY_PRICE_STUDY_EVENT_FAMILIES,text,earnings_or_guidance;analyst_rating_or_price_target;contract_award_or_customer_order;regulatory_or_legal;financing_or_offering;product_or_partnership;macro_policy_or_geopolitical;short_report_or_investigative_claim;clinical_or_fda;prediction_market_resolution_related,trading-model/docs/99_activity_price_relationship_study.md,activity_price_relationship_study;event_family_training;event_activity_bridge,sync_artifact,Initial event-family buckets for activity-price relationship tests. Families should be evaluated separately before aggregate conclusions.,2026-05-15 05:22:11.880622-04,2026-05-17 02:10:11.268482-04
cfg_APXS007,config,ACTIVITY_PRICE_STUDY_PILOT_BASKET,text,AAPL;MSFT;NVDA;AMD;JPM;COIN;XOM;CVX;LLY;PFE;RKLB;ACHR;ASTS;RCAT;CAVA;ELF;VKTX;SAVA,trading-model/docs/99_activity_price_relationship_study.md,activity_price_relationship_study;pilot_basket;cohort_design,sync_artifact,"Initial pilot basket for cross-sectional proof. It is replaceable when liquidity, coverage, or corporate-action quality is insufficient.",2026-05-15 05:22:11.880622-04,2026-05-17 02:10:11.268482-04
cfg_APXS005,config,ACTIVITY_PRICE_STUDY_REQUIRED_COMPARISONS,text,all_eligible_windows;abnormal_activity_windows;non_abnormal_windows;event_only_windows;event_plus_abnormal_windows;abnormal_without_visible_event_windows;pre_event_abnormal_later_explained_windows;event_activity_divergence_windows,trading-model/docs/99_activity_price_relationship_study.md,activity_price_relationship_study;model_evaluation;event_activity_bridge,sync_artifact,Required comparison groups for the cross-sectional activity-price relationship proof study.,2026-05-15 05:22:11.880622-04,2026-05-17 02:10:11.268482-04
cfg_APXS003,config,ACTIVITY_PRICE_STUDY_SECTOR_THEME_BUCKETS,text,technology_platform;semiconductor_ai;financials_bank_or_broker;energy_commodity;healthcare_biotech;industrial_defense_aerospace;communications_satellite;consumer_retail;crypto_sensitive,trading-model/docs/99_activity_price_relationship_study.md,activity_price_relationship_study;cohort_design;cross_section,sync_artifact,Initial sector/theme buckets for cross-sectional abnormal-activity proof.,2026-05-15 05:22:11.880622-04,2026-05-17 02:10:11.268482-04
cfg_APXS002,config,ACTIVITY_PRICE_STUDY_SIZE_BUCKETS,text,mega_large_cap;large_cap;mid_cap;small_cap;micro_or_speculative_cap,trading-model/docs/99_activity_price_relationship_study.md,activity_price_relationship_study;cohort_design;cross_section,sync_artifact,Initial size buckets for the activity-price relationship proof study.,2026-05-15 05:22:11.880622-04,2026-05-17 02:10:11.268482-04
cfg_SJZQAJ2W,config,ALPACA_SECRET_ALIAS,secret_alias,alpaca,/root/secrets/alpaca.json,trading-data;trading-execution,registry_only,"source-level secret JSON alias for Alpaca credentials and endpoint; JSON keys include api_key, secret_key, and endpoint; secret values are stored outside Git; used by trading-data historical acquisition and trading-execution read-only realtime observe",2026-04-26 00:41:00.236263-04,2026-05-17 02:10:11.268482-04
cfg_ACVBD001,config,ALPHA_CONFIDENCE_BASE_DIAGNOSTIC_SCORE_FAMILIES,text,5_base_alpha_direction_score_<horizon>;5_base_alpha_strength_score_<horizon>;5_base_expected_return_score_<horizon>;5_base_path_quality_score_<horizon>;5_base_reversal_risk_score_<horizon>;5_base_drawdown_risk_score_<horizon>;5_base_alpha_tradability_score_<horizon>,trading-model/docs/06_layer_05_alpha_confidence.md,alpha_confidence_model;base_alpha_vector;diagnostics;event_adjustment_attribution,registry_only,"Reviewed Layer 4 base/unadjusted Layer 1/2/3 alpha diagnostic score-family tokens. These are research/audit/event-attribution diagnostics, not default Layer 5-facing state_vector_value rows.",2026-05-07 01:23:20.432717-04,2026-05-17 02:10:11.268482-04
cfg_ACVBA001,config,ALPHA_CONFIDENCE_BASELINE_ADJUSTMENT_DIAGNOSTIC_SCORE_FAMILIES,text,5_market_adjusted_alpha_score_<horizon>;5_sector_adjusted_alpha_score_<horizon>;5_target_state_lift_score_<horizon>;5_idiosyncratic_alpha_score_<horizon>;5_beta_dependency_score_<horizon>,trading-model/docs/06_layer_05_alpha_confidence.md,alpha_confidence_model;base_alpha_vector;baseline_adjustment_diagnostics;event_adjustment_attribution,registry_only,"Reviewed Layer 4 baseline-adjustment diagnostic score-family tokens for separating target-specific alpha from market/sector beta. These are research/audit diagnostics, not default Layer 5-facing state_vector_value rows.",2026-05-07 02:06:51.76179-04,2026-05-17 02:10:11.268482-04
cfg_ACVEA001,config,ALPHA_CONFIDENCE_EVENT_ADJUSTMENT_DIAGNOSTIC_FIELD_FAMILIES,text,5_event_direction_adjustment_score_<horizon>;5_event_strength_adjustment_score_<horizon>;5_event_confidence_adjustment_score_<horizon>;5_event_risk_adjustment_score_<horizon>;5_event_tradability_adjustment_score_<horizon>;5_event_override_mode_<horizon>;5_event_adjustment_reason_codes_<horizon>,trading-model/docs/06_layer_05_alpha_confidence.md,alpha_confidence_model;event_context_vector;event_adjustment_diagnostics;event_adjustment_attribution,registry_only,"Reviewed Layer 4 event-attribution diagnostic field-family tokens for attributing how EventRiskGovernor context changed base alpha. These are research/audit diagnostics and reason-code fields, not default Layer 5-facing state_vector_value rows.",2026-05-07 02:06:51.76179-04,2026-05-17 02:10:11.268482-04
cfg_ACVH001,config,ALPHA_CONFIDENCE_VECTOR_HORIZONS,text,5min;15min;60min;390min,trading-model/docs/06_layer_05_alpha_confidence.md,alpha_confidence_vector;alpha_confidence_model;model_05_alpha_confidence,registry_only,Accepted AlphaConfidenceModel V1 prediction horizons. 390min means one regular US equity session-equivalent horizon measured in tradable minutes; label builders must document same-session vs next-session-close resolution and use purge/embargo controls.,2026-05-07 00:54:53.93801-04,2026-05-17 02:10:11.268482-04
cfg_ACVTP001,config,ALPHA_CONFIDENCE_VECTOR_OUTPUT_TIER_POLICY,text,base_unadjusted_diagnostic_only;final_adjusted_layer_5_facing,trading-model/docs/06_layer_05_alpha_confidence.md,alpha_confidence_model;alpha_confidence_vector;base_alpha_vector;model_06_position_projection;position_projection_vector,registry_only,"Layer 4 output-tier policy: base/unadjusted alpha from Layer 1/2/3 is diagnostic-only, while final adjusted alpha_confidence_vector is the default downstream output for PositionProjectionModel.",2026-05-07 01:23:20.432717-04,2026-05-17 02:23:46.500631-04
cfg_ACVS001,config,ALPHA_CONFIDENCE_VECTOR_SCORE_FAMILIES,text,5_alpha_direction_score_<horizon>;5_alpha_strength_score_<horizon>;5_expected_return_score_<horizon>;5_alpha_confidence_score_<horizon>;5_signal_reliability_score_<horizon>;5_path_quality_score_<horizon>;5_reversal_risk_score_<horizon>;5_drawdown_risk_score_<horizon>;5_alpha_tradability_score_<horizon>,trading-model/docs/06_layer_05_alpha_confidence.md,alpha_confidence_vector;alpha_confidence_model;model_05_alpha_confidence;state_vector_value,registry_only,"Accepted current 5_* AlphaConfidenceModel scalar score-family tokens for Layer 5. These 9 families separate alpha direction, strength, expected residual return, confidence, reliability, path quality, reversal risk, drawdown risk, and alpha-level tradability.",2026-05-07 00:54:53.93801-04,2026-05-17 02:20:25.024412-04
cfg_MSH004,config,ARTIFACT_REF_REQUIRED_FIELDS,text,contract_type;artifact_id;artifact_kind;producer_run_id;uri;created_at_utc;schema_ref;lifecycle_status,trading-manager/docs/93_contracts.md,artifact_ref;trading_manager.artifact_ref;control_plane;durable_sql;retention_managed_storage,sync_artifact,Concise required logical fields for artifact_ref. SQL stores durable reference metadata only; artifact bytes stay in storage.,2026-05-08 04:30:17.843955-04,2026-05-17 02:10:11.268482-04
cfg_BRAVESEARCH,config,BRAVE_SEARCH_SECRET_ALIAS,secret_alias,brave,/root/secrets/brave.json,trading-manager;trading-data,registry_only,source-level secret JSON alias for Brave Search API access; JSON key api_key is stored outside Git,2026-04-27 05:31:08.696833-04,2026-05-17 02:10:11.268482-04
cfg_BRWSCRAPE001,config,BROWSER_SCRAPE_COOKIE_SECRET_STORAGE,text,/root/secrets/<provider>-cookies.txt,trading-manager/docs/81_decision.md;trading-data/docs/91_data_feed.md,browser_scraped_source;secret_storage;cookie_session,registry_only,Local-only cookie jar location pattern for browser-scraped provider feeds. Cookie values remain outside Git and outside the registry.,2026-05-15 02:01:25.149797-04,2026-05-17 02:10:11.268482-04
cfg_MSH007,config,CHECKPOINT_RESUME_POLICY,text,segment_id_required;segment_status_required;last_successful_cursor_required;retry_count_recorded;provider_window_recorded;resume_must_be_idempotent;partial_segments_not_ready,trading-data/docs/96_production_hardening.md,trading-data;segmented_runs;checkpoint_resume;run_manifest,sync_artifact,Accepted checkpoint/resume evidence policy for segmented data/feed runs. Partial segments do not emit ready signals unless explicitly reviewed as partial_ready.,2026-05-08 04:30:17.843955-04,2026-05-17 02:10:11.268482-04
cfg_MTS002,config,COMPONENT_COMPLETION_RECEIPT_NORMALIZED_ROWS,text,run_manifest;artifact_ref;ready_signal,trading-manager/docs/95_task_system.md,component_completion_receipt;task_system;control_plane,sync_artifact,"A component completion receipt payload is summarized by manager as run, artifact-reference, and ready-signal rows. The receipt JSON remains storage/component-owned payload.",2026-05-08 21:37:44.581347-04,2026-05-17 02:10:11.268482-04
cfg_LPNM001,config,CURRENT_PHYSICAL_MODEL_LAYER_NAME_POLICY,text,current_physical_surfaces_aligned_with_nine_layer_order;historical_migrations_and_artifacts_unchanged,trading-manager/docs/81_decision.md,layer_04_event_failure_risk;model_05_alpha_confidence;model_06_position_projection;model_07_underlying_action;model_08_option_expression;model_09_event_risk_governor;current_physical_names;model_architecture,registry_only,"After the 2026-05-17 nine-layer reorder and physical renumbering, active script/table/package/stage names use the current Layer 4-9 numbering. Historical/applied migrations and old artifacts remain unchanged for auditability.",2026-05-15 03:40:42.121188-04,2026-05-17 02:10:11.268482-04
cfg_CPGC001,config,CURRENT_PRIOR_GUIDANCE_COMPARISON_NON_CLAIM_POLICY,text,partial_current_future_operating_context_is_not_comparable_company_guidance_and_must_not_unlock_raise_cut_guidance_surprise_signed_alpha_or_event_risk_escalation,trading-model/docs/101_earnings_guidance_event_family_packet.md,current_guidance_comparison;signed_direction_claims;event_risk_governor,sync_artifact,Primary-document partial guidance context remains direction-neutral until current earnings-release/exhibit/transcript guidance and PIT expectation baselines are accepted.,2026-05-16 01:05:03.141904-04,2026-05-17 02:10:11.268482-04
cfg_DASHRM008,config,DASHBOARD_HISTORICAL_TASK_PROGRESS_PAGE,text,web/App.tsx renders historical_task_progress_summary as a list-first Tasks page plus model-specific progress cards under Models,/root/projects/trading-dashboard/web/App.tsx,trading-dashboard;tasks;models;historical_modeling;historical_task_progress_summary;task_timeline;read_only_ui,sync_artifact,Dashboard Tasks renders a task list from task_timeline; model-specific current-month/current-stage/progress/coverage cards are shown under Models. The UI remains read-only and consumes storage-hosted summaries.,2026-05-12 05:48:04.691426-04,2026-05-17 02:10:11.268482-04
cfg_DASHRM011,config,DASHBOARD_HISTORICAL_TASK_TIMELINE,text,historical_task_progress_summary.chart_payload.task_timeline,/root/projects/trading-manager/src/trading_manager_tasks/dashboard_read_models.py,historical_task_progress_summary;dashboard_read_model;task_timeline;completed_month_groups;active_month_group;past_current_future_tasks;operational_stage_progress;expandable_task_detail,sync_artifact,"Manager-owned sanitized task timeline for dashboard Tasks. Lists completed historical month workflow states plus the active month, with past/current/future operational stage rows and compact expandable detail without exposing raw workflow internals.",2026-05-12 11:58:01.143536-04,2026-05-17 02:10:11.268482-04
cfg_DASHRM012,config,DASHBOARD_HISTORICAL_TASK_TIMELINE_DETAIL_FIELDS,text,historical_task_progress_summary.chart_payload.task_timeline[].month;historical_task_progress_summary.chart_payload.task_timeline[].detail,/root/projects/trading-manager/src/trading_manager_tasks/dashboard_read_models.py,historical_task_progress_summary;dashboard_read_model;task_timeline;completed_month_groups;month_grouping;expandable_task_detail;current_task_progress,sync_artifact,"Manager-owned sanitized fields for grouping task timeline rows by historical month and expanding a row to show blockers, receipt counts/refs, latest execution summary, and matching active-month stage-coverage progress when available. Completed historical months are sourced from durable month workflow-state files.",2026-05-12 11:58:01.143536-04,2026-05-17 02:10:11.268482-04
cfg_DASHRM006,config,DASHBOARD_READ_MODEL_ADAPTER_MODULE,text,trading_dashboard.read_models,/root/projects/trading-dashboard/src/trading_dashboard/read_models.py,dashboard_read_model;trading-dashboard;read_adapter;storage_hosted_summary;ui_ready_view,sync_artifact,Dashboard-side read adapter module for accepted storage-hosted dashboard read-model latest snapshots. It projects common-envelope summaries into UI-ready dictionaries without querying raw component internals.,2026-05-12 05:03:56.82758-04,2026-05-17 02:10:11.268482-04
cfg_DASHRM002,config,DASHBOARD_READ_MODEL_COMMON_ENVELOPE,text,contract_type;schema_version;generated_at_utc;source_system;status;severity;summary;chart_payload;profile_refs;issue_refs;diagnostic_refs;lineage_refs;freshness;schema_ref,trading-storage/docs/97_dashboard_summary_layout.md,trading-dashboard;trading-storage;dashboard_read_models;schema_validation;owner_facing_summary,sync_artifact,Common envelope fields for storage-hosted dashboard summaries. Diagnostic refs are issue-focused only; raw evidence is not primary dashboard content.,2026-05-12 04:04:19.830207-04,2026-05-17 02:10:11.268482-04
cfg_DASHRM009,config,DASHBOARD_READ_MODEL_REFRESH_CADENCE,text,30s storage refresh; websocket pushes latest.json changes; HTTP fallback polling remains available,/root/projects/trading-storage/deploy/systemd/trading-storage-dashboard-read-model-refresh.timer,trading-storage;trading-dashboard;dashboard_read_model;refresh_cadence;websocket_stream,sync_artifact,Accepted near-real-time public dashboard status cadence. Storage owns periodic read-model refresh; dashboard streams storage-hosted latest.json changes without bypassing storage boundaries.,2026-05-12 11:39:34.980376-04,2026-05-17 02:10:11.268482-04
cfg_DASHRM001,config,DASHBOARD_READ_MODEL_STORAGE_LAYOUT_POLICY,text,storage/dashboard/read_models/<contract_type>/latest.json;storage/dashboard/read_models/<contract_type>/snapshots/YYYY/MM/DD/<generated_at_utc_compact>.json;storage/dashboard/schemas/<contract_type>.schema.json;storage/dashboard/index/dashboard_read_model_index.jsonl,trading-storage/docs/97_dashboard_summary_layout.md,trading-dashboard;trading-storage;dashboard_read_models;storage_layout;read_only_presentation,sync_artifact,Storage-owned physical layout policy for dashboard summaries. Dashboard reads latest/snapshot documents from storage and must not query raw component internals as primary UI inputs.,2026-05-12 04:04:19.830207-04,2026-05-17 02:10:11.268482-04
cfg_DASHRM010,config,DASHBOARD_READ_MODEL_WEBSOCKET_STREAM,text,/ws/read-models/<contract_type>/latest,/root/projects/trading-dashboard/vite.config.ts,trading-dashboard;websocket;dashboard_read_model;historical_task_progress_summary;read_only_stream,sync_artifact,"Read-only WebSocket route that streams storage-hosted dashboard read-model latest.json snapshots to public dashboard clients. It performs no provider calls, manager dispatch, model activation, broker execution, account mutation, or storage writes.",2026-05-12 11:39:34.980376-04,2026-05-17 02:10:11.268482-04
cfg_DASHDATA001,config,DASHBOARD_SOURCE_OUTPUT_FRESHNESS_CLASSES,text,heartbeat;event_driven,trading-storage/docs/96_dashboard_read_models.md;trading-dashboard/docs/05_decision.md,current_system_status_summary;dashboard_data;source_artifact_freshness;owner_facing_status,sync_artifact,Accepted freshness classes for Dashboard Data source-output rows. Heartbeat rows indicate service health; event-driven rows indicate latest source event/progress write.,2026-05-13 22:21:03.381743-04,2026-05-17 02:10:11.268482-04
cfg_DASHRM013,config,DASHBOARD_TASK_COMPLETED_MONTH_VISIBILITY_GUARD,text,dashboard_task_timeline_excludes_months_after_completed_historical_month_cutoff,/root/projects/trading-manager/src/trading_manager_tasks/dashboard_read_models.py;/root/projects/trading-manager/src/trading_manager_tasks/scheduler_daemon.py,historical_task_progress_summary;dashboard_read_model;task_timeline;completed_month_cutoff;current_month_guard,sync_artifact,"Dashboard task timelines apply the completed historical month cutoff in addition to scheduler worker selection, so stale daemon state or pre-created workflow files cannot expose the current incomplete calendar month as a Ready task.",2026-05-14 11:48:11.978061-04,2026-05-17 02:10:11.268482-04
cfg_DASHRM007,config,DASHBOARD_WEB_RUNTIME_STACK,text,Vite + React + TypeScript,/root/projects/trading-dashboard/package.json,trading-dashboard;website_runtime;first_slice;read_only_presentation,sync_artifact,Accepted first dashboard website/runtime stack for read-only storage-hosted dashboard summaries.,2026-05-12 05:48:04.691426-04,2026-05-17 02:10:11.268482-04
cfg_MSH006,config,DATA_PRODUCTION_HARDENING_POLICY,text,provider_dispatch_managed_by_manager_controls;retry_backoff_required_for_provider_calls;checkpoint_resume_required_for_segmented_runs;durable_manifest_required;ready_signal_required_for_downstream_consumption;secrets_by_alias_only;ignored_local_storage_not_durable,trading-data/docs/96_production_hardening.md,trading-data;trading-manager;production_hardening;data_source;data_feed;control_plane;historical_provider_acquisition,sync_artifact,Production hardening policy for trading-data/provider access. Historical provider acquisition runs autonomously under manager controls; production model activation and broker/account mutation remain outside this policy.,2026-05-08 04:30:17.843955-04,2026-05-17 02:10:11.268482-04
cfg_DATABUNDLES,config,DATA_SOURCES_GLOBAL_CONFIG_DEPRECATED,text,deprecated,,trading-data;data_source,registry_only,Deprecated placeholder: data bundle configs now live inside each bundle folder as config.json rather than under data_source/configs/,2026-04-28 01:11:35.308994-04,2026-05-17 02:10:11.268482-04
cfg_J7D1K5RP,config,DEFAULT_TIMEZONE,timezone,America/New_York,,,registry_only,default shared timezone for this server,2026-04-25 21:10:25.004346-04,2026-05-17 02:10:11.268482-04
cfg_EGBS002,config,EARNINGS_GUIDANCE_BASELINE_REVENUE_AND_GUIDANCE_ROUTE_GAP,text,existing_nasdaq_calendar_audit_found_zero_revenue_consensus_or_guidance_expectation_baselines,trading-model/docs/101_earnings_guidance_event_family_packet.md,earnings_guidance_event_family;expectation_baseline;revenue_consensus;guidance_expectation,sync_artifact,Existing audited calendar artifacts do not provide revenue consensus or prior-guidance/guidance-consensus baselines; separate source routes remain required.,2026-05-15 23:01:42.30541-04,2026-05-17 02:10:11.268482-04
cfg_EGFP001,config,EARNINGS_GUIDANCE_CANONICAL_SOURCE_PRECEDENCE,text,sec_edgar_accepted_filing_or_company_exhibit;company_ir_release_or_transcript;nasdaq_earnings_calendar_shell;high_quality_news_narrative_residual;alpaca_or_gdelt_discovery_context;option_price_liquidity_activity_bridge_only,trading-model/docs/101_earnings_guidance_event_family_packet.md,earnings_guidance_event_family;event_interpretation_v1;source_09_event_risk_governor;event_activity_bridge,sync_artifact,Canonical source precedence for earnings/guidance scouting. Calendar shells schedule events only; news is residual/discovery unless linked to official artifacts.,2026-05-15 09:46:46.514775-04,2026-05-17 02:10:11.268482-04
cfg_EGFP004,config,EARNINGS_GUIDANCE_CONTROL_DESIGN,text,same_symbol_verified_non_earnings_windows;same_symbol_earnings_without_option_abnormality;prior_return_realized_volatility_liquidity_market_sector_price_controls;sector_bellwether_controls;release_phase_time_of_day_controls;verified_no_option_abnormality_controls,trading-model/docs/101_earnings_guidance_event_family_packet.md,earnings_guidance_event_family;activity_price_relationship_study;event_activity_bridge;training_labels,sync_artifact,Required controls before earnings/guidance can move beyond scouting. Same-symbol price controls alone are insufficient when event/non-event status matters.,2026-05-15 09:46:46.514775-04,2026-05-17 02:10:11.268482-04
cfg_EGACS002,config,EARNINGS_GUIDANCE_DOCUMENT_TEXT_NOT_SIGNED_CLAIM_GATE,text,official_document_text_requires_reviewed_guidance_interpretation_and_expectation_baseline,trading-model/docs/101_earnings_guidance_event_family_packet.md,earnings_guidance_event_family;official_guidance_interpretation;signed_direction_claims;event_risk_governor,sync_artifact,"Official filing/release/transcript text presence is necessary but insufficient: uninterpreted documents cannot establish beat/miss, guidance raise/cut, signed alpha, or stronger event-risk intervention evidence.",2026-05-15 22:06:56.908705-04,2026-05-17 02:10:11.268482-04
cfg_EFSC005,config,EARNINGS_GUIDANCE_EVENT_FAMILY_SCOUTING_REQUIREMENTS,text,canonical_earnings_calendar_or_report_source;scheduled_known_outcome_later_lifecycle_split;no_result_fields_before_release_visibility;surprise_or_magnitude_fields_when_pit_available;option_bridge_relation_type;verified_non_event_and_non_earnings_controls;date_expiry_symbol_split_stability,trading-model/docs/100_event_family_scouting.md,earnings_guidance_event_family;event_family_scouting_packet_v1;event_interpretation_v1;event_activity_bridge,sync_artifact,Minimum requirements before the promising earnings/guidance option-amplifier slice may move beyond scouting.,2026-05-15 09:29:46.110589-04,2026-05-17 02:10:11.268482-04
cfg_EGFM001,config,EARNINGS_GUIDANCE_EVENT_OVERVIEW_MATERIALIZATION,text,nasdaq_release_calendar_to_scheduled_shell;sec_10q_10k_earnings_8k_to_result_artifact;news_as_discovery_or_narrative_residual_only;option_activity_as_bridge_evidence_only,trading-data/src/data_source/source_09_event_risk_governor/feed_event_extraction.py,earnings_guidance_event_family;source_09_event_risk_governor;event_interpretation_v1;event_activity_bridge,sync_artifact,"Accepted first materialization route for earnings/guidance scouting. It creates point-in-time overview rows but does not perform final family interpretation, controls, model training, or promotion.",2026-05-15 09:58:22.667114-04,2026-05-17 02:10:11.268482-04
cfg_EGEB001,config,EARNINGS_GUIDANCE_EXPECTATION_BASELINE_ACCEPTED_TYPES,json,"[""eps_consensus"",""revenue_consensus"",""prior_company_guidance"",""guidance_consensus_or_analyst_range""]",trading-model/docs/101_earnings_guidance_event_family_packet.md,earnings_guidance_event_family;expectation_baseline;signed_direction_claims;event_risk_governor,sync_artifact,Accepted point-in-time baseline artifact types for earnings/guidance signed-claim readiness.,2026-05-15 22:47:11.4541-04,2026-05-17 02:10:11.268482-04
cfg_EGEB002,config,EARNINGS_GUIDANCE_EXPECTATION_BASELINE_PIT_CLOCK_POLICY,text,baseline_requires_source_ref_captured_at_as_of_time_and_predates_date_only_event_clock,trading-model/docs/101_earnings_guidance_event_family_packet.md,earnings_guidance_event_family;expectation_baseline;point_in_time_policy;signed_direction_claims,sync_artifact,"Baseline artifacts must preserve provenance and point-in-time clocks; with date-only event clocks, same-day baselines are not accepted until timestamped release clocks exist.",2026-05-15 22:47:11.4541-04,2026-05-17 02:10:11.268482-04
cfg_EGFP005,config,EARNINGS_GUIDANCE_MINIMUM_COVERAGE_GATE,text,canonical_event_shell_result_linkage;minimum_50_interpreted_windows_unless_explicitly_diagnostic;minimum_20_symbols;minimum_4_sectors_or_themes;multiple_earnings_seasons_or_diagnostic_label;verified_non_event_controls;explicit_missing_or_partial_fields;no_result_fields_before_release_visibility,trading-model/docs/101_earnings_guidance_event_family_packet.md,earnings_guidance_event_family;event_family_scouting_packet_v1;model_promotion;event_risk_governor,sync_artifact,Minimum coverage gate before the earnings/guidance family may advance from scouting to pilot training.,2026-05-15 09:46:46.514775-04,2026-05-17 02:10:11.268482-04
cfg_EGEA001,config,EARNINGS_GUIDANCE_NEXT_SCOUTING_STEP_AFTER_EVENT_ALONE,text,add_official_result_guidance_interpretation_then_compare_earnings_with_option_abnormality_vs_earnings_without_option_abnormality,trading-model/docs/101_earnings_guidance_event_family_packet.md,earnings_guidance_event_family;event_family_scouting_packet_v1;model_promotion,sync_artifact,Next accepted route after event-alone scheduled-shell scout. Do not promote from scheduled shells alone; add official result/guidance interpretation and verified option-abnormality controls first.,2026-05-15 11:26:01.543562-04,2026-05-17 02:10:11.268482-04
cfg_EGACS001,config,EARNINGS_GUIDANCE_OFFICIAL_DOCUMENT_COVERAGE_GATE,text,requires_local_official_document_text_before_guidance_interpretation,trading-model/docs/101_earnings_guidance_event_family_packet.md,earnings_guidance_event_family;official_guidance_interpretation;signed_direction_claims,sync_artifact,SEC filing metadata and normalized facts are not sufficient for guidance interpretation; missing official company document text must remain missing rather than inferred from price reaction or XBRL facts.,2026-05-15 21:52:25.582649-04,2026-05-17 02:10:11.268482-04
cfg_EGIR001,config,EARNINGS_GUIDANCE_PARTIAL_CONTEXT_NOT_SIGNED_DIRECTION_GATE,text,partial_guidance_context_requires_expectation_baseline_before_signed_claims,trading-model/docs/101_earnings_guidance_event_family_packet.md,earnings_guidance_event_family;official_guidance_interpretation;signed_direction_claims;event_risk_governor,sync_artifact,"Partial official future operating/financial context is direction-neutral event context only; guidance raise/cut, beat/miss, signed alpha, model activation, and stronger event-risk interventions remain blocked without point-in-time expectation baselines.",2026-05-15 22:40:33.811655-04,2026-05-17 02:10:11.268482-04
cfg_EGFP002,config,EARNINGS_GUIDANCE_REQUIRED_CLOCKS,text,event_awareness_time;scheduled_time;source_published_time;source_updated_time;available_time;interpretation_time;resolution_time;reaction_window,trading-model/docs/101_earnings_guidance_event_family_packet.md,earnings_guidance_event_family;event_lifecycle_contract;event_interpretation_v1,sync_artifact,Required clocks for scheduled-known/outcome-later earnings events. Result facts are invalid before release artifact availability.,2026-05-15 09:46:46.514775-04,2026-05-17 02:10:11.268482-04
cfg_EGFP003,config,EARNINGS_GUIDANCE_REQUIRED_INTERPRETATION_FIELDS,text,event_phase;reported_period;release_phase;result_source_type;result_source_ref;eps_actual;eps_consensus;revenue_actual;revenue_consensus;eps_surprise_score;revenue_surprise_score;guidance_status;guidance_direction_score;guidance_magnitude_score;margin_quality_score;cash_flow_quality_score;capex_or_investment_intensity_score;balance_sheet_stress_score;management_tone_residual_score;narrative_residual_type;direction_bias_score;intensity_score;uncertainty_score;novelty_score;source_quality_score;evidence_confidence_score;review_status;standardization_status,trading-model/docs/101_earnings_guidance_event_family_packet.md,earnings_guidance_event_family;event_interpretation_v1;event_family_scouting_packet_v1,sync_artifact,Minimum interpretation fields for the earnings/guidance family. Missing point-in-time values must remain missing or partial rather than inferred from later reaction.,2026-05-15 09:46:46.514775-04,2026-05-17 02:10:11.268482-04
cfg_EGRS001,config,EARNINGS_GUIDANCE_RESULT_ARTIFACT_SCOUT_LIMITATION,text,sec_companyfacts_metric_direction_is_partial_result_interpretation_not_consensus_surprise_or_guidance_interpretation,trading-model/docs/101_earnings_guidance_event_family_packet.md,earnings_guidance_event_family;event_family_scouting_packet_v1;model_promotion,sync_artifact,"SEC XBRL metric direction can establish partial official result interpretation, but cannot by itself establish beat/miss, guidance raise/cut, management narrative, or signed-alpha promotion evidence.",2026-05-15 11:59:42.586793-04,2026-05-17 02:10:11.268482-04
cfg_EGSS001,config,EARNINGS_GUIDANCE_SCOUTING_CURRENT_STATUS,text,scouting_complete_for_calendar_shell_controls;pilot_training_blocked_pending_official_result_guidance_artifacts_and_verified_no_option_abnormality_controls,trading-model/docs/101_earnings_guidance_event_family_packet.md,earnings_guidance_event_family;event_family_scouting_packet_v1;model_promotion,sync_artifact,Current status after canonical-calendar control pass. Event family remains scouting; coverage and verified option-control requirements block pilot training.,2026-05-15 10:41:44.320405-04,2026-05-17 02:10:11.268482-04
cfg_EGRS002,config,EARNINGS_GUIDANCE_SIGNED_DIRECTION_READINESS_GATE,text,requires_official_guidance_interpretation_and_expectation_baseline,trading-model/docs/101_earnings_guidance_event_family_packet.md,earnings_guidance_event_family;model_promotion;signed_direction_claims,sync_artifact,Signed earnings/guidance claims remain blocked until official company guidance release/transcript interpretation and consensus or accepted expectation baselines are present point-in-time.,2026-05-15 19:27:36.790135-04,2026-05-17 02:10:11.268482-04
cfg_EGTCS001,config,EARNINGS_GUIDANCE_TEXT_CANDIDATE_REVIEW_GATE,text,candidate_guidance_text_requires_reviewed_interpretation_and_expectation_baseline,trading-model/docs/101_earnings_guidance_event_family_packet.md,earnings_guidance_event_family;official_guidance_interpretation;signed_direction_claims;event_risk_governor,sync_artifact,"Guidance/outlook-like candidate spans from official filings are review queue evidence only; safe-harbor, accounting, generic expectation, and risk language must not become signed claims without reviewed interpretation and expectation baselines.",2026-05-15 22:12:43.899145-04,2026-05-17 02:10:11.268482-04
cfg_EOAS001,config,EARNINGS_OPTION_ABNORMALITY_AMPLIFIER_BLOCKER,text,requires_matched_earnings_without_option_abnormality_controls_under_same_option_event_standard,trading-model/docs/101_earnings_guidance_event_family_packet.md,earnings_guidance_event_family;option_derivatives_abnormality;model_promotion,sync_artifact,Earnings plus option-abnormality amplifier claims remain blocked until the comparison includes matched earnings dates with verified no-option-abnormality coverage under the same option-event standard.,2026-05-15 12:09:07.226656-04,2026-05-17 02:10:11.268482-04
cfg_DSC004,config,EQUITY_ABNORMAL_ACTIVITY_CALIBRATION_STATUS,text,conservative_fixture_default_not_production_calibrated;historical_calibration_required_before_training_label_or_promotion_gate_use,trading-data/docs/95_data_stack_closeout.md,equity_abnormal_activity_event;source_09_event_risk_governor;event_risk_governor;training_labels;promotion_gates,registry_only,"Calibration status policy for the equity abnormal activity detector. The default standard is conservative and fixture/development oriented until reviewed historical calibration exists; detector rows are residual/provenance event evidence, not duplicate bar-feature alpha.",2026-05-08 00:10:16.229899-04,2026-05-17 02:10:11.268482-04
cfg_DSC003,config,EQUITY_ABNORMAL_ACTIVITY_MODEL_STANDARD,text,equity_abnormal_activity_conservative,trading-data/src/data_source/source_09_event_risk_governor/equity_abnormal_activity/config.json,equity_abnormal_activity_event;source_09_event_risk_governor;event_risk_governor;model_standard;production_calibration,registry_only,"Default conservative equity abnormal activity detector standard for local detector/provenance evidence generation. It may cite bars/liquidity refs, but must not duplicate ordinary model-owned bar/liquidity features as independent event alpha. Production labels or promoted gates require reviewed historical calibration evidence.",2026-05-08 00:10:16.229899-04,2026-05-17 02:10:11.268482-04
cfg_DSC002,config,ETF_HOLDINGS_AVAILABLE_TIME_POLICY,text,explicit_available_time_wins;default_next_regular_us_session_open_after_as_of_date;skip_weekends;same_day_requires_source_evidence,trading-data/src/data_source/source_02_target_candidate_holdings/README.md,source_02_target_candidate_holdings;stock_etf_exposure;anonymous_target_candidate_builder;available_time;point_in_time,registry_only,"Conservative point-in-time availability policy for ETF holdings candidate-preparation rows. Without explicit availability evidence, holdings become model-visible at the next regular US session open after as_of_date.",2026-05-08 00:10:16.229899-04,2026-05-17 02:10:11.268482-04
cfg_EAAB001,config,EVENT_ABNORMAL_ACTIVITY_ALLOWED_USES,text,detector_provenance;residual_unexplained_board_tape_disturbance;discrete_price_action_token;cross_source_abnormal_evidence_not_already_consumed;microstructure_liquidity_disruption;option_derivatives_abnormality,trading-model/docs/10_layer_09_event_risk_governor.md,event_risk_governor;equity_abnormal_activity_event;price_action;option_abnormal_activity;event_interpretation_v1,sync_artifact,Allowed abnormal-activity uses for event-risk governance after excluding ordinary model-owned market-data features. Use category values from EVENT_ABNORMAL_ACTIVITY_EVIDENCE_CATEGORIES for implementation-facing classification.,2026-05-15 04:32:42.763871-04,2026-05-17 02:10:11.268482-04
cfg_EAAC001,config,EVENT_ABNORMAL_ACTIVITY_EVIDENCE_CATEGORIES,text,price_action_pattern;residual_market_structure_disturbance;microstructure_liquidity_disruption;option_derivatives_abnormality,trading-model/docs/10_layer_09_event_risk_governor.md,event_abnormal_activity_residual_policy;event_risk_governor;source_09_event_risk_governor;equity_abnormal_activity_event;price_action;option_abnormal_activity,sync_artifact,"Accepted abnormal-activity evidence categories. They are residual/provenance/risk evidence and must not duplicate ordinary model-owned bars, liquidity, trend, or target-state features.",2026-05-15 04:38:10.058233-04,2026-05-17 02:10:11.268482-04
cfg_EAEX001,config,EVENT_ABNORMAL_ACTIVITY_EXAMPLES,text,"price_action_pattern=false_breakout,false_breakdown,liquidity_sweep_high,liquidity_sweep_low,bull_trap,bear_trap;residual_market_structure_disturbance=target_specific_unexplained_board_tape_disturbance_after_context_conditioning;microstructure_liquidity_disruption=spread_widening,depth_disappearance,one_sided_prints,halt_or_pause,anomalous_quote_environment;option_derivatives_abnormality=iv_shock,skew_or_term_structure_shock,unusual_option_volume,call_put_imbalance,sweep_or_block_evidence,oi_change,option_liquidity_disruption",trading-data/docs/94_model_inputs.md,event_abnormal_activity_residual_policy;event_family_training;golden_tests;event_risk_governor,sync_artifact,Concrete examples for abnormal-activity residual/provenance event evidence. Examples are not buy/sell/hold signals and do not prove production calibration.,2026-05-15 04:38:10.058233-04,2026-05-17 02:10:11.268482-04
cfg_EAAF001,config,EVENT_ABNORMAL_ACTIVITY_FORBIDDEN_DUPLICATES,text,equity_bar;equity_liquidity_bar;return;volume;spread;liquidity;volatility;gap;vwap_distance;trend;target_state_features,trading-data/docs/94_model_inputs.md,source_09_event_risk_governor;equity_abnormal_activity_event;event_risk_governor;target_context_state;model_owned_market_data,sync_artifact,Fields and feature families that must not be copied into abnormal-activity event rows as independent event alpha when already consumed by the base model stack.,2026-05-15 04:32:42.763871-04,2026-05-17 02:10:11.268482-04
cfg_EAAR001,config,EVENT_ABNORMAL_ACTIVITY_RESIDUAL_POLICY,text,residual_or_provenance_only;no_duplicate_bar_liquidity_features;incremental_value_required_over_upstream_context_states,trading-model/docs/10_layer_09_event_risk_governor.md,event_risk_governor;source_09_event_risk_governor;equity_abnormal_activity_event;feature_09_event_risk_governor;market_context_state;sector_context_state;target_context_state,sync_artifact,"Abnormal-activity event evidence may cite bars/liquidity as detector provenance or residual unexplained board/tape disturbance, but must not re-emit model-owned bar/liquidity/target-state features as independent event alpha.",2026-05-15 04:32:42.763871-04,2026-05-17 02:10:11.268482-04
cfg_EABF001,config,EVENT_ACTIVITY_BRIDGE_CORE_FIELDS,text,linked_event_ref;activity_evidence_refs;activity_window;event_window;lead_lag_seconds;residual_activity_score;cross_market_confirmation_score;option_confirmation_score;prediction_market_confirmation_score;explanation_status,trading-model/docs/10_layer_09_event_risk_governor.md,event_activity_bridge;event_interpretation_v1;source_09_event_risk_governor;prediction_market,sync_artifact,"Core field set for the event-activity bridge. Scores are model-owned; source repos preserve refs, windows, and clocks.",2026-05-15 04:51:25.330742-04,2026-05-17 02:10:11.268482-04
cfg_EABL001,config,EVENT_ACTIVITY_BRIDGE_EVIDENCE_LEGS,text,event_evidence_ref;price_activity_ref;liquidity_activity_ref;option_activity_ref;prediction_market_activity_ref,trading-model/docs/10_layer_09_event_risk_governor.md;trading-data/src/data_source/source_09_event_risk_governor/README.md,event_activity_bridge;trading-data;event_evidence;activity_evidence;prediction_market;layer_09_event_risk_governor;current_physical_names,sync_artifact,Evidence-leg vocabulary for source-owned bridge refs used by Layer 9 event-governor research/governance. Prediction-market activity is included for future Polymarket-style odds/volume/liquidity evidence.,2026-05-15 04:51:25.330742-04,2026-05-17 02:20:25.031338-04
cfg_EABE001,config,EVENT_ACTIVITY_BRIDGE_EXPLANATION_STATUS_VALUES,text,explained_by_known_event;partially_explained;unexplained;later_explained;review_required,trading-model/docs/10_layer_09_event_risk_governor.md,event_activity_bridge;point_in_time;event_risk_governor;training_labels,sync_artifact,Accepted explanation-status values. Later explanations create follow-up bridge evidence and must not rewrite the original point-in-time activity record.,2026-05-15 04:51:25.330742-04,2026-05-17 02:10:11.268482-04
cfg_EABR001,config,EVENT_ACTIVITY_BRIDGE_RELATION_TYPES,text,pre_event_precursor;co_event_reaction;post_event_absorption;event_activity_divergence;unresolved_latent_hazard,trading-model/docs/10_layer_09_event_risk_governor.md,event_activity_bridge;event_risk_governor;event_family_training;prediction_market,sync_artifact,"Accepted bridge relation types for lead/lag, reaction, absorption, divergence, and unresolved latent hazard evidence.",2026-05-15 04:51:25.330742-04,2026-05-17 02:10:11.268482-04
cfg_EVCAT001,config,EVENT_CATEGORY_TYPE_VALUES,text,macro_data;macro_news;sector_news;symbol_news;sec_filing;option_abnormal_activity;equity_abnormal_activity;price_action,trading-data/src/data_source/source_09_event_risk_governor/README.md,source_09_event_risk_governor;event_category_type;event_risk_governor;event_context_vector,sync_artifact,"Allowed event_category_type values for source_09_event_risk_governor overview rows. price_action is a source-detector event category for false-breakout, failed-breakdown, liquidity-sweep, bull-trap, and bear-trap evidence; it is not a separate model layer.",2026-05-09 09:31:34.50578-04,2026-05-17 02:10:11.268482-04
cfg_ECVH001,config,EVENT_CONTEXT_VECTOR_HORIZONS,text,5min;15min;60min;390min,trading-model/docs/10_layer_09_event_risk_governor.md,event_context_vector;event_risk_governor;model_09_event_risk_governor,registry_only,"Accepted EventRiskGovernor V1 event-context horizons. Horizons are context-observation horizons, not trade-action variants.",2026-05-07 00:33:21.983536-04,2026-05-17 02:10:11.268482-04
cfg_ECVS001,config,EVENT_CONTEXT_VECTOR_SCORE_FAMILIES,text,9_event_presence_score_<horizon>;9_event_timing_proximity_score_<horizon>;9_event_intensity_score_<horizon>;9_event_direction_bias_score_<horizon>;9_event_context_alignment_score_<horizon>;9_event_uncertainty_score_<horizon>;9_event_gap_risk_score_<horizon>;9_event_reversal_risk_score_<horizon>;9_event_liquidity_disruption_score_<horizon>;9_event_contagion_risk_score_<horizon>;9_event_context_quality_score_<horizon>;9_event_market_impact_score_<horizon>;9_event_sector_impact_score_<horizon>;9_event_industry_impact_score_<horizon>;9_event_theme_factor_impact_score_<horizon>;9_event_peer_group_impact_score_<horizon>;9_event_symbol_impact_score_<horizon>;9_event_microstructure_impact_score_<horizon>;9_event_scope_confidence_score_<horizon>;9_event_scope_escalation_risk_score_<horizon>;9_event_target_relevance_score_<horizon>,trading-model/docs/10_layer_09_event_risk_governor.md,event_context_vector;event_risk_governor;model_09_event_risk_governor;state_vector_value,registry_only,"Accepted current 9_event_* event-context scalar score-family tokens for model_09_event_risk_governor / Layer 9 EventRiskGovernor. These families separate event presence, timing, intensity, direction bias, alignment, risks, quality, impact scope, scope confidence, escalation risk, and target relevance; enum-like audit fields remain model-local.",2026-05-07 00:33:21.983536-04,2026-05-17 02:10:11.268482-04
cfg_EVD001,config,EVENT_DEDUP_STATUS_VALUES,text,canonical;covered_by_canonical_event;duplicate_of_canonical_event;related_followup;new_information;unresolved,trading-data/src/data_source/source_09_event_risk_governor/README.md,source_09_event_risk_governor;event_risk_governor;event_context_vector,sync_artifact,Allowed dedup_status values for source_09_event_risk_governor. Only canonical and genuinely new_information rows may create independent event-presence/factor evidence; covered/duplicate rows are supporting context.,2026-05-07 03:35:21.299816-04,2026-05-17 02:10:11.268482-04
cfg_EFRB001,config,EVENT_FAILURE_RISK_BOUNDARY_POLICY,text,reviewed_event_strategy_failure_evidence_only;no_raw_event_alpha;no_unreviewed_family_auto_promotion;no_buy_sell_hold;no_position_sizing;no_option_expression;no_broker_mutation;no_destructive_sql,trading-model/docs/05_layer_04_event_failure_risk.md,event_failure_risk_model;event_failure_risk_vector;alpha_confidence_model;event_risk_governor;model_architecture,registry_only,"Layer 4 boundary policy: EventFailureRiskModel accepts only agent-reviewed event/strategy-failure factors and outputs conditioning for Layer 5 AlphaConfidenceModel. EventRiskGovernor may propose promotions, but no family enters Layer 4 without evidence packet plus agent review.",2026-05-17 00:24:56.974942-04,2026-05-17 02:10:11.268482-04
cfg_EFRH001,config,EVENT_FAILURE_RISK_VECTOR_HORIZONS,text,5min;15min;60min;390min,trading-model/docs/05_layer_04_event_failure_risk.md,event_failure_risk_model;event_failure_risk_vector;alpha_confidence_model,registry_only,Accepted EventFailureRiskModel V1 horizons aligned with downstream alpha/position/action horizons. 390min means one regular US equity session-equivalent horizon measured in tradable minutes.,2026-05-17 00:24:56.974942-04,2026-05-17 02:10:11.268482-04
cfg_EFRS001,config,EVENT_FAILURE_RISK_VECTOR_SCORE_FAMILIES,text,4_event_strategy_failure_risk_score_<horizon>;4_event_entry_block_pressure_score_<horizon>;4_event_exposure_cap_pressure_score_<horizon>;4_event_strategy_disable_pressure_score_<horizon>;4_event_path_risk_amplifier_score_<horizon>;4_event_evidence_quality_score_<horizon>;4_event_applicability_confidence_score_<horizon>,trading-model/docs/05_layer_04_event_failure_risk.md,event_failure_risk_model;event_failure_risk_vector;state_vector_value;alpha_confidence_model,registry_only,"Accepted Layer 4 event-failure-risk score-family namespace. These score families require reviewed evidence and are pre-alpha failure-risk conditioning only; they do not authorize standalone event alpha, action selection, sizing, execution, or broker/account mutation.",2026-05-17 00:24:56.974942-04,2026-05-17 02:23:46.500631-04
cfg_EFSC002,config,EVENT_FAMILY_ACCEPTANCE_STATUS_VALUES,text,proposed;scouting;pilot_training;accepted_active;deferred_low_signal;retired_no_signal;review_required,trading-model/docs/100_event_family_scouting.md,event_family_scouting_packet_v1;event_family_training;event_risk_governor;model_promotion,sync_artifact,Accepted event-family scouting status values. Deferred/retired families preserve evidence but must not advance to promotion work.,2026-05-15 09:29:46.110589-04,2026-05-17 02:10:11.268482-04
cfg_EFSC004,config,EVENT_FAMILY_SCOUTING_INITIAL_STATUS,text,standalone_option_abnormality=deferred_low_signal;strict_option_abnormality_refinement=deferred_low_signal;raw_news_proximate_option_abnormality=deferred_low_signal;earnings_guidance_event_family=scouting,trading-model/docs/100_event_family_scouting.md,event_family_scouting_packet_v1;event_risk_governor;event_activity_bridge;option_activity,sync_artifact,"Initial family statuses from option abnormality matched controls, strict-filter diagnostics, and Alpaca-news proximity amplifier slice.",2026-05-15 09:29:46.110589-04,2026-05-17 02:10:11.268482-04
cfg_EFSC001,config,EVENT_FAMILY_SCOUTING_PACKET_REQUIRED_FIELDS,text,event_family_key;family_status;family_definition;inclusion_criteria;exclusion_criteria;canonical_source_precedence;lifecycle_class_default;required_event_clocks;required_interpretation_fields;materiality_rules;surprise_or_known_status_rules;scope_routing_defaults;narrative_residual_rules;abnormal_activity_bridge_rules;control_design;forward_label_design;minimum_coverage_gate;early_stop_criteria;review_required_triggers;accepted_examples;near_miss_examples;negative_examples;source_artifact_refs;study_artifact_refs,trading-model/docs/100_event_family_scouting.md,event_family_scouting_packet_v1;event_interpretation_v1;event_activity_bridge;event_risk_governor,sync_artifact,Required fields for event-family scouting packets. Raw news proximity alone is not a valid family definition.,2026-05-15 09:29:46.110589-04,2026-05-17 02:10:11.268482-04
cfg_EFRP001,config,EVENT_FAMILY_TO_LAYER_04_PROMOTION_POLICY,text,script_emitted_evidence_packet_required;matched_controls_required;split_stability_required;pit_leakage_review_required;incremental_value_over_base_stack_required;agent_review_required;manager_decision_required;no_automatic_promotion,trading-model/docs/05_layer_04_event_failure_risk.md;trading-model/docs/100_event_family_scouting.md;trading-manager/docs/81_decision.md,event_risk_governor;event_family_strategy_promotion_review;event_failure_risk_model;manager_decision,registry_only,"Promotion policy from Layer 9 EventRiskGovernor research into Layer 4 EventFailureRiskModel. Residual/event discovery may generate hypotheses and review packets, but cannot automatically promote event families into front decision scope.",2026-05-17 00:24:56.974942-04,2026-05-17 02:10:11.268482-04
cfg_EVTID001,config,EVENT_ID_GENERATED_ID_DISCRIMINATORS,text,base:event_category_type;event_time;symbol;reference|collision_disambiguator:source_name;title_or_headline,trading-data/src/data_source/source_09_event_risk_governor/pipeline.py;trading-data/src/data_source/source_09_event_risk_governor/README.md,source_09_event_risk_governor;event_id;event_identity;macro_calendar;event_artifact_paths,sync_artifact,"Generated source_09_event_risk_governor event ids keep the current base of category, time, symbol, and reference. When that base collides inside a batch, source name plus title/headline deterministically disambiguate same-timestamp events such as core CPI and CPI.",2026-05-15 02:23:47.412595-04,2026-05-17 02:10:11.268482-04
cfg_ELCV001,config,EVENT_LIFECYCLE_CLOCK_FIELDS,text,event_awareness_time;event_scheduled_time;event_effective_time;event_actual_time;source_published_time;source_updated_time;ingested_time;available_time;interpretation_time;resolution_time;decision_time;tradeable_time;reaction_window,trading-model/docs/10_layer_09_event_risk_governor.md,event_lifecycle_contract;point_in_time;event_interpretation_v1;source_09_event_risk_governor;event_risk_governor,sync_artifact,"Lifecycle clocks that preserve awareness, scheduled release, source publication, system availability, interpretation, resolution, decision/tradeability, and evaluation-only reaction windows.",2026-05-15 04:27:58.466454-04,2026-05-17 02:10:11.268482-04
cfg_ELG001,config,EVENT_LIFECYCLE_GOLDEN_EXAMPLES,text,earnings=scheduled_known_outcome_later;cpi_macro_release=scheduled_recurring_data_release;surprise_regulatory_raid_or_news=unscheduled_surprise,trading-model/docs/10_layer_09_event_risk_governor.md,event_lifecycle_contract;event_family_training;golden_tests;event_risk_governor,sync_artifact,"Initial golden lifecycle examples for event-family contract tests: earnings, CPI/macro release, and unscheduled surprise regulatory/news events.",2026-05-15 04:27:58.466454-04,2026-05-17 02:10:11.268482-04
cfg_ELS001,config,EVENT_LIFECYCLE_STATE_VALUES,text,scheduled_future;pre_event_window;live_release_window;post_event_initial_reaction;post_event_decay;developing_update;resolved;stale_event;unknown,trading-model/docs/10_layer_09_event_risk_governor.md,event_lifecycle_contract;event_risk_governor;event_interpretation_v1,sync_artifact,Recommended state values describing where the current point-in-time event row sits in the event arc.,2026-05-15 04:27:58.466454-04,2026-05-17 02:10:11.268482-04
cfg_ELTV001,config,EVENT_LIFECYCLE_TYPE_VALUES,text,scheduled_known_outcome_later;unscheduled_surprise;scheduled_recurring_data_release;multi_stage_developing_event;unknown,trading-model/docs/10_layer_09_event_risk_governor.md,event_lifecycle_contract;event_risk_governor;event_interpretation_v1;source_09_event_risk_governor,sync_artifact,Accepted event lifecycle classes. Scheduled-known catalysts may be visible before outcome release; surprise events cannot have a specific pre-event event row.,2026-05-15 04:27:58.466454-04,2026-05-17 02:10:11.268482-04
cfg_ELFJ001,config,EVENT_RISK_GOVERNOR_CURRENT_BUILD_BOUNDARY,text,canonical_event_timeline;event_interpretation_when_reviewed;event_activity_bridge_as_provenance;uncertainty_review_block_cap_reduce_flatten_hints;no_broker_mutation;no_broad_event_alpha,trading-model/docs/102_event_layer_final_judgment.md,event_risk_governor;execution_boundary;model_promotion,sync_artifact,"Machine-readable current build boundary for the event layer. It is a risk-governor/intelligence overlay, not an order engine or broad event-alpha layer.",2026-05-15 10:46:16.871459-04,2026-05-17 02:10:11.268482-04
cfg_ERIS001,config,EVENT_RISK_INTERVENTION_STATUS_VALUES,text,observe_only;explain_only;block_new_entries;reduce_exposure;flatten_candidate;halt_candidate;human_review_required,trading-model/docs/10_layer_09_event_risk_governor.md,event_risk_governor;event_risk_intervention;event_interpretation_v1;execution_risk_control,sync_artifact,Accepted Layer 9 event-risk intervention severity ladder. Flatten/halt candidates require high-confidence high-severity evidence plus accepted execution risk policy or human review path.,2026-05-15 03:40:42.121188-04,2026-05-17 02:20:25.031338-04
cfg_EVD002,config,EVENT_SOURCE_PRIORITY_VALUES,text,official_disclosure;official_data_release;company_disclosure;regulatory_disclosure;source_detector;verified_news;broad_news;derivative_news;unknown,trading-data/src/data_source/source_09_event_risk_governor/README.md,source_09_event_risk_governor;event_risk_governor;event_context_vector,sync_artifact,Allowed source_priority values for canonical-event selection. Official disclosure/data rows outrank derivative news; browser/agent article reading may support classification but does not change source priority by itself.,2026-05-07 03:35:21.299816-04,2026-05-17 02:10:11.268482-04
cfg_EXEC_ALPACA001,config,EXECUTION_ALPACA_LIVE_OBSERVE_SECRET_RESOLUTION_POLICY,text,prefer_runtime_env_vars_then_registered_source_secret_json;secret_values_never_written_to_repo_or_receipts;read_only_market_data_observe_only,trading-execution/src/trading_execution/market_data/live_provider.py,trading-execution;alpaca;realtime_live_observe;source_secret_file_schema;ALPACA_SECRET_ALIAS,sync_artifact,"Execution-side Alpaca live observe may use injected APCA/ALPACA environment variables or the registered /root/secrets/alpaca.json source secret JSON. This is credential resolution for read-only market-data observation only and does not authorize model activation, broker execution, order construction, or account mutation.",2026-05-11 10:03:09.987785-04,2026-05-17 02:10:11.268482-04
cfg_EXEC_FT001,config,EXECUTION_FIRSTRADE_DEFERRED_POLICY,text,firstrade_deferred_no_official_trading_api_do_not_automate_reverse_engineered_order_flow,trading-execution/docs/10_broker_interfaces.md,trading-execution;firstrade;us_equity;us_option;deferred;no_official_api,sync_artifact,"Firstrade remains intended for US equity/options execution, but automation is deferred because no accepted official trading API exists. Reverse-engineered login, browser trading, and scraped order-ticket automation are not accepted.",2026-05-11 03:40:27.03612-04,2026-05-17 02:10:11.268482-04
cfg_EXEC_OKX001,config,EXECUTION_OKX_CRYPTO_BROKER_POLICY,text,okx_official_api_adapter_scaffold_allowed_live_order_mutation_disabled,trading-execution/docs/10_broker_interfaces.md,trading-execution;okx;crypto_order_execution;trade_risk_cap;execution_mode;idempotency,sync_artifact,OKX is the accepted crypto broker/exchange interface candidate because an official API exists. Initial work may validate/simulate only; live order mutation remains disabled until explicit gates exist.,2026-05-11 03:40:27.03612-04,2026-05-17 02:10:11.268482-04
cfg_EOC001,config,EXECUTION_ORDER_CONSTRUCTION_POLICY,text,order_intent_construction_requires_execution_order_construction_approval_and_valid_trade_risk_cap;broker_submission_requires_separate_execution_gate;account_mutation_requires_separate_reconcile_gate,trading-execution/docs/10_broker_interfaces.md,trading-execution;broker_order_construction;broker_submission_gate;account_mutation_gate;risk_cap,sync_artifact,"Policy separating approved broker order-intent construction from broker submission, fills, reconciliation, and account mutation.",2026-05-11 06:07:09.032057-04,2026-05-17 02:10:11.268482-04
cfg_RTFV003,config,EXECUTION_REALTIME_CAPTURE_FOR_VALIDATION_BOUNDARY,text,execution_realtime_observations_may_feed_shadow_forward_validation_only_as_append_only_point_in_time_evidence;does_not_authorize_provider_streams_or_broker_mutation,trading-execution/docs/09_realtime_data.md,trading-execution;realtime_market_data;trading-manager;trading-model;no_broker_mutation;no_provider_stream_authorization,sync_artifact,"Execution realtime market-data capture may later feed model validation, but catalog/contract registration alone does not open provider streams, call providers, place orders, or replace historical validation splits.",2026-05-11 04:27:16.817757-04,2026-05-17 02:10:11.268482-04
cfg_EXEC_RT002,config,EXECUTION_REALTIME_COVERAGE_GAP_POLICY,text,coverage_matrix_must_show_partial_routes_and_gaps;catalog_inspection_performs_zero_provider_calls;capture_contract_forbids_historical_snapshot_rewrite_model_activation_and_broker_mutation,trading-execution/docs/09_realtime_data.md,trading-execution;realtime_market_data;coverage_status;provider_calls;broker_mutation;model_activation,sync_artifact,Policy that realtime model-input coverage must expose incomplete routes and gaps rather than pretending that reviewed sources are already fully connected. Catalog inspection remains side-effect-free.,2026-05-11 04:35:24.928247-04,2026-05-17 02:10:11.268482-04
cfg_EXEC_RT003,config,EXECUTION_REALTIME_LAYER_GAP_SUMMARY,text,layer_01_proxy_gap_review_required;layer_09_event_adapter_review_required;layer_06_broker_account_route_deferred;layer_07_restriction_account_route_deferred;layer_08_thetadata_terminal_required,trading-execution/docs/09_realtime_data.md,trading-execution;realtime_input_coverage;layer_01_market_regime;layer_09_event_risk_governor;model_06_position_projection;model_07_underlying_action;model_08_option_expression;current_physical_names,sync_artifact,"Current realtime coverage gap summary for the nine-layer stack. Layer 6 broker/account state, Layer 7 restrictions, Layer 8 ThetaData option-chain context, and Layer 9 event adapters remain bounded route gaps until reviewed implementation fills them.",2026-05-11 04:35:24.928247-04,2026-05-17 02:10:11.268482-04
cfg_EXEC_RT004,config,EXECUTION_REALTIME_LIVE_OBSERVE_GATE_POLICY,text,live_observe_requires_live_stream_approval_ref_and_runtime_adapter_acceptance;dry_run_and_fixture_replay_only_until_approved;planning_does_not_execute_streams,trading-execution/docs/09_realtime_data.md,trading-execution;realtime_market_data;live_observe;approval_gate;runtime_adapter_acceptance,sync_artifact,"Policy that realtime adapter scaffolds may plan live_observe rows, but cannot open provider streams until explicit live-stream approval and runtime adapter acceptance exist.",2026-05-11 04:49:57.410566-04,2026-05-17 02:10:11.268482-04
cfg_EXEC_RT005,config,EXECUTION_REALTIME_MODEL_DECISION_HANDOFF_POLICY,text,realtime_capture_to_feature_snapshot_to_model_decision_input;historical_feature_parity_required;frozen_model_config_ref_required;historical_dataset_snapshot_ref_required;fixture_or_shadow_only_until_model_activation_review;does_not_authorize_orders,trading-execution/docs/09_realtime_data.md,trading-execution;trading-model;realtime_feature_snapshot;execution_model_decision_input_snapshot;historical_model_decision_handoff;approval_gate,sync_artifact,"Policy that realtime capture must be converted into parity-bound feature snapshots and model decision input envelopes before historical-model decision routing. The scaffold is fixture/shadow only and does not authorize model activation, provider streams, or orders.",2026-05-11 05:06:32.475085-04,2026-05-17 02:10:11.268482-04
cfg_EXEC_RT_MONITOR002,config,EXECUTION_REALTIME_MONITOR_CONTROL_BOUNDARY,text,execution_owns_monitor_process_lifecycle_reconnect_backoff_throttle_and_receipts;manager_consumes_evidence_only;no_broker_or_account_mutation,trading-execution/docs/09_realtime_data.md,trading-execution;trading-manager;realtime_monitoring;runtime_boundary;manager_evidence_consumer_only,sync_artifact,Realtime monitor control boundary: trading-execution owns runtime lifecycle and receipts; trading-manager may consume evidence but must not control monitor processes or broker/account mutation.,2026-05-11 11:18:34.128932-04,2026-05-17 02:10:11.268482-04
cfg_EXEC_RT_MONITOR001,config,EXECUTION_REALTIME_MONITOR_INITIAL_UNIVERSE_POLICY,text,use_reviewed_layer_01_and_layer_02_etf_universe_for_initial_alpaca_snapshot_smoke;no_holdings_wide_high_frequency_monitoring_by_default,trading-execution/docs/09_realtime_data.md,trading-execution;realtime_monitoring;market_regime_etf_universe;layer_01_market_regime;layer_02_sector_context;capacity_policy,sync_artifact,Initial realtime monitor universe policy: smoke the reviewed 44-symbol Layer 1/2 ETF universe only; do not expand to full holdings-wide high-frequency monitoring by default.,2026-05-11 10:22:55.878154-04,2026-05-17 02:10:11.268482-04
cfg_GDELTBQ1,config,GDELT_BIGQUERY_SECRET_ALIAS,secret_alias,gdelt,/root/secrets/gdelt.json,trading-manager;trading-data,review_on_merge,source-level Google service-account JSON alias for GDELT BigQuery access; secret values live only under /root/secrets/gdelt.json,2026-04-27 13:20:47.427999-04,2026-05-17 02:10:11.268482-04
cfg_USHCPJT2,config,GITHUB_SECRET_ALIAS,secret_alias,github,/root/secrets/github.json,git_operations,registry_only,source-level secret JSON alias for GitHub credentials; JSON keys include pat; secret values are stored outside Git,2026-04-26 00:23:32.872061-04,2026-05-17 02:10:11.268482-04
cfg_HISTCUT001,config,HISTORICAL_DOWNLOAD_COMPLETED_MONTH_CUTOFF,text,latest_completed_calendar_month_in_America_New_York,trading-manager/src/trading_manager_tasks/scheduler_daemon.py;trading-manager/src/trading_manager_tasks/dashboard_read_models.py;trading-manager/docs/81_decision.md;trading-manager/docs/99_historical_scheduler_runtime.md,historical_scheduler;provider_downloads;month_ingest_worker;dashboard_task_timeline;current_month_guard,sync_artifact,Historical provider downloads and dashboard task timelines are capped at the latest completed calendar month in the project/operator timezone. The current in-progress month is neither downloaded nor exposed as a Ready dashboard task until the next month begins.,2026-05-14 10:14:01.494105-04,2026-05-17 02:10:11.268482-04
cfg_RUNTHR001,config,HISTORICAL_RUNTIME_THREE_PLUS_ONE_WORKER_TOPOLOGY,text,month_ingest_workers=3;model_workers=1;fold_months=6;month_ingest_rounds_per_fold=2,trading-manager/docs/81_decision.md;trading-manager/docs/98_automation_scheduler.md;trading-manager/docs/99_historical_scheduler_runtime.md,historical_scheduler;worker_topology;month_ingest_worker;model_worker;fold_cadence,sync_artifact,Accepted historical runtime topology: three month-scoped ingest workers and one serial fold-scoped model worker. Two ingest rounds cover one six-month fold substrate.,2026-05-14 12:34:01.048959-04,2026-05-17 02:10:11.268482-04
cfg_MDSE003,config,HISTORICAL_SAMPLING_VS_LIVE_ROUTING_POLICY,text,historical_training_sampling_universe_may_be_broader_than_live_inference_routing_universe;upstream_context_not_unconditional_training_filter;layer_03_targets_may_include_non_selected_sectors;report_broad_generalization_and_live_route_simulation;no_provider_or_activation_or_broker_bypass,trading-manager/docs/100_dataset_expansion.md,trading-manager;dataset_expansion;historical_training;live_inference_routing;trading-model/docs/97_historical_dataset_scope.md;layer_03_target_state_vector,sync_artifact,Dataset expansion policy distinguishing broad historical training sampling from narrower live inference routing. Layer 3 historical target samples may include targets outside Layer 2 selected sectors while preserving point-in-time context and safety gates.,2026-05-10 02:11:21.935109-04,2026-05-17 02:10:11.268482-04
cfg_MSH009,config,INPUT_BINDING_REQUIRED_FIELDS,text,contract_type;binding_id;input_role;input_ref;available_at_utc;as_of_utc;version_ref,trading-manager/docs/93_contracts.md,input_binding;trading_manager.input_binding;control_plane;durable_sql;point_in_time_evidence,sync_artifact,"Concise required logical fields for input_binding. The SQL table links each binding to a request, a run, or both.",2026-05-08 10:50:33.010938-04,2026-05-17 02:10:11.268482-04
cfg_L8OPT001,config,LAYER_08_OPTION_BUCKET_EXPIRATION_POLICY,text,near_to_far_listed_expirations;current_week;next_week;following_week;continue_outward_only_when_coverage_policy_requires,trading-model/docs/09_layer_08_trading_guidance.md,layer_08_option_expression;OptionExpressionModel;option_contract_bucket;manager_model_training_workflow_plan,sync_artifact,Layer 8 option-expression contract bucket expansion scans listed expirations from near to far for the option-expression boundary.,2026-05-10 06:43:31.376892-04,2026-05-17 02:23:05.952793-04
cfg_L8OPT003,config,LAYER_08_OPTION_BUCKET_PREFILTER_POLICY,text,no_acquisition_time_prefilter_for_model_construction;retain_illiquid_wide_spread_low_oi_high_iv_deep_itm_otm_stale_and_extreme_contracts_as_features_labels_reason_codes,trading-model/docs/09_layer_08_trading_guidance.md,layer_08_option_expression;OptionExpressionModel;option_contract_bucket;historical_model_construction;robustness_coverage,sync_artifact,Layer 8 option-expression historical model-construction buckets intentionally retain extreme/illiquid contracts for robustness instead of filtering them out at acquisition time.,2026-05-10 06:43:31.376892-04,2026-05-17 02:23:05.952793-04
cfg_L8OPT002,config,LAYER_08_OPTION_BUCKET_STRIKE_POLICY,text,current_to_target_listed_strike_corridor;three_listed_strike_levels_below;three_listed_strike_levels_above;use_actual_listed_strikes_not_fixed_dollars;example_95_to_100_one_dollar_strikes_92_to_103,trading-model/docs/09_layer_08_trading_guidance.md,layer_08_option_expression;OptionExpressionModel;option_contract_bucket;strike_selection;manager_model_training_workflow_plan,sync_artifact,Layer 8 option-expression bucket strikes cover the current-price to target-price listed-strike corridor plus three actual listed strike levels on each side.,2026-05-10 06:43:31.376892-04,2026-05-17 02:23:05.952793-04
cfg_L8OPT004,config,LAYER_08_OPTION_EXPRESSION_SINGLE_LEG_POLICY,text,single_leg_only;long_call;long_put;no_option_expression;multi_leg_spreads_deferred,trading-model/docs/09_layer_08_trading_guidance.md,layer_08_option_expression;OptionExpressionModel;option_expression_plan;expression_vector,sync_artifact,"Layer 8 option-expression V1 coverage is single-leg only: long call, long put, or no-option expression. Multi-leg spreads are deferred beyond V1.",2026-05-10 06:43:31.376892-04,2026-05-17 02:23:05.952793-04
cfg_L8EVTCOV001,config,LAYER_EIGHT_REQUIRED_EVENT_FEED_ARTIFACTS,text,alpaca_news:equity_news.csv;gdelt_news:gdelt_article.csv;sec_company_financials:sec_company_fact.csv;trading_economics_calendar_web:trading_economics_calendar_event.csv,trading-manager/src/trading_manager_tasks/layer_nine_event_risk_governor.py;trading-data/src/data_source/source_09_event_risk_governor/README.md,source_09_event_risk_governor;event_artifact_paths;event_feed_coverage,sync_artifact,Required reviewed saved feed artifacts for a complete current source_09 / Layer 9 event-risk-governor rebuild. Missing artifacts or zero requested-window row coverage block write-mode materialization.,2026-05-15 00:11:55.556601-04,2026-05-17 02:10:11.268482-04
cfg_LPNA001,config,LAYER_PHYSICAL_NUMBERING_AUDIT,text,physical_current_numbering_aligned;historical_migrations_and_artifacts_unchanged;compatibility_aliases_only_for_prior_evidence_refs,trading-manager/docs/103_numbering_physical_audit.md,model_09_event_risk_governor;model_05_alpha_confidence;model_06_position_projection;model_07_underlying_action;model_08_option_expression;source_09_event_risk_governor;feature_09_event_risk_governor;registry_current;openclaw_database,sync_artifact,"Audit follow-up resolved current-version physical numbering: live/current PostgreSQL table names, stored layer/model values, current registry rows, and current code defaults now follow the accepted nine-layer order. Historical migrations and old artifacts are intentionally not rewritten.",2026-05-16 01:50:16.332265-04,2026-05-17 02:10:11.268482-04
cfg_FOLDMAT001,config,LAYER_THREE_PLUS_SIX_MONTH_FOLD_MATERIALIZATION,text,target_symbol_six_month_fold_not_month_local_run,trading-manager/src/trading_manager_tasks/layer_three_target_state.py;trading-manager/src/trading_manager_tasks/layer_nine_event_risk_governor.py;trading-manager/src/trading_manager_tasks/model_training_workflow.py,model_worker_1;layer_03_target_state_vector;layers_03_08_base_stack;legacy_layer_09_event_risk_governor;layer_09_event_risk_governor;current_physical_names,sync_artifact,Layer 3+ base-stack Model Worker stages run against one selected target/instrument over the complete six-month rolling fold. Local input materializers must accept start_month/end_month ranges and must not assume one chronological month per run. Layer 9 event-governor materialization remains a separate overlay surface.,2026-05-14 10:56:47.647426-04,2026-05-17 02:10:11.289778-04
cfg_L2HT001,config,LAYER_TWO_HISTORICAL_TRAINING_REQUEST_COUNT,text,25 autonomous Alpaca bar requests for the reviewed layer_02_sector_context sector/industry ETF universe at 2016-01.,trading-storage/main/shared/layer_01_02_market_context_etf_universe.csv,layer_02_sector_context;01_feed_alpaca_bars;manager_request;autonomous_historical_provider_acquisition,sync_artifact,Layer 2 data acquisition uses the reviewed layer_02_sector_context rows from the shared ETF universe. Preparing task keys is offline; provider dispatch is autonomous historical acquisition under scheduler/resource controls.,2026-05-10 10:47:37.400359-04,2026-05-17 02:10:11.268482-04
cfg_L2SCOV001,config,LAYER_TWO_STAGE_COVERAGE_GATE,text,"layer_02_sector_context.data_acquisition uses manager_stage_coverage over the reviewed 25-symbol Layer 2 ETF universe; Layer 1 and Layer 2 Alpaca-bar rows must be matched by request id/universe, not by month alone.",trading-manager/src/trading_manager_tasks/stage_coverage.py,layer_02_sector_context.data_acquisition;manager_stage_coverage;failure_register;01_feed_alpaca_bars,sync_artifact,Stage coverage supports Layer 2 sector-context acquisition and avoids mixing Layer 1 and Layer 2 Alpaca-bar rows for the same month.,2026-05-10 10:54:55.492718-04,2026-05-17 02:10:11.268482-04
cfg_AGENTERR006,config,MANAGER_AGENT_ERROR_ALERT_TIME_POLICY,text,discord_alerts_include_occurred_and_recorded_timestamps_in_utc_and_america_new_york,trading-manager/src/trading_manager_tasks/agent_error_handler.py,server_wide_agent_error_handoff;discord_alert;timestamp;owner_visibility,sync_artifact,Discord error alerts include occurred and recorded timestamps in UTC and America/New_York so owner follow-up can correlate messages with logs.,2026-05-13 09:15:26.640232-04,2026-05-17 02:10:11.268482-04
cfg_AGENTERR005,config,MANAGER_AGENT_ERROR_DEDUP_POLICY,text,fingerprint_excludes_occurrence_time_and_log_paths;dedup_window_seconds=3600;duplicate_notifications_suppressed_by_default,trading-manager/src/trading_manager_tasks/agent_error_handler.py,server_wide_agent_error_handoff;deduplication;discord_alert;owner_visibility,sync_artifact,Repeated errors with the same fingerprint inside the dedup window reuse the same ERR number and suppress duplicate Discord notifications unless explicitly overridden.,2026-05-13 09:15:26.640232-04,2026-05-17 02:10:11.268482-04
cfg_AGENTERR003,config,MANAGER_AGENT_ERROR_DISCORD_NOTIFICATION_POLICY,text,best_effort_notify_after_artifact_write;notification_failure_must_not_block_error_artifacts_or_diagnosis_queue,trading-manager/src/trading_manager_tasks/agent_error_handler.py,server_wide_agent_error_handoff;discord_alert;failure_is_nonblocking,sync_artifact,"Discord alerting for server errors is best-effort and must not block request/diagnosis artifact creation, queued diagnosis, or safe failure handling.",2026-05-13 08:41:29.832525-04,2026-05-17 02:10:11.268482-04
cfg_AGENTERR002,config,MANAGER_AGENT_ERROR_DISCORD_NOTIFICATION_TARGET,text,discord_server=1480186849241731084;discord_channel=1504100135200620665;target=channel:1504100135200620665,/root/projects/trading-manager/deploy/systemd/trading-manager-historical-scheduler.env,server_wide_agent_error_handoff;discord_alert;owner_visibility;openclaw_message_send,sync_artifact,Reviewed host notification target for server-wide error handoff alerts. Error artifacts remain durable source of truth; Discord delivery is best-effort owner visibility.,2026-05-13 08:41:29.832525-04,2026-05-17 02:10:11.268482-04
cfg_AGENTERR004,config,MANAGER_AGENT_ERROR_NUMBERING_POLICY,text,append_only_monotonic_error_ref_ERR_000001;request_id_remains_machine_stable_id;schema_version_carries_versioning,trading-manager/src/trading_manager_tasks/agent_error_handler.py,server_wide_agent_error_handoff;human_error_number;stable_id_policy,sync_artifact,Server errors receive monotonic owner-facing refs for chat follow-up. Business/storage ids remain stable semantic ids; versioning stays in schema_version.,2026-05-13 08:54:20.703493-04,2026-05-17 02:10:11.268482-04
cfg_AGENTERR001,config,MANAGER_AGENT_ERROR_SAFETY_BOUNDARY,text,no_provider_calls_no_broker_or_account_mutation_no_secret_exfiltration_no_destructive_storage_or_service_changes_without_separate_approval,trading-manager/src/trading_manager_tasks/agent_error_handler.py,server_wide_agent_error_handoff;safety_boundary;agent_repair,sync_artifact,"Central safety boundary for automated agent error diagnosis and repair. Internal reversible code/config/test/doc fixes are allowed; provider calls, broker/account mutation, secret exfiltration, destructive storage, service restarts, and package changes require a separate approval path.",2026-05-13 08:34:26.591917-04,2026-05-17 02:10:11.268482-04
cfg_MASP001,config,MANAGER_AUTONOMOUS_SCHEDULER_POLICY,text,continuous_safe_work;data_acquisition_to_feature_to_model_to_evaluation_to_promotion_review;autonomous_historical_provider_dispatch;agent_model_promotion_decision;storage_lifecycle_policy_execution;execution_priority_reserved;no_manual_one_task_prompting;layer_01_02_foundation_catch_up_priority;post_model_generation_rebuild_boundary,trading-manager/docs/98_automation_scheduler.md,trading-manager;scheduler;historical_training;manager_request;task_summary;model_promotion_review,sync_artifact,"Manager autonomous scheduler policy: keep continuous safe work and resource-aware execution, prioritize Layer 1/2 historical substrate catch-up to current before ordinary Layer 3+ target work, and treat model-generation-and-later artifacts as rebuild-required after the foundation substrate is current.",2026-05-10 00:45:35.136004-04,2026-05-17 02:10:11.268482-04
cfg_MGRART001,config,MANAGER_COMPONENT_ARTIFACT_DISCOVERY_POLICY,text,outputs_are_downstream_artifacts;steps_references_are_supporting_artifacts;repo_scoped_storage_uris;infer_kind_media_type_row_count;collapse_duplicate_references;no_provider_calls_no_stage_unlock,trading-manager/docs/95_task_system.md,component_completion_receipt;artifact_ref;ready_signal;manager_stage_coverage,sync_artifact,Manager discovers artifact refs from component receipt outputs and step references. It records concise output/supporting artifact metadata without copying payloads; duplicate refs are collapsed; discovered artifacts do not imply additional provider calls or full stage coverage.,2026-05-10 09:44:43.438517-04,2026-05-17 02:10:11.268482-04
cfg_MSH011,config,MANAGER_CONTRACT_SQL_TABLES,text,trading_manager.manager_request;trading_manager.input_binding;trading_manager.run_manifest;trading_manager.run_step;trading_manager.artifact_ref;trading_manager.ready_signal;trading_manager.task_summary,trading-manager/docs/95_task_system.md,trading-manager;control_plane;task_system;component_requests;component_completion_receipts;global_task_summary,sync_artifact,"Minimal manager task-system tables plus the derived global task_summary view. Requests are centralized in manager_request; component completion receipts are normalized into run_manifest, artifact_ref, and ready_signal rows; task_summary is read-only derived state.",2026-05-08 10:50:33.010938-04,2026-05-17 02:10:11.268482-04
cfg_MGRINFO001,config,MANAGER_CONTROLLED_INFORMATION_PASS_POLICY,text,start_2016_01;measure_before_widening_defaults;provider_calls_zero;model_activation_false;broker_execution_false;storage_lifecycle_mutation_false;information_topics_provider_concurrency_target_queue_dataset_thresholds_artifact_discovery_storage_lifecycle,trading-manager/docs/101_controlled_information_pass.md,manager_controlled_information_pass;scheduler_defaults;provider_dispatch_defaults;storage_lifecycle_defaults,sync_artifact,"Before accepting broad defaults, manager gathers evidence for provider dispatch, concurrency, L3-L7 target queues, dataset thresholds, artifact discovery, and storage lifecycle from the first formal historical month.",2026-05-10 09:15:08.222255-04,2026-05-17 02:10:11.268482-04
cfg_MDSE002,config,MANAGER_DATASET_EVIDENCE_POLICY,text,collect_existing_snapshot_split_label_eval_artifact_ready_signal_evidence;feed_planner_without_adding_decision_rule_system;no_provider_calls;no_model_activation;no_broker_execution,trading-manager/docs/100_dataset_expansion.md,trading-manager;dataset_expansion;historical_training;manager_dataset_evidence,sync_artifact,Dataset evidence collection policy: manager inventories existing evidence and feeds the existing expansion planner rather than creating a second decision-rule system.,2026-05-10 02:03:55.849215-04,2026-05-17 02:10:11.268482-04
cfg_MDSE001,config,MANAGER_DATASET_EXPANSION_POLICY,text,manager_selects_next_dataset_role;layer_dependency_order;train_then_calibration_then_validation_then_test;forward_holdout_for_split_stability_drift_coverage;shadow_only_after_production_approval;provider_calls_use_autonomous_historical_acquisition,trading-manager/docs/100_dataset_expansion.md,trading-manager;dataset_expansion;historical_training;promotion_readiness;autonomous_historical_provider_acquisition,sync_artifact,"Dataset expansion policy: manager decides which layer/role to expand next, prepares safe artifacts/payloads, and may automatically run historical provider acquisition. Expansion still does not approve model activation, promotion, or broker execution.",2026-05-10 01:53:50.326419-04,2026-05-17 02:10:11.268482-04
cfg_MGRFAILREV001,config,MANAGER_FAILED_REQUEST_AGENT_REVIEW_REQUIRED_POLICY,text,all_failed_requests_require_agent_failure_review;accepted_failure_requires_agent_review_ref;preserve_failed_task_state;operator_approval_may_accept_agent_review;do_not_unlock_from_unreviewed_failures,trading-manager/docs/95_task_system.md,manager_stage_coverage;manager_stage_coverage_accepted_failure_review;trading_manager.task_summary,sync_artifact,Every failed component request must be evaluated by an agent before manager can accept the failure as normal/expected and unlock downstream coverage. Accepted-failure coverage requires an agent review evidence reference and preserves failed_count separately from accepted_failed_count.,2026-05-10 10:08:42.960179-04,2026-05-17 02:10:11.268482-04
cfg_MGRFAILREG001,config,MANAGER_FAILURE_REGISTER_CONTRACT,text,manager_failure_register;observed;agent_review_required;retry_required;corrected;accepted_skip;unresolved;skip_future_matching,trading-manager/docs/95_task_system.md,trading_manager.failure_register;manager_stage_coverage;manager_provider_dispatch_summary,sync_artifact,Durable register for failed manager/component requests. All failures should be registered with current state. Correctable failures can move to corrected after agent-reviewed fix evidence. Expected historical absences can move to accepted_skip and may be skipped on future matching requests while preserving failure history.,2026-05-10 10:14:12.803862-04,2026-05-17 02:10:11.268482-04
cfg_MTS005,config,MANAGER_GLOBAL_TASK_SUMMARY_VIEW,text,trading_manager.task_summary,trading-manager/docs/95_task_system.md,task_system;global_task_summary;durable_sql;read_model,sync_artifact,"Read-only global task summary view over manager_request, run_manifest, artifact_ref, and ready_signal. It derives current task status and exposes priority_rank for ordered dashboards/CLIs.",2026-05-08 22:10:20.846875-04,2026-05-17 02:10:11.268482-04
cfg_MASR004,config,MANAGER_HISTORICAL_SCHEDULER_AUTO_SELECT_NEXT_WORK,text,auto_select_next_work,trading-manager/src/trading_manager_tasks/scheduler_daemon.py,trading-manager;scheduler;historical_training;daemon;manager_historical_work_selection;manager_scheduler_daemon_state,sync_artifact,"Daemon option that reviews completed/open month-scoped workflow checkpoints, resumes the earliest open month, or selects the next chronological month after the latest completed checkpoint without owner continuation prompts.",2026-05-11 02:49:18.420516-04,2026-05-17 02:10:11.268482-04
cfg_MASR003,config,MANAGER_HISTORICAL_SCHEDULER_MONTH_CURSOR,text,advance_month_on_complete,trading-manager/src/trading_manager_tasks/scheduler_daemon.py,trading-manager;scheduler;historical_training;daemon;chronological_forward;manager_scheduler_daemon_state,sync_artifact,"Daemon option that advances the current YYYY-MM cursor after terminal workflow completion, preserving old-to-new historical backfill without manual script chaining.",2026-05-11 02:39:27.298709-04,2026-05-17 02:10:11.268482-04
cfg_RTEB002,config,MANAGER_HISTORICAL_SCHEDULER_REALTIME_BOUNDARY,text,manager_historical_scheduler_reserves_capacity_for_realtime_monitoring_but_does_not_control_realtime_monitoring_runtime,trading-manager/docs/98_automation_scheduler.md,trading-manager;historical_scheduler;realtime_monitoring;capacity_reservation;not_runtime_control,sync_artifact,"Historical scheduler policy: reserve capacity and back off for realtime monitoring/execution, but never start, stop, schedule, or reconnect realtime provider monitoring processes.",2026-05-11 09:39:26.397107-04,2026-05-17 02:10:11.268482-04
cfg_MHSS001,config,MANAGER_HISTORICAL_SCHEDULER_REQUIRED_SERVICE_FLAGS,text,--execute-safe-preparation;--execute-safe-offline-stages;--execute-autonomous-provider-stages;--auto-select-next-work;--advance-month-on-complete,trading-manager/src/trading_manager_tasks/scheduler_status.py,trading-manager;scheduler;historical_training;daemon;systemd;observability;manager_historical_scheduler_status,sync_artifact,"Required reviewed daemon flags for service-owned historical operation. The status surface reports missing flags before host activation or restart; provider-stage execution is bounded to autonomous historical dispatch/reconcile slices while model, broker, and storage lifecycle gates remain hard.",2026-05-11 03:05:59.925698-04,2026-05-17 02:10:11.268482-04
cfg_MASR001,config,MANAGER_HISTORICAL_SCHEDULER_RUNTIME_FILES,text,state=storage/runtime/historical_scheduler_state.json;lock=storage/runtime/historical_scheduler.lock;decision_log=storage/runtime/historical_scheduler_decisions.jsonl,trading-manager/docs/99_historical_scheduler_runtime.md,trading-manager;scheduler;historical_training;daemon;runtime_files,sync_artifact,"Default ignored runtime-file layout for the resident historical scheduler: checkpoint state, single-instance lock, and append-only decision JSONL log.",2026-05-10 01:19:30.338532-04,2026-05-17 02:10:11.268482-04
cfg_MASR002,config,MANAGER_HISTORICAL_SCHEDULER_SERVICE_ENV,text,TRADING_MANAGER_HISTORICAL_START_MONTH;TRADING_MANAGER_HISTORICAL_END_MONTH;TRADING_MANAGER_HISTORICAL_INTERVAL_SECONDS,trading-manager/deploy/systemd/trading-manager-historical-scheduler.env,trading-manager;scheduler;historical_training;daemon;systemd;service_env,sync_artifact,Reviewed environment override template for the historical scheduler systemd service. Defaults preserve chronological-forward monthly operation and can be overridden by host operators after review.,2026-05-11 02:39:27.298709-04,2026-05-17 02:10:11.268482-04
cfg_DASHRM004,config,MANAGER_HISTORICAL_TASK_PROGRESS_SUMMARY_MODULE,text,trading_manager_tasks.dashboard_read_models,/root/projects/trading-manager/src/trading_manager_tasks/dashboard_read_models.py,historical_task_progress_summary;dashboard_read_model;trading-manager;semantic_summary_producer,sync_artifact,Manager-owned implementation module for dashboard semantic summary producers. The first accepted producer converts historical scheduler/status evidence into historical_task_progress_summary payloads.,2026-05-12 04:31:49.927589-04,2026-05-17 02:10:11.268482-04
cfg_MGRL1FG001,config,MANAGER_LAYER_ONE_FEATURE_FROM_FEED_ARTIFACTS_POLICY,text,layer_01_market_regime.feature_generation materializes reviewed feed artifacts into source_01_market_regime before generating feature_01_market_regime; provider_calls=0; model_activation=false; broker_execution=false,trading-manager/docs/99_historical_scheduler_runtime.md,layer_01_market_regime.feature_generation;feature_01_market_regime;source_01_market_regime;01_feed_alpaca_bars,sync_artifact,"Layer 1 feature generation must consume already-acquired local feed artifacts rather than repeating provider calls. The stage may write SQL source/feature rows but must not call providers, activate models, or mutate broker/execution state.",2026-05-10 10:21:55.698568-04,2026-05-17 02:10:11.268482-04
cfg_MGRL2FG001,config,MANAGER_LAYER_TWO_FEATURE_FROM_FEED_ARTIFACTS_POLICY,text,layer_02_sector_context.feature_generation materializes reviewed feed artifacts into source_01_market_regime before generating feature_02_sector_context; provider_calls=0; model_activation=false; broker_execution=false,trading-manager/docs/99_historical_scheduler_runtime.md,layer_02_sector_context.feature_generation;feature_02_sector_context;source_01_market_regime;01_feed_alpaca_bars,sync_artifact,"Layer 2 feature generation must consume already-acquired local feed artifacts rather than repeating provider calls. The stage may write SQL source/feature rows but must not call providers, activate models, or mutate broker/execution state.",2026-05-10 11:29:39.990567-04,2026-05-17 02:10:11.268482-04
cfg_MMHP001,config,MANAGER_MARKET_HOURS_HISTORICAL_PAUSE_POLICY,text,pre_promotion_full_training_mode;market_hours_historical_training_backoff_disabled_until_production_model_activation;resource_pressure_gate_still_active;historical_provider_calls_run_autonomously_under_resource_controls;model_activation_requires_agent_promotion_decision;broker_order_fill_account_mutation_still_blocked;reenable_market_hours_protection_before_live_trading,trading-manager/docs/98_automation_scheduler.md,trading-manager;scheduler;market_hours;historical_training;live_monitoring;execution_system,sync_artifact,"Current pre-promotion scheduler policy: no production model/live trading capacity is active yet, so regular-session market-hours backoff is disabled to prioritize first promotable-model evidence. Host resource gates remain active; historical provider acquisition is autonomous; model activation requires agent promotion decision evidence; broker/execution mutation gates remain hard. Re-enable market-hours protection before production model activation/live trading.",2026-05-10 00:45:35.136004-04,2026-05-17 02:10:11.268482-04
cfg_MGRPDISP001,config,MANAGER_PROVIDER_DISPATCH_FAILURE_POLICY,text,autonomous_historical_provider_acquisition;continue_on_error_allowed_for_per_request_failures;failed_component_receipts_are_ingested;batch_failure_does_not_unlock_stage;broker_and_model_activation_still_forbidden,trading-manager/docs/95_task_system.md,manager_provider_dispatch_summary;autonomous_historical_provider_acquisition;component_completion_receipt;manager_stage_coverage,sync_artifact,"Manager may continue a historical provider batch after individual request failures so failed component receipts can be persisted and reviewed. This does not unlock downstream workflow stages, approve model activation, or permit broker/order/account mutation.",2026-05-10 09:48:28.262186-04,2026-05-17 02:10:11.268482-04
cfg_MRTD001,config,MANAGER_REALTIME_SHADOW_HANDOFF_POLICY,text,execution_input_and_model_route_plan_required;layer_1_8_coverage_required;ready_signal_kind_realtime_shadow_decision_handoff_ready;fixture_or_shadow_only;generic_receipt_persistence_requires_reviewed_receipt_uri;no_provider_calls;no_model_activation;no_order_authority,trading-manager/docs/95_task_system.md,trading-manager;realtime_shadow_decision_handoff;manager_control_plane;approval_gate;task_summary,sync_artifact,"Policy that manager may observe realtime execution->model shadow handoffs through receipts and normalized rows, but the handoff does not authorize provider streams, model activation, production decisions, broker orders, persistence, or account mutation by itself.",2026-05-11 05:34:25.958335-04,2026-05-17 02:10:11.268482-04
cfg_MTS006,config,MANAGER_REQUEST_PAYLOAD_STORAGE_ROOT,text,storage,trading-manager/docs/95_task_system.md,task_system;parameter_ref;local_development_storage;request_payload,sync_artifact,Default local development root for materializing storage://trading-manager/... parameter payloads. Local fixture payloads are not production storage and must not be treated as production-ready artifacts.,2026-05-09 02:16:52.22199-04,2026-05-17 02:10:11.268482-04
cfg_MSH002,config,MANAGER_REQUEST_REQUIRED_FIELDS,text,contract_type;request_id;request_kind;created_at_utc;requested_by;target_component_id;target_repo_id;expected_outputs;policy_refs;status,trading-manager/docs/93_contracts.md,manager_request;trading_manager.manager_request;control_plane;durable_sql,sync_artifact,"Concise required logical fields for manager_request. Optional policy, priority, parent, parameter, and dry-run fields remain table columns without bloating the required contract.",2026-05-08 04:30:17.843955-04,2026-05-17 02:10:11.268482-04
cfg_MRBP001,config,MANAGER_RESOURCE_BUDGET_POLICY,text,live_trading_capacity_reserved;historical_worker_count_capacity_adaptive;pause_or_throttle_on_resource_pressure;prefer_restartable_receipt_backed_batches;provider_rate_limits_respected,trading-manager/docs/98_automation_scheduler.md,trading-manager;scheduler;resource_budget;historical_training;live_monitoring;execution_system,sync_artifact,"Resource-budget policy for manager automation: historical training can use concurrency only after reserving live monitoring/order-routing capacity and must throttle under CPU, memory, disk, database, provider, or live-system pressure.",2026-05-10 00:45:35.136004-04,2026-05-17 02:10:11.268482-04
cfg_MGRSTCOV002,config,MANAGER_STAGE_COVERAGE_ACCEPTED_FAILURE_POLICY,text,preserve_failed_count;accepted_failed_count_is_separate;ready_plus_accepted_failed_may_unlock_when_expected_count_met;accepted_failure_requires_review_evidence;do_not_rewrite_failed_tasks_to_ready,trading-manager/docs/95_task_system.md,manager_stage_coverage;manager_model_training_workflow_state;trading_manager.task_summary,sync_artifact,"Stage coverage may pass with failed component tasks only when each failure has reviewed accepted-failure evidence, such as not-yet-listed historical absence. The failed task state remains visible; accepted_failed_count is a separate coverage exception count.",2026-05-10 10:05:28.229672-04,2026-05-17 02:10:11.268482-04
cfg_MGRSCOV001,config,MANAGER_STAGE_COVERAGE_UNLOCK_POLICY,text,task_level_ready_signal_not_stage_completion;partial_ready_blocks_downstream;full_expected_coverage_required;can_unlock_downstream_true_required,trading-manager/docs/95_task_system.md,manager_stage_coverage;manager_model_training_workflow_state;layer_01_market_regime.data_acquisition,sync_artifact,A workflow stage may move from ready to succeeded from SQL-derived evidence only when manager_stage_coverage reports status=ready and can_unlock_downstream=true. Example: 3/22 Layer 1 January 2016 provider receipts remain partial_ready.,2026-05-10 09:40:38.817704-04,2026-05-17 02:10:11.268482-04
cfg_MSH001,config,MANAGER_STORAGE_HANDOFF_CONTRACTS,text,component_ref;manager_request;input_binding;run_manifest;run_step;artifact_ref;ready_signal,trading-manager/docs/93_contracts.md,manager_request;input_binding;run_manifest;run_step;artifact_ref;ready_signal;manager_failure_register;stable_semantic_names,sync_artifact,SQL-backed manager/control-plane contract tables use stable unversioned contract_type values; schema versioning belongs in schema metadata and migration history.,2026-05-08 04:30:17.843955-04,2026-05-17 02:10:11.268482-04
cfg_MTS004,config,MANAGER_TASK_PRIORITY_SORT_ORDER,text,critical=10;high=20;normal=30;low=40;backlog=50;then_deadline_at_utc;then_created_at_utc;then_request_id,trading-manager/docs/95_task_system.md,task_system;task_summary;priority_ordering,sync_artifact,Canonical sort order for global task summary queries.,2026-05-08 22:10:20.846875-04,2026-05-17 02:10:11.268482-04
cfg_MTS003,config,MANAGER_TASK_PRIORITY_VALUES,text,critical;high;normal;low;backlog,trading-manager/docs/95_task_system.md,task_system;manager_request;task_summary;priority_ordering,sync_artifact,Accepted manager task priority values in descending order. Default priority is normal.,2026-05-08 22:10:20.846875-04,2026-05-17 02:10:11.268482-04
cfg_MTS001,config,MANAGER_TASK_SYSTEM_POLICY,text,manager_issues_requests;components_emit_completion_receipts;manager_records_run_artifact_ready_facts;payloads_by_reference;no_component_private_queue_schema_in_manager,trading-manager/docs/95_task_system.md,task_system;manager_request;run_manifest;artifact_ref;ready_signal;all_components,sync_artifact,Unified control-plane policy for all component task requests and completion receipts.,2026-05-08 21:37:44.581347-04,2026-05-17 02:10:11.268482-04
cfg_MPC003,config,MODEL_LAYER_03_PRODUCTION_EVAL_SUBSTRATE_RECEIPT,text,layer_3:model_03_target_state_vector:snapshot=mdsnap_9b7c3bd598114c7c:eval=mdevrun_327616bb447ceb5b:features=576:model_rows=576:labels=1604:candidate=mpcand_1b077bca49a18dbf:decision=mpdec_70fef0f31847cc1c:status=deferred:blockers=upstream_layer_1_2_not_active_and_calibration_missing,trading-model/docs/96_promotion_closeout.md,model_governance;model_promotion;production_eval_substrate;layer_3;target_state_vector,registry_only,"Layer 3 now has real PostgreSQL production-evaluation substrate and passed measured thresholds, but the reviewer-agent decision remains deferred because Layer 1 and Layer 2 are not production-approved/active and Layer 3 calibration evidence is missing. No activation is approved.",2026-05-08 01:25:17.308048-04,2026-05-17 02:10:11.268482-04
cfg_MLRP003,config,MODEL_LAYER_CONCEPTUAL_REORDER_POLICY,text,layer_01_market_regime;layer_02_sector_context;layer_03_target_state_vector;layer_04_event_failure_risk;layer_05_alpha_confidence;layer_06_position_projection;layer_07_underlying_action;layer_08_trading_guidance;layer_09_event_risk_governor,trading-model/docs/94_model_stack_closeout.md;trading-model/docs/05_layer_04_event_failure_risk.md;trading-manager/docs/81_decision.md,trading-model;trading-data;trading-manager;model_training_workflow;event_failure_risk_model;event_risk_governor;trading_guidance;current_physical_names,sync_artifact,"Active layer order accepted on 2026-05-17 and physically aligned on 2026-05-17: Layer 4 is EventFailureRiskModel for agent-accepted event/strategy-failure factors; AlphaConfidence, PositionProjection, UnderlyingAction, TradingGuidance/OptionExpression, and EventRiskGovernor are Layers 5-9. Active script/package/table names use the current nine-layer numbering; historical/applied migration records may retain prior names.",2026-05-15 03:40:42.121188-04,2026-05-17 02:10:11.268482-04
cfg_MGRMDT001,config,MODEL_MISSING_DATA_TOLERANCE_POLICY,text,valid_absent_history_is_terminal_evidence;no_data_not_yet_listed_is_not_provider_failure;zero_row_receipts_may_count_as_ready_coverage;coverage_and_data_quality_scores_carry_missingness;promotion_gates_may_block_low_coverage;do_not_fabricate_bars,trading-model/docs/02_layer_01_market_regime.md;trading-manager/docs/95_task_system.md,manager_stage_coverage;ready_signal;model_01_market_regime;model_01_market_regime_diagnostics;model_promotion_metric,sync_artifact,Historical model construction must tolerate explainable missing observations. Not-yet-listed symbols and reviewed provider no-data responses should become explicit coverage/missingness evidence rather than fabricated data or unbounded retries; low coverage can still block promotion/downstream unlocks.,2026-05-10 10:00:36.731689-04,2026-05-17 02:10:11.268482-04
cfg_MPC002,config,MODEL_PROMOTION_CLOSEOUT_BLOCKERS,text,layer_1_failed_baseline_leakage_alignment_model_row_count_stability;layer_2_failed_baseline_improvement_split_stability;layer_3_real_eval_deferred_upstream_layer_1_2_not_active_and_calibration_missing;layers_4_8_agent_reviewed_missing_production_eval_run_labels_metrics,trading-model/docs/96_promotion_closeout.md,model_governance;model_promotion;promotion_blockers;layers_1_9,registry_only,Current blocker summary from the production-promotion closeout pass. Layer 3 has real production-evaluation substrate but is still deferred; Layers 4-8 blockers were reviewed by the promotion reviewer agent and prevent production approval or activation.,2026-05-08 00:49:12.070033-04,2026-05-17 02:10:11.268482-04
cfg_MPC001,config,MODEL_PROMOTION_CLOSEOUT_DECISION_RECEIPTS,text,layer_1:model_01_market_regime:mdevrun_1d00f2757982bd63:mpcand_b79411e80a774787:mpdec_d743cb5dbc8159f2:deferred;layer_2:model_02_sector_context:mdevrun_00c81e53569941df:mpcand_a6044e72162553f9:mpdec_3ab83ea1f423326d:deferred;layer_3:model_03_target_state_vector:mdevrun_327616bb447ceb5b:mpcand_1b077bca49a18dbf:mpdec_70fef0f31847cc1c:deferred;layer_4:model_05_alpha_confidence:mdevrun_closeout_l05_no_eval_substrate_20260508:mpcand_72289e5cc95ae2d5:mpdec_9c3e19d6559ef55b:deferred;layer_5:model_06_position_projection:mdevrun_closeout_l06_no_eval_substrate_20260508:mpcand_622c6ffa9ffca030:mpdec_b118232e76fae092:deferred;layer_6:model_07_underlying_action:mdevrun_closeout_l07_no_eval_substrate_20260508:mpcand_d4911cef39a14b97:mpdec_fabc9c709149a698:deferred;layer_7:model_08_option_expression:mdevrun_closeout_l08_no_eval_substrate_20260508:mpcand_9de333239d5c3f12:mpdec_e7448aaab1334345:deferred;layer_8:model_09_event_risk_governor:mdevrun_closeout_l04_no_eval_substrate_20260508:mpcand_6ab73401f22ab057:mpdec_76b07ea01a3f525b:deferred,trading-model/docs/96_promotion_closeout.md,model_governance;model_promotion;promotion_decision;promotion_closeout;layers_1_9,registry_only,Persisted promotion closeout decision receipts mapped to the current conceptual layer order. deferred decisions leave active config pointers unchanged.,2026-05-08 00:49:12.070033-04,2026-05-17 02:10:11.268482-04
cfg_MPR001,config,MODEL_PROMOTION_READINESS_CHECKLIST,text,dataset_snapshot_ref;dataset_split_ref;eval_label_refs;eval_run_ref;promotion_metric_refs;promotion_candidate_ref;thresholds_ref;baseline_comparison_ref;split_stability_ref;leakage_check_ref;calibration_report_ref;decision_record_ref,trading-model/docs/95_promotion_readiness.md,model_governance;model_promotion;model_evaluation;production_hardening;layers_1_9,registry_only,Accepted production-promotion readiness checklist for Layers 1-8. Missing evidence or failed gates require a deferred promotion decision; this row does not approve any production promotion.,2026-05-08 00:04:11.49756-04,2026-05-17 02:10:11.268482-04
cfg_MPR002,config,MODEL_PROMOTION_READINESS_STATUS_MATRIX,text,layer_1_deferred_after_real_evaluation;layer_2_deferred_after_real_evaluation;layer_3_real_production_eval_substrate_deferred_upstream_dependencies_and_calibration;layer_4_agent_reviewed_deferred_no_production_eval_substrate;layer_5_agent_reviewed_deferred_no_production_eval_substrate;layer_6_agent_reviewed_deferred_no_production_eval_substrate;layer_7_agent_reviewed_deferred_no_production_eval_substrate;layer_8_agent_reviewed_deferred_no_production_eval_substrate,trading-model/docs/96_promotion_closeout.md,model_governance;model_promotion;production_hardening;layers_1_9,registry_only,Current production-promotion closeout status after persisted decisions for every Layer 1-8 model. Layers 1-2 deferred after real database evaluation; Layer 3 deferred after real production-evaluation substrate because upstream dependencies and calibration are missing; Layers 4-8 deferred after reviewer-agent closeout because production evaluation substrate is missing. No production activation is approved.,2026-05-08 00:04:11.49756-04,2026-05-17 02:10:11.268482-04
cfg_UMP001,config,MODEL_PROMOTION_UNIFIED_REVIEW_POLICY,text,candidate_ref_required;evaluation_run_refs_optional;evidence_refs_optional;activation_requires_approved_review_decision;deferred_rejected_failed_partial_must_not_activate,trading-manager/docs/96_model_promotion.md,model_promotion_review;review_decision;activation_record;promotion_control_plane,sync_artifact,"Shared manager policy for the unified model-promotion review entrypoint. A request may ask for review, but activation is valid only after an approving review decision.",2026-05-08 22:35:37.556276-04,2026-05-17 02:10:11.268482-04
cfg_UMP002,config,MODEL_PROMOTION_UNIFIED_TARGETS,text,model_01_market_regime;model_02_sector_context;model_03_target_state_vector;model_05_alpha_confidence;model_06_position_projection;model_07_underlying_action;model_08_option_expression;model_09_event_risk_governor,trading-manager/docs/96_model_promotion.md,model_promotion_review;layers_1_9;promotion_control_plane,sync_artifact,"Canonical model ids accepted by the unified manager-side promotion review request planner, ordered by current conceptual and physical layer order.",2026-05-08 22:35:37.556276-04,2026-05-17 02:10:11.268482-04
cfg_MODEL_RTD001,config,MODEL_REALTIME_DECISION_HANDOFF_POLICY,text,execution_model_decision_input_snapshot_required;fixture_replay_or_shadow_monitoring_only;layer_1_8_route_coverage_required;no_generator_execution_by_route_plan;no_production_model_activation;no_order_authority,trading-model/docs/98_realtime_decision_handoff.md,trading-model;trading-execution;realtime_decision_handoff;historical_model_decision_route;approval_gate,sync_artifact,Policy that realtime execution inputs may enter trading-model only through explicit model decision input snapshots and route plans. Route plans are fixture/shadow only and do not authorize production model activation or execution.,2026-05-11 05:20:41.777044-04,2026-05-17 02:10:11.268482-04
cfg_RTFV002,config,MODEL_VALIDATION_EVIDENCE_VIEW_POLICY,text,report_historical_broad_sample;report_historical_live_route_simulation;report_realtime_shadow_forward_after_label_maturity;defer_if_missing_baseline_stability_leakage_calibration_context,trading-model/docs/95_promotion_readiness.md,trading-model;promotion_readiness;baseline_comparison;split_stability;leakage_check;calibration_report,sync_artifact,"Promotion evidence should keep historical broad-sample, historical live-route simulation, and realtime shadow/forward views separate; missing baseline, stability, leakage, calibration, or dataset context remains a defer condition.",2026-05-11 04:27:16.817757-04,2026-05-17 02:10:11.268482-04
cfg_MODWORK001,config,MODEL_WORKER_FOLD_QUEUE_RUNTIME,text,complete_six_month_foundation_fold_selects_model_worker_1,trading-manager/src/trading_manager_tasks/scheduler_daemon.py;trading-manager/src/trading_manager_tasks/scheduler.py;trading-manager/docs/81_decision.md;trading-manager/docs/99_historical_scheduler_runtime.md,historical_scheduler;model_worker_1;rolling_fold;promotion_review,sync_artifact,"Model Worker 1 selects the earliest complete six-month Layer 1/2 foundation fold and runs fold-scoped model generation, model evaluation, Promotion Review, and maintenance while month-ingest lanes continue catch-up.",2026-05-14 10:38:13.160871-04,2026-05-17 02:10:11.268482-04
cfg_FOLDSTEP001,config,MODEL_WORKER_NON_OVERLAPPING_HALF_YEAR_FOLDS,text,2016-01..2016-06;2016-07..2016-12;step_months=6,trading-manager/src/trading_manager_tasks/scheduler_daemon.py;trading-manager/docs/99_historical_scheduler_runtime.md,historical_scheduler;model_worker_1;fold_selection;four_one_one_split,sync_artifact,"Model Worker 1 selects complete non-overlapping six-month folds. After fold_2016-01_2016-06 is complete, the next eligible fold is fold_2016-07_2016-12; overlapping fold_2016-02_2016-07 is invalid.",2026-05-14 11:17:35.171796-04,2026-05-17 02:10:11.268482-04
cfg_MWFP002,config,MODEL_WORKFLOW_SEGMENTED_LAYER_PROGRESSION_POLICY,text,layer_01_background_panel_six_month_unit;layer_02_sector_panel_six_month_unit;layers_03_08_target_symbol_six_month_unit;layer_08_option_expression_after_target_chain_complete;selected_target_symbol_required_for_layer_03_plus;reviewed_exception_required_for_target_fanout,trading-manager/docs/99_historical_scheduler_runtime.md,manager_model_training_workflow_plan;historical_training;scheduler;dataset_expansion;layer_01_market_regime;layer_02_sector_context;layer_03_target_state_vector;layer_04_event_failure_risk;model_05_alpha_confidence;model_06_position_projection;model_07_underlying_action;model_08_option_expression;model_09_event_risk_governor;current_physical_names,sync_artifact,Formal workflow progression is segmented by dataset unit: Layers 1-2 use one six-month panel; Layers 3-8 run one selected target symbol over one six-month unit; Layer 9 EventRiskGovernor is a separate event-risk overlay. Current layer_08_option_expression remains the option-expression stage token.,2026-05-10 05:22:07.987797-04,2026-05-17 02:20:25.026215-04
cfg_MBF005,config,MONTHLY_BACKFILL_CHRONOLOGICAL_FORWARD_POLICY,text,chronological_forward_backfill_policy;accepted_common_start=2016-01;clamp_earlier_requests_to_common_start;month_major_order;older_eligible_months_before_newer_months;reviewed_operator_exception_required_for_leapfrog,trading-manager/docs/94_monthly_backfill.md,monthly_backfill;historical_data_backfill;manager_request;scheduler;formal_operation,sync_artifact,Formal historical operation starts at the accepted common start month 2016-01 and advances old-to-new month by month. The planner clamps earlier requested months to 2016-01 and emits requests in month-major chronological order; skipping ahead requires a reviewed operator exception.,2026-05-10 04:50:16.499795-04,2026-05-17 02:10:11.268482-04
cfg_MBF001,config,MONTHLY_BACKFILL_COMMON_START_MONTH,text,2016-01,trading-manager/docs/94_monthly_backfill.md,monthly_backfill;historical_data_backfill;manager_request,sync_artifact,Accepted common historical start month for equity/news/SEC/ThetaData historical sources.,2026-05-08 21:20:10.009909-04,2026-05-17 02:10:11.268482-04
cfg_MBF002,config,MONTHLY_BACKFILL_CRYPTO_START_MONTH,text,2018-01,trading-manager/docs/94_monthly_backfill.md,monthly_backfill;okx_crypto_market_data;historical_data_backfill,sync_artifact,OKX crypto joins the monthly backfill plan later than the common start and does not block the 2016-01 historical route.,2026-05-08 21:20:10.009909-04,2026-05-17 02:10:11.268482-04
cfg_MBF004,config,MONTHLY_BACKFILL_EXCLUDED_CURRENT_ONLY_FEEDS,text,06_feed_etf_holdings;07_feed_trading_economics_calendar_web;09_feed_thetadata_option_selection_snapshot,trading-manager/docs/94_monthly_backfill.md,monthly_backfill;current_only_feed;point_in_time_leakage_guard,sync_artifact,Active feeds excluded from historical point-in-time backfill until a new historical route or leakage review is accepted.,2026-05-08 21:20:10.009909-04,2026-05-17 02:10:11.268482-04
cfg_MBF003,config,MONTHLY_BACKFILL_INCLUDED_HISTORICAL_FEEDS,text,01_feed_alpaca_bars;02_feed_alpaca_liquidity;03_feed_alpaca_news;05_feed_gdelt_news;08_feed_sec_company_financials;10_feed_thetadata_option_primary_tracking;11_feed_thetadata_option_event_timeline;04_feed_okx_crypto_market_data@2018-01,trading-manager/docs/94_monthly_backfill.md,monthly_backfill;historical_data_backfill;trading-data,sync_artifact,Default monthly historical backfill feeds. OKX is included with its later effective start month.,2026-05-08 21:20:10.009909-04,2026-05-17 02:10:11.268482-04
cfg_FOLDSTAGE001,config,MONTHLY_SUBSTRATE_FOLD_MODEL_STAGE_BOUNDARY,text,data_acquisition_and_feature_generation_are_month_scoped;model_generation_and_later_are_fold_scoped,trading-manager/src/trading_manager_tasks/model_training_workflow.py;trading-manager/src/trading_manager_tasks/scheduler_daemon.py;trading-manager/docs/99_historical_scheduler_runtime.md,historical_scheduler;month_ingest_workers;model_worker_1;data_acquisition;feature_generation;model_generation;model_evaluation;promotion_review;maintenance,sync_artifact,"Month Ingest Workers own single-month substrate stages: data_acquisition and feature_generation/input preparation. Model Worker 1 owns only fold-scoped model_generation, model_evaluation, promotion_review, and maintenance after every month in the fold has completed substrate stages.",2026-05-14 11:31:09.915385-04,2026-05-17 02:10:11.268482-04
cfg_NEBP001,config,NASDAQ_EARNINGS_BASELINE_TASK_KEY_STORAGE_POLICY,text,storage/earnings_guidance_baseline/nasdaq_earnings_calendar/YYYY-MM-DD/task_key.json,trading-manager/docs/95_task_system.md,manager_task_system;expectation_baseline;nasdaq_earnings_calendar,sync_artifact,Prepared Nasdaq baseline snapshot task keys are stored by calendar date under the manager earnings_guidance_baseline namespace.,2026-05-15 23:13:13.915844-04,2026-05-17 02:10:11.268482-04
cfg_NEBP002,config,NASDAQ_EARNINGS_BASELINE_USE_POLICY,text,use_epsForecast_only_when_captured_before_event;exclude_eps_actual_and_surprise_fields,trading-manager/src/trading_manager_tasks/nasdaq_earnings_baseline.py,nasdaq_earnings_calendar;expectation_baseline;point_in_time_policy;signed_direction_claims,sync_artifact,Future Nasdaq EPS baseline artifacts may use pre-event EPS forecast fields only; actual EPS and surprise fields are forbidden baseline inputs.,2026-05-15 23:13:13.915844-04,2026-05-17 02:10:11.268482-04
cfg_EGBS001,config,NASDAQ_EARNINGS_CALENDAR_PIT_BASELINE_POLICY,text,future_eps_consensus_route_requires_clean_pre_event_snapshot_and_must_not_use_post_event_actual_or_surprise_fields,trading-model/docs/101_earnings_guidance_event_family_packet.md,nasdaq_earnings_calendar;expectation_baseline;point_in_time_policy;signed_direction_claims,sync_artifact,Nasdaq earnings-calendar EPS forecast fields may be future baseline candidates only when captured before the event with PIT clocks; historical post-event snapshots containing actual/surprise fields are rejected.,2026-05-15 23:01:42.30541-04,2026-05-17 02:10:11.268482-04
cfg_NEBE002,config,NASDAQ_EPS_BASELINE_EXECUTION_NON_CLAIM_POLICY,text,baseline_output_is_not_beat_miss_guidance_raise_cut_signed_alpha_model_activation_or_broker_mutation,trading-execution/docs/05_decision.md,nasdaq_earnings_calendar;expectation_baseline;signed_direction_claims;trading_execution,sync_artifact,Nasdaq EPS baseline output is evidence only; signed earnings/guidance claims and event-risk interventions require later reviewed comparisons and gates.,2026-05-15 23:19:02.096364-04,2026-05-17 02:10:11.268482-04
cfg_NEBE001,config,NASDAQ_EPS_BASELINE_EXECUTION_ROW_ACCEPTANCE_POLICY,text,emit_only_when_epsForecast_present_capture_before_release_time_and_source_row_has_no_eps_or_surprise_fields,trading-execution/src/trading_execution/calendar_discovery/pipeline.py,nasdaq_earnings_calendar;expectation_baseline;point_in_time_policy;trading_execution,sync_artifact,"Execution skips Nasdaq baseline rows when actual EPS or surprise fields are present, or when captured_at is not before release_time.",2026-05-15 23:19:02.096364-04,2026-05-17 02:10:11.268482-04
cfg_NFEC002,config,NASDAQ_FUTURE_EARNINGS_BASELINE_COVERAGE_LIMIT,text,nasdaq_future_calendar_probe_supports_eps_forecast_not_revenue_consensus_or_guidance_expectation,trading-model/docs/101_earnings_guidance_event_family_packet.md,nasdaq_earnings_calendar;expectation_baseline;revenue_consensus;guidance_expectation,sync_artifact,The accepted future Nasdaq route is EPS-consensus candidate coverage only; revenue consensus and prior-guidance/guidance-consensus baseline routes remain separate gaps.,2026-05-15 23:08:06.372638-04,2026-05-17 02:10:11.268482-04
cfg_NFEC001,config,NASDAQ_FUTURE_EARNINGS_EPS_BASELINE_ROUTE_POLICY,text,future_eps_consensus_snapshot_route_requires_pre_event_capture_with_pit_clocks_and_excludes_actual_or_surprise_fields,trading-model/docs/101_earnings_guidance_event_family_packet.md,nasdaq_earnings_calendar;expectation_baseline;point_in_time_policy;signed_direction_claims,sync_artifact,Nasdaq can seed future EPS-consensus baseline snapshots only when captured before events with captured_at/as_of_time clocks; it is not accepted for post-event historical reconstruction.,2026-05-15 23:08:06.372638-04,2026-05-17 02:10:11.268482-04
cfg_GWAWFQJ2,config,OKX_SECRET_ALIAS,secret_alias,okx,/root/secrets/okx.json,trading-data;trading-execution,registry_only,"source-level secret JSON alias for OKX credentials and credential metadata; JSON keys include api_key, secret_key, passphrase, allowed_ip_address, and api_key_remark_name; secret values are stored outside Git",2026-04-26 00:23:32.872061-04,2026-05-17 02:10:11.268482-04
cfg_U8C2D6YA,config,OPENCLAW_DATABASE_URL_SECRET_ALIAS,secret_alias,openclaw/database-url,,,registry_only,"approved config key for the active OpenClaw PostgreSQL database URL secret alias; the registry stores the alias reference, not connection secret material",2026-04-25 21:10:25.004346-04,2026-05-17 02:10:11.268482-04
cfg_ABNCOV002,config,OPTION_ABNORMALITY_COVERAGE_COMPLETE_REQUIRED_EVIDENCE,text,call_put_side;aggressor_or_quote_side;ask_bid_touch_context;sweep_or_block_context;opening_or_closing_context;open_interest_or_oi_change;iv_level_and_change;skew_direction;term_structure_direction;underlying_confirmation_or_divergence;direction_confidence,trading-model/docs/99_activity_price_relationship_study.md,option_activity;activity_direction;event_activity_bridge;proof_gate,sync_artifact,Required option abnormality evidence before final bullish/bearish direction judgment. Partial pilots remain diagnostic only.,2026-05-15 06:07:04.780172-04,2026-05-17 02:10:11.268482-04
cfg_EFSC003,config,OPTION_ABNORMALITY_EVENT_RISK_AMPLIFIER_GATE,text,raw_option_abnormality_and_raw_news_proximity_not_sufficient;requires_event_interpretation_v1_family_materiality_lifecycle_controls,trading-model/docs/100_event_family_scouting.md,option_derivatives_abnormality;event_activity_bridge;event_risk_governor;activity_price_relationship_study,sync_artifact,"Promotion gate from 2026-05-15 diagnostics: option abnormality may be reconsidered as an event-risk amplifier only through reviewed event-family interpretation, not raw news proximity.",2026-05-15 09:29:46.110589-04,2026-05-17 02:10:11.268482-04
cfg_OANS001,config,OPTION_ABNORMALITY_STANDARD_SATURATION_BLOCKER,text,current_option_event_standard_saturated_no_clean_non_earnings_controls,trading-model/docs/99_activity_price_relationship_study.md,option_derivatives_abnormality;earnings_guidance_event_family;model_promotion,sync_artifact,Current option-event standard must not be used for earnings+option amplifier promotion because it emitted complete abnormality events across all reviewed non-earnings windows in the matrix sample.,2026-05-15 19:14:12.03455-04,2026-05-17 02:10:11.268482-04
cfg_APDIR003,config,OPTION_ACTIVITY_DIRECTION_EVIDENCE_FIELDS,text,option_right;trade_side_or_aggressor_side;call_put_imbalance;sweep_or_block_context;open_interest_change;opening_or_closing_context;iv_skew_direction;direction_confidence,trading-data/docs/81_decision.md,option_activity;activity_direction;event_activity_bridge;trading-data,sync_artifact,Option direction requires call/put side and aggressor/opening context when available. Raw call or put volume alone is not enough to assert direction.,2026-05-15 05:35:29.745742-04,2026-05-17 02:10:11.268482-04
cfg_OPDIR004,config,OPTION_ACTIVITY_DIRECTION_FORWARD_LABELS,text,underlying_signed_directional_forward_return;underlying_absolute_forward_return;option_contract_signed_forward_return;option_contract_absolute_forward_return;implied_vol_forward_change;skew_forward_change,trading-model/docs/99_activity_price_relationship_study.md,option_activity;training_labels;activity_direction;event_activity_bridge,sync_artifact,Forward labels for testing whether option activity has directional value for the underlying and/or the option contract itself.,2026-05-15 05:40:20.566437-04,2026-05-17 02:10:11.268482-04
cfg_OPDIR002,config,OPTION_ACTIVITY_DIRECTION_HYPOTHESES,text,ask_side_call_activity=bullish_activity;ask_side_put_activity=bearish_activity;bid_side_call_activity=bearish_activity_or_call_selling;bid_side_put_activity=bullish_activity_or_put_selling;call_put_ask_side_imbalance_positive=bullish_activity;call_put_ask_side_imbalance_negative=bearish_activity;iv_expansion_without_side=unknown_direction_activity;call_skew_richening=bullish_activity_or_upside_demand;put_skew_richening=bearish_activity_or_downside_demand,trading-model/docs/99_activity_price_relationship_study.md,option_activity;directional_classification;event_activity_bridge;training_labels,sync_artifact,"Initial option-direction hypotheses. They must be evaluated by signed directional forward labels, not assumed as facts.",2026-05-15 05:40:20.566437-04,2026-05-17 02:10:11.268482-04
cfg_OPDIR003,config,OPTION_ACTIVITY_DIRECTION_REQUIRED_COMPARISONS,text,call_ask_side_events_vs_non_event_option_windows;put_ask_side_events_vs_non_event_option_windows;call_put_ask_side_imbalance_buckets;iv_only_expansion_without_side_evidence;sweep_block_events_vs_ordinary_prints;opening_volume_vs_ambiguous_or_closing_volume;option_direction_confirmed_by_underlying_vs_option_underlying_divergence,trading-model/docs/99_activity_price_relationship_study.md,option_activity;activity_price_relationship_study;model_evaluation,sync_artifact,Required comparisons for the option-activity direction study.,2026-05-15 05:40:20.566437-04,2026-05-17 02:10:11.268482-04
cfg_OPDIR001,config,OPTION_ACTIVITY_DIRECTION_REQUIRED_EVIDENCE_FIELDS,text,option_right;trade_side_or_aggressor_side;ask_touch_ratio;bid_touch_ratio;sweep_or_block_context;trade_size;trade_notional;window_volume;open_interest_change;opening_or_closing_context;iv_change;skew_direction;term_structure_direction;direction_confidence,trading-model/docs/99_activity_price_relationship_study.md,option_activity;activity_direction;event_activity_bridge;activity_price_relationship_study,sync_artifact,Minimum evidence fields for option-activity direction studies. Raw call/put volume alone is not directional proof.,2026-05-15 05:40:20.566437-04,2026-05-17 02:10:11.268482-04
cfg_ABNCOV005,config,OPTION_EVENT_TIMELINE_ABNORMALITY_COVERAGE_OUTPUT_FIELDS,text,bid_touch_ratio;trade_notional;trade_side_evidence;sweep_or_block_context;open_interest_context;opening_or_closing_context;iv_change;skew_direction;term_structure_direction;underlying_confirmation_or_divergence;direction_confidence;abnormality_evidence_coverage,trading-data/src/data_feed/11_feed_thetadata_option_event_timeline/pipeline.py,option_activity_event_detail;option_abnormality_coverage;event_activity_bridge;proof_gate,sync_artifact,Concrete event-detail output fields used to decide whether option abnormality coverage is complete.,2026-05-15 06:17:08.441098-04,2026-05-17 02:10:11.268482-04
cfg_ABNCOV006,config,OPTION_EVENT_TIMELINE_AUTO_ENRICH_OPTION_CONTEXT,field_name,auto_enrich_option_context,trading-data/src/data_feed/11_feed_thetadata_option_event_timeline/pipeline.py,option_activity_event_detail;option_abnormality_coverage;directional_activity_evidence,sync_artifact,"Task-key switch enabling point-in-time ThetaData context enrichment for OI, IV/change, skew, term structure, and underlying confirmation evidence.",2026-05-15 06:49:04.746028-04,2026-05-17 02:10:11.268482-04
cfg_ABNCOV007,config,OPTION_EVENT_TIMELINE_OPTION_CONTEXT_INTERVAL,field_name,option_context_interval,trading-data/src/data_feed/11_feed_thetadata_option_event_timeline/pipeline.py,option_activity_event_detail;option_abnormality_coverage;directional_activity_evidence,sync_artifact,ThetaData historical Greeks interval for option context enrichment; default is 1m to avoid oversized one-second Greek responses.,2026-05-15 06:49:04.746028-04,2026-05-17 02:10:11.268482-04
cfg_ABNCOV008,config,OPTION_EVENT_TIMELINE_PRIOR_CONTEXT_DATE,field_name,prior_context_date,trading-data/src/data_feed/11_feed_thetadata_option_event_timeline/pipeline.py,option_activity_event_detail;option_abnormality_coverage;directional_activity_evidence,sync_artifact,Optional prior trading date used for point-in-time open-interest change comparison during option context enrichment.,2026-05-15 06:49:04.746028-04,2026-05-17 02:10:11.268482-04
cfg_ABNCOV009,config,OPTION_EVENT_TIMELINE_TERM_STRUCTURE_EXPIRATION,field_name,term_structure_expiration,trading-data/src/data_feed/11_feed_thetadata_option_event_timeline/pipeline.py,option_activity_event_detail;option_abnormality_coverage;directional_activity_evidence,sync_artifact,Optional comparison expiration used for same-strike term-structure context during option event enrichment.,2026-05-15 06:49:04.746028-04,2026-05-17 02:10:11.268482-04
cfg_OERB001,config,OPTION_EXPRESSION_BASELINE_LADDER,text,no_option_expression;underlying_only_expression;naive_atm_nearest_expiration_call_put;fixed_delta_fixed_dte_option;layer_7_full_contract_fit_model,trading-model/docs/09_layer_08_trading_guidance.md,option_expression_model;model_evaluation;promotion_evidence;baseline_ladder,registry_only,"Accepted Layer 8 option-expression evaluation baseline ladder. The current physical score/model namespace uses layer_08/model_08. The model must prove value versus no option, underlying-only expression, naive ATM option, fixed delta/DTE option, and full contract-fit model.",2026-05-07 11:14:57.940307-04,2026-05-17 02:10:11.268482-04
cfg_OEPB001,config,OPTION_EXPRESSION_BOUNDARY_POLICY,text,option_expression_not_broker_order;selected_contract_ref_not_broker_order_id;selected_contract_not_send_order;contract_constraints_not_route_or_time_in_force;premium_risk_plan_not_account_mutation;planned_premium_budget_not_final_order_quantity;expression_confidence_not_final_approval;no_broker_mutation;single_leg_long_options;no_0dte;no_adjusted_contracts;maintain_or_no_trade_means_no_option_expression;preferred_delta_range_hard_filter;target_range_moneyness_guardrail,trading-model/docs/09_layer_08_trading_guidance.md,option_expression_model;option_expression_plan;expression_vector;model_08_option_expression;underlying_action_plan;trading-execution,registry_only,"Layer 8 option-expression boundary policy: OptionExpressionModel produces an offline option-expression plan and expression vector. Current physical model_08/8_* names are active. It must not place orders, emit broker order fields, choose route/time-in-force, emit final order quantity, mutate broker/account state, create maintain/no-trade overlays in V1, use 0DTE in V1, use adjusted contracts in V1, select contracts outside the preferred delta policy, or select strikes outside coherent underlying-action target-range guardrails.",2026-05-07 10:47:23.517198-04,2026-05-17 02:23:46.500631-04
cfg_OEDLT001,config,OPTION_EXPRESSION_DELTA_POLICY,text,preferred_abs_delta_range=0.35-0.65;avoid_deep_otm_lottery_contracts,trading-model/docs/09_layer_08_trading_guidance.md,option_expression_model;option_expression_plan;contract_constraints;delta_policy,registry_only,"Accepted conservative Layer 8 V1 delta policy for single-leg long call/put expression. Future learned fit models may adjust by path quality, expected move, IV, liquidity, and theta pressure.",2026-05-07 11:14:57.940307-04,2026-05-17 02:10:11.268482-04
cfg_OEPD001,config,OPTION_EXPRESSION_DIAGNOSTIC_FIELD_FAMILIES,text,8_candidate_count;8_eligible_candidate_count;8_candidate_hard_filter_fail_reason_codes;8_contract_dte_fit_score;8_contract_spread_pct;8_contract_iv_rank;8_premium_risk_reason_codes;8_option_expression_reason_codes,trading-model/docs/09_layer_08_trading_guidance.md,option_expression_model;option_expression_plan;expression_vector;diagnostics;explainability,registry_only,"Reviewed Layer 8 diagnostic field-family tokens for candidate counts, per-candidate hard-filter reason codes, contract fit attribution, premium-risk attribution, and expression reason codes. Diagnostics are not default scalar score-family rows.",2026-05-07 10:47:23.517198-04,2026-05-17 02:25:32.471621-04
cfg_OEDTE001,config,OPTION_EXPRESSION_DTE_POLICY,text,5min_15min:3-7_no_0dte;60min:7-14;390min:7-21;multi_day:21-45,trading-model/docs/09_layer_08_trading_guidance.md,option_expression_model;option_expression_plan;contract_constraints;dte_policy,registry_only,Accepted conservative Layer 8 V1 DTE policy. DTE is a range tied to Layer 7 holding-time assumptions; V1 avoids 0DTE and extreme short-DTE lottery contracts.,2026-05-07 11:14:57.940307-04,2026-05-17 02:10:11.268482-04
cfg_OELBL001,config,OPTION_EXPRESSION_EVALUATION_LABEL_FAMILIES,text,realized_option_return_<horizon>;realized_option_mid_return_<horizon>;realized_option_bid_exit_return_<horizon>;realized_option_spread_cost_<horizon>;realized_iv_change_<horizon>;realized_theta_decay_<horizon>;realized_delta_path_exposure_<horizon>;underlying_target_hit_but_option_lost_label_<horizon>;option_no_expression_opportunity_cost_<horizon>;option_expression_avoided_loss_value_<horizon>;candidate_contract_utility_curve_<horizon>,trading-model/docs/09_layer_08_trading_guidance.md,option_expression_model;model_evaluation;labels;leakage_controls,registry_only,Reviewed Layer 8 offline evaluation label-family tokens. These labels must not be joined into inference rows.,2026-05-07 11:14:57.940307-04,2026-05-17 02:10:11.268482-04
cfg_OEML001,config,OPTION_EXPRESSION_MODEL_LAYER_POLICY,text,layer_08_after_underlying_action;uses_underlying_action_plan;uses_option_chain_context;no_broker_mutation;model_08_physical_surface,trading-model/docs/09_layer_08_trading_guidance.md,option_expression_model;model_08_option_expression;underlying_action_plan;underlying_action_vector;option_expression_plan;expression_vector,registry_only,"Layer policy for OptionExpressionModel: option expression is Layer 8, consumes Layer 7 underlying path assumptions plus option-chain context, and remains offline without broker mutation. Current physical names use model_08/8_*.",2026-05-07 09:17:56.607601-04,2026-05-17 02:10:11.268482-04
cfg_OEMG001,config,OPTION_EXPRESSION_MONEYNESS_GUARDRAIL,text,bullish_call_strike_not_above_target_price_high;bearish_put_strike_not_below_target_price_low;apply_only_when_layer_7_target_range_is_directionally_coherent,trading-model/docs/09_layer_08_trading_guidance.md,option_expression_model;option_expression_plan;contract_constraints;moneyness_policy;underlying_action_plan,registry_only,"Accepted Layer 8 V1 moneyness guardrail. Layer 8 uses Layer 7 target range to prevent lottery-like call strikes above coherent bullish target highs and put strikes below coherent bearish target lows. This is still offline contract selection, not execution.",2026-05-07 21:29:08.080839-04,2026-05-17 02:10:11.268482-04
cfg_OEPR001,config,OPTION_EXPRESSION_RESOLVED_FIELD_FAMILIES,text,8_resolved_expression_type;8_resolved_option_right;8_resolved_dominant_horizon;8_resolved_selected_contract_ref;8_resolved_contract_fit_score;8_resolved_expression_confidence_score;8_resolved_no_option_reason_codes;8_resolved_reason_codes,trading-model/docs/09_layer_08_trading_guidance.md,option_expression_plan;expression_vector;option_expression_model;model_08_option_expression;underlying_action_plan,registry_only,"Reviewed current 8_* resolved expression field-family tokens for Layer 8 option-expression. They communicate chosen option expression, selected point-in-time contract reference, fit/confidence, and no-option reason codes; they are not broker order fields.",2026-05-07 10:47:23.517198-04,2026-05-17 02:10:11.268482-04
cfg_OEPT001,config,OPTION_EXPRESSION_TYPES,text,long_call;long_put;no_option_expression,trading-model/docs/09_layer_08_trading_guidance.md,option_expression_plan;option_expression_model;model_08_option_expression;expression_type_policy,registry_only,"Accepted Layer 8 V1 option-expression type vocabulary. Current physical model_08/8_* names are active. V1 supports single-leg long call, single-leg long put, and no-option-expression outcomes only.",2026-05-07 10:47:23.517198-04,2026-05-17 02:20:25.026818-04
cfg_OEVH001,config,OPTION_EXPRESSION_VECTOR_HORIZONS,text,5min;15min;60min;390min,trading-model/docs/09_layer_08_trading_guidance.md,expression_vector;option_expression_model;model_08_option_expression;option_expression_plan,registry_only,Accepted OptionExpressionModel V1 horizons. 390min means one regular US equity session-equivalent horizon measured in tradable minutes; label builders must document same-session vs next-session-close resolution and use purge/embargo controls.,2026-05-07 10:47:23.517198-04,2026-05-17 02:10:11.268482-04
cfg_OEVS001,config,OPTION_EXPRESSION_VECTOR_SCORE_FAMILIES,text,8_option_expression_eligibility_score_<horizon>;8_option_expression_direction_score_<horizon>;8_option_contract_fit_score_<horizon>;8_option_liquidity_fit_score_<horizon>;8_option_iv_fit_score_<horizon>;8_option_greek_fit_score_<horizon>;8_option_reward_risk_score_<horizon>;8_option_theta_risk_score_<horizon>;8_option_fill_quality_score_<horizon>;8_option_expression_confidence_score_<horizon>,trading-model/docs/09_layer_08_trading_guidance.md,expression_vector;option_expression_model;model_08_option_expression;state_vector_value;option_expression_plan,registry_only,"Accepted current 8_* OptionExpressionModel scalar score-family tokens for Layer 8. These 10 families separate option-expression eligibility, signed expression direction, contract fit, liquidity fit, IV fit, Greek fit, reward/risk, theta risk, fill quality, and expression confidence.",2026-05-07 10:47:23.517198-04,2026-05-17 02:10:11.268482-04
cfg_PPVBP001,config,POSITION_PROJECTION_BOUNDARY_POLICY,text,target_exposure_not_order_quantity;position_gap_not_execution_instruction;no_buy_sell_hold;no_instrument_selection;no_option_chain_features;point_in_time_position_cost_risk_only;final_adjusted_alpha_default,trading-model/docs/07_layer_06_position_projection.md,position_projection_model;position_projection_vector;model_06_position_projection;underlying_action_model;underlying_action_plan;option_expression_model;model_08_option_expression,registry_only,"Layer 6 boundary policy: target exposure is abstract risk exposure, position gap is not an execution instruction, and PositionProjectionModel does not emit buy/sell/hold/open/close/reverse, choose instruments, read option chains, or mutate broker/account state. Layer 7 owns planned direct-underlying action; Layer 8 owns option expression.",2026-05-07 02:36:52.773229-04,2026-05-17 02:23:05.952793-04
cfg_PPVD001,config,POSITION_PROJECTION_DIAGNOSTIC_FIELD_FAMILIES,text,6_raw_target_position_bias_score_<horizon>;6_raw_target_exposure_prior_score_<horizon>;6_alpha_position_conversion_score_<horizon>;6_effective_current_exposure_score;6_pending_adjusted_exposure_score;6_cost_adjustment_reason_codes;6_risk_budget_reason_codes;6_projection_reason_codes,trading-model/docs/07_layer_06_position_projection.md,position_projection_model;position_projection_vector;diagnostics;explainability,registry_only,"Reviewed Layer 5 diagnostic field-family tokens for raw alpha-to-position priors, effective exposure calculations, and risk/cost reason-code attribution. Diagnostics are not default Layer 6-facing state_vector_value rows.",2026-05-07 02:36:52.773229-04,2026-05-17 02:10:11.268482-04
cfg_PPVHS001,config,POSITION_PROJECTION_HANDOFF_SUMMARY_FIELD_FAMILIES,text,6_dominant_projection_horizon;6_horizon_conflict_state;6_resolved_target_exposure_score;6_resolved_position_gap_score;6_projection_resolution_confidence_score;6_horizon_resolution_reason_codes,trading-model/docs/07_layer_06_position_projection.md,position_projection_vector;position_projection_model;model_06_position_projection;underlying_action_model;underlying_action_plan;underlying_action_vector,registry_only,"Reviewed position-projection handoff summary field-family tokens for communicating resolved target holding state from Layer 6 PositionProjectionModel to Layer 7 UnderlyingActionModel. Current physical 6_* / model_06 names are active. These are not buy/sell/hold, planned quantities, order instructions, or option-expression fields.",2026-05-07 02:36:52.773229-04,2026-05-17 02:23:46.500631-04
cfg_PPVH001,config,POSITION_PROJECTION_VECTOR_HORIZONS,text,5min;15min;60min;390min,trading-model/docs/07_layer_06_position_projection.md,position_projection_vector;position_projection_model;model_06_position_projection,registry_only,Accepted PositionProjectionModel V1 projection horizons. 390min means one regular US equity session-equivalent horizon measured in tradable minutes; label builders must document same-session vs next-session-close resolution and use purge/embargo controls.,2026-05-07 02:36:52.773229-04,2026-05-17 02:10:11.268482-04
cfg_PPVS001,config,POSITION_PROJECTION_VECTOR_SCORE_FAMILIES,text,6_target_position_bias_score_<horizon>;6_target_exposure_score_<horizon>;6_current_position_alignment_score_<horizon>;6_position_gap_score_<horizon>;6_position_gap_magnitude_score_<horizon>;6_expected_position_utility_score_<horizon>;6_cost_to_adjust_position_score_<horizon>;6_risk_budget_fit_score_<horizon>;6_position_state_stability_score_<horizon>;6_projection_confidence_score_<horizon>,trading-model/docs/07_layer_06_position_projection.md,position_projection_vector;position_projection_model;model_06_position_projection;state_vector_value,registry_only,"Accepted current 6_* PositionProjectionModel scalar score-family tokens for Layer 6 target holding-state projection. These 10 families separate target bias, target exposure, current-position alignment, position gap, utility, cost pressure, risk fit, stability, and projection confidence.",2026-05-07 02:36:52.773229-04,2026-05-17 02:10:11.268482-04
cfg_PFSKIP001,config,PREFLIGHT_ACCEPTED_SKIP_POLICY,text,"A reviewed not-yet-listed request may be recorded as accepted_skip with skip_future_matching=true before a known-useless provider call; stage coverage counts it as a reviewed terminal skip, not as ready, and downstream remains blocked until ready plus reviewed skips cover the expected stage count.",trading-manager/src/trading_manager_tasks/stage_coverage.py,manager_failure_register;manager_stage_coverage;accepted_skip;no_data_not_yet_listed,sync_artifact,Preflight accepted skips reduce known-useless provider calls while preserving the fact that no provider output exists. They require agent_review_ref and do not authorize provider dispatch.,2026-05-10 10:54:55.492718-04,2026-05-17 02:10:11.268482-04
cfg_PAE002,config,PRICE_ACTION_EVENT_LAYER_POLICY,text,layer_09_event_risk_governor_event_not_new_model_layer;feeds_target_event_failure_alpha_context_as_evidence;post_event_realization_is_label_only;no_action_or_execution_output,trading-model/docs/10_layer_09_event_risk_governor.md,price_action;false_breakout;event_risk_governor;target_context_state;event_failure_risk_model;alpha_confidence_model;layer_09_event_risk_governor,sync_artifact,"Policy for false-breakout style price-action evidence: represent it as compact Layer 9 event-risk detector/residual evidence with source refs, without duplicating base bar/liquidity features, adding another standalone model layer, or emitting action/execution fields. Promotion into Layer 4 event-failure-risk scope requires reviewed evidence.",2026-05-09 09:31:34.50578-04,2026-05-17 02:20:25.031338-04
cfg_PAE001,config,PRICE_ACTION_EVENT_TYPES,text,false_breakout;false_breakdown;liquidity_sweep_high;liquidity_sweep_low;bull_trap;bear_trap,trading-model/docs/10_layer_09_event_risk_governor.md,price_action;source_09_event_risk_governor;event_risk_governor;event_context_vector;equity_abnormal_activity_event,sync_artifact,"Canonical price-action event tokens for current model_09_event_risk_governor / Layer 9 EventRiskGovernor. They describe board/tape behavior used as event-risk evidence, not buy/sell/hold decisions or execution instructions.",2026-05-09 09:31:34.50578-04,2026-05-17 02:20:25.031338-04
cfg_PGEE001,config,PRIOR_GUIDANCE_EXHIBIT_EXTRACTION_NON_CLAIM_POLICY,text,accepted_prior_earnings_exhibit_guidance_context_is_baseline_evidence_not_guidance_surprise_signed_direction_alpha_or_event_risk_escalation,trading-model/docs/101_earnings_guidance_event_family_packet.md,prior_company_guidance;expectation_baseline;signed_direction_claims;event_risk_governor,sync_artifact,Prior earnings-exhibit guidance spans are accepted baseline context only until current guidance/result comparison and remaining baseline gates pass.,2026-05-16 00:26:02.664346-04,2026-05-17 02:10:11.268482-04
cfg_POGE001,config,PRIOR_GUIDANCE_EXTRACTION_NON_CLAIM_POLICY,text,accepted_prior_guidance_context_is_baseline_evidence_not_guidance_surprise_signed_direction_alpha_or_event_risk_escalation,trading-model/docs/101_earnings_guidance_event_family_packet.md,prior_company_guidance;expectation_baseline;signed_direction_claims;event_risk_governor,sync_artifact,Accepted prior-company-guidance context remains baseline evidence only until reviewed current guidance/result comparison and remaining baseline gates pass.,2026-05-15 23:53:07.833931-04,2026-05-17 02:10:11.268482-04
cfg_PGEE002,config,PRIOR_GUIDANCE_SOURCE_SELECTION_EXHIBIT_ROUTE,text,prior_company_guidance_source_selection_should_target_prior_earnings_or_outlook_bearing_exhibits_not_primary_8k_wrappers_or_arbitrary_nearby_filings,trading-model/docs/101_earnings_guidance_event_family_packet.md,prior_company_guidance;expectation_baseline;source_selection;event_risk_governor,sync_artifact,The exhibit-level route improved accepted prior-guidance baseline context from 1/12 to 7/12 events in the diagnostic slice.,2026-05-16 00:26:02.664346-04,2026-05-17 02:10:11.268482-04
cfg_POGE002,config,PRIOR_GUIDANCE_SOURCE_SELECTION_REFINEMENT_GAP,text,selected_prior_official_filings_yielded_low_guidance_context_coverage_and_need_refinement_to_prior_earnings_or_outlook_bearing_documents,trading-model/docs/101_earnings_guidance_event_family_packet.md,prior_company_guidance;expectation_baseline;source_selection;event_risk_governor,sync_artifact,"Only 1/12 selected prior official filings contained accepted guidance context, so the source selection route needs refinement before broad signed earnings/guidance review.",2026-05-15 23:53:07.833931-04,2026-05-17 02:10:11.268482-04
cfg_POGB001,config,PRIOR_OFFICIAL_GUIDANCE_BASELINE_REVIEW_GATE,text,prior_official_document_text_present_uninterpreted_requires_reviewed_prior_guidance_extraction_before_guidance_surprise_claims,trading-model/docs/101_earnings_guidance_event_family_packet.md,prior_company_guidance;expectation_baseline;signed_direction_claims;event_risk_governor,sync_artifact,Prior official document text coverage is necessary but not sufficient; guidance surprise remains blocked until reviewed prior-guidance baseline extraction and comparison exist.,2026-05-15 23:29:38.290383-04,2026-05-17 02:10:11.268482-04
cfg_PLB001,config,PROMOTION_STORAGE_LIFECYCLE_BOUNDARY_POLICY,text,promotion_classifies_artifacts;manager_schedules_lifecycle;storage_executes_lifecycle;promotion_must_not_call_cleanup_compression_archive_delete_executors_directly,trading-manager/docs/96_model_promotion.md,model_promotion_review;review_decision;activation_record;storage_lifecycle_request;trading-manager;trading-model;trading-storage,sync_artifact,Promotion may classify retention intent and mark promoted model bodies/lineage keep-forever. Manager schedules lifecycle through storage_lifecycle_request; trading-storage executes protected-set checked physical lifecycle actions.,2026-05-10 06:43:31.376892-04,2026-05-17 02:10:11.268482-04
cfg_MSH008,config,PROVIDER_CALL_GUARDRAILS_POLICY,text,provider_allowlist_required;max_requests_required;max_window_required;dry_run_default;retry_after_respected;rate_limit_backoff_recorded;secret_values_never_logged;autonomous_historical_provider_acquisition_after_manager_controls,trading-data/docs/96_production_hardening.md,trading-data;provider_calls;historical_provider_acquisition;control_plane;production_hardening,sync_artifact,"Provider/API access guardrails for automated historical acquisition: provider allowlists, request/window bounds, rate-limit backoff, retry discipline, resource controls, receipts, and failure registration. This is not a manual approval mechanism.",2026-05-08 04:30:17.843955-04,2026-05-17 02:10:11.268482-04
cfg_PDISP002,config,PROVIDER_DISPATCH_EXECUTE_IS_AUTONOMOUS_HISTORICAL_ACQUISITION,text,execute_provider_calls runs autonomous historical provider acquisition for bounded manager request ids; no per-batch manual gate is required,trading-manager/src/trading_manager_tasks/provider_dispatch.py,manager_provider_dispatch_summary;autonomous_historical_provider_acquisition;provider_dispatch,sync_artifact,Provider dispatch executes bounded historical provider requests automatically after manager task-key preparation. It strips retired provider-policy refs from runtime task keys and preserves broker/model-activation prohibitions.,2026-05-10 11:43:58.599315-04,2026-05-17 02:10:11.268482-04
cfg_MSH005,config,READY_SIGNAL_REQUIRED_FIELDS,text,contract_type;ready_signal_id;signal_kind;producer_component_id;producer_run_id;artifact_refs;status;created_at_utc,trading-manager/docs/93_contracts.md,ready_signal;trading_manager.ready_signal;control_plane;durable_sql,sync_artifact,"Concise required logical fields for ready_signal. Ready signals assert consumability, not promotion or activation approval.",2026-05-08 04:30:17.843955-04,2026-05-17 02:10:11.268482-04
cfg_EXEC_RT_EFFECT001,config,REALTIME_DECISION_EFFECTIVENESS_BOUNDARY,text,monitoring_aggregate_only;no_historical_dataset_row_creation;no_model_refit;no_model_activation;no_provider_calls;no_broker_calls;no_order_construction;no_persistence;no_account_mutation,trading-execution/docs/09_realtime_data.md,trading-execution;trading-manager;realtime_monitoring;decision_effectiveness;historical_pipeline_boundary,sync_artifact,"Realtime decision-effectiveness aggregates may inform promotion/drift/trust review, but they do not replace historical dataset construction and must not activate models, providers, broker routes, persistence, or account mutation.",2026-05-11 11:24:36.821911-04,2026-05-17 02:10:11.268482-04
cfg_RTEM001,config,REALTIME_DECISION_EFFECTIVENESS_POLICY,text,realtime_monitoring_records_model_decision_correctness_metrics_not_historical_train_test_or_forward_holdout_rows;historical_backfill_owns_reviewed_dataset_snapshots_and_splits,trading-manager/docs/100_dataset_expansion.md,trading-manager;trading-execution;realtime_monitoring;historical_dataset_boundary;promotion_review;drift_review,sync_artifact,"Policy that realtime monitoring should measure model decision correctness with lightweight online metrics. Realtime monitor output may inform promotion/drift/retraining review, but does not become historical test/holdout/training rows by default because historical backfill owns those dataset splits.",2026-05-11 09:52:00.434201-04,2026-05-17 02:10:11.268482-04
cfg_RTLF001,config,REALTIME_FORMAL_INTEGRATION_POLICY,text,formal_realtime_provider_observe_requires_realtime_live_observe_approval;manager_control_plane_rows_may_persist_only_on_explicit_persist_flag;model_activation_requires_separate_promotion_decision;broker_order_construction_and_account_mutation_require_separate_execution_gate,trading-execution/docs/09_realtime_data.md,trading-execution;trading-manager;formal_realtime_integration;provider_observe;manager_persistence;model_activation_gate;broker_execution_gate,sync_artifact,Formal realtime integration policy separating approved provider observation and explicit manager evidence persistence from later model activation and broker/account mutation gates.,2026-05-11 06:02:14.685027-04,2026-05-17 02:10:11.268482-04
cfg_RTFV001,config,REALTIME_FORWARD_VALIDATION_POLICY,text,realtime_forward_validation_supplements_not_replaces_initial_historical_splits;append_only_point_in_time_capture_required;frozen_model_config_refs_required;mature_labels_required;no_refit_before_reviewed_snapshot_boundary,trading-manager/docs/100_dataset_expansion.md,trading-manager;trading-model;trading-execution;dataset_expansion;forward_holdout;shadow_monitoring;promotion_review,sync_artifact,"Policy for using realtime observations as forward-holdout or shadow-monitoring evidence. Realtime coverage is required for live inference, but initial production promotion still requires chronological historical train/calibration/validation/test evidence unless a reviewed future policy supersedes it.",2026-05-11 04:27:16.817757-04,2026-05-17 02:10:11.268482-04
cfg_RTLV001,config,REALTIME_LIVE_OBSERVE_FIXTURE_POLICY,text,fixture_replay_before_live_observe;alpaca_thetadata_okx_calendar_account_and_model_context_routes_scaffolded;live_observe_requires_reviewed_live_stream_approval_ref;no_provider_calls;no_secret_resolution;no_model_activation;no_broker_calls;no_order_construction;no_account_mutation,trading-execution/docs/09_realtime_data.md,trading-execution;trading-manager;realtime_live_observe;fixture_replay;approval_gate;shadow_monitoring,sync_artifact,"Realtime live-observe fixture policy: complete the route/capture/feature/handoff rehearsal before any real stream, and keep live stream/provider/broker/model activation behind explicit reviewed gates.",2026-05-11 05:46:23.602968-04,2026-05-17 02:10:11.268482-04
cfg_RTEM002,config,REALTIME_MONITORING_NO_HISTORICAL_TESTSET_POLICY,text,do_not_use_realtime_monitoring_as_default_historical_testset_or_forward_holdout_generator;avoid_heavy_historical_dataset_processing_in_realtime_monitor,trading-execution/docs/09_realtime_data.md,trading-execution;realtime_monitoring;runtime_load_control;historical_pipeline_boundary,sync_artifact,Realtime monitor load-control policy: avoid heavy historical-dataset processing and default test-set generation in the live monitor; historical backfill will catch up through the normal data/model pipeline.,2026-05-11 09:52:00.434201-04,2026-05-17 02:10:11.268482-04
cfg_RTEB001,config,REALTIME_RUNTIME_ISOLATION_POLICY,text,realtime_monitoring_runtime_is_execution_owned;manager_may_consume_append_only_receipts_but_must_not_start_stop_schedule_throttle_or_reconnect_provider_streams;historical_scheduler_must_not_control_realtime_monitoring,trading-execution/docs/09_realtime_data.md,trading-execution;trading-manager;runtime_isolation;historical_scheduler_boundary;live_monitoring_priority,sync_artifact,"Policy separating realtime monitoring runtime control from manager-owned historical modeling. Manager remains an evidence consumer and historical orchestration plane, not the live market monitor controller.",2026-05-11 09:39:26.397107-04,2026-05-17 02:10:11.268482-04
cfg_PGEE003,config,REVENUE_CONSENSUS_ROUTE_CANDIDATE_POLICY,text,trading_economics_earnings_revenue_consensus_is_future_route_candidate_until_pre_event_persisted_baseline_artifacts_exist,trading-model/docs/101_earnings_guidance_event_family_packet.md,revenue_consensus;expectation_baseline;earnings_guidance_event_family;event_risk_governor,sync_artifact,"Trading Economics earnings pages expose revenue-consensus-like fields, but historical signed claims remain blocked until accepted pre-event persisted revenue-consensus baseline artifacts exist.",2026-05-16 00:26:02.664346-04,2026-05-17 02:10:11.268482-04
cfg_MSH003,config,RUN_MANIFEST_REQUIRED_FIELDS,text,contract_type;run_id;request_id;component_id;repo_id;status;started_at_utc;ended_at_utc,trading-manager/docs/93_contracts.md,run_manifest;trading_manager.run_manifest;control_plane;durable_sql,sync_artifact,Concise required logical fields for run_manifest. Large logs and detailed outputs remain artifact_ref payload references.,2026-05-08 04:30:17.843955-04,2026-05-17 02:10:11.268482-04
cfg_MSH010,config,RUN_STEP_REQUIRED_FIELDS,text,contract_type;step_id;run_id;step_name;step_order;status;started_at_utc;ended_at_utc,trading-manager/docs/93_contracts.md,run_step;trading_manager.run_step;control_plane;durable_sql;step_evidence,sync_artifact,Concise required logical fields for run_step. Use only when step-level evidence matters.,2026-05-08 10:50:33.010938-04,2026-05-17 02:10:11.268482-04
cfg_SSNEOCV001,config,SAME_SYMBOL_NON_EARNINGS_CONTROL_EXCLUSION_DAYS,text,3,trading-model/docs/101_earnings_guidance_event_family_packet.md,earnings_guidance_event_family;option_derivatives_abnormality;model_promotion,sync_artifact,Same-symbol non-earnings option-control verification excludes candidate dates within plus/minus 3 calendar days of a same-symbol canonical Nasdaq earnings shell.,2026-05-15 12:45:23.922205-04,2026-05-17 02:10:11.268482-04
cfg_EOCV001,config,SAMPLED_OPTION_ABNORMALITY_CONTROL_SCOPE,text,sampled_contract_set_not_full_option_chain,trading-model/docs/101_earnings_guidance_event_family_packet.md,earnings_guidance_event_family;option_derivatives_abnormality;model_promotion,sync_artifact,"No-option-abnormality verification from the current probe covers only the sampled contract set under the option-event standard, not the full option chain; promotion or amplifier claims still require matched clean controls.",2026-05-15 12:31:19.699744-04,2026-05-17 02:10:11.268482-04
cfg_SCMP001,config,SECTOR_CONTEXT_PROMOTION_DIRECTION_NEUTRAL_THRESHOLDS,text,minimum_selected_bias_alignment_rate;minimum_selected_average_abs_label;minimum_selected_abs_label_lift_vs_blocked,trading-model/src/models/model_02_sector_context/config/promotion_thresholds.toml,model_02_sector_context;sector_context_model;model_evaluation;model_promotion,registry_only,Layer 2 V2.2 direction-neutral promotion thresholds. Handoff evaluation checks selected long/short bias alignment and absolute forward-path relationship instead of long-only selected_positive_rate.,2026-05-05 21:48:48.570756-04,2026-05-17 02:10:11.268482-04
cfg_NAMING001,config,STABLE_SEMANTIC_CONTRACT_NAMING_POLICY,text,semantic_contract_names_are_stable_unversioned;schema_versions_live_in_schema_metadata;legacy_v1_names_are_read_compatibility_aliases_only;active_code_must_not_emit_v1_business_names,/root/projects/trading-manager/docs/93_contracts.md,trading-manager;trading-storage;trading-dashboard;trading-data;trading-model;trading-execution;contract_type;schema_ref;registry_naming,sync_artifact,Stable business/contract identifiers must not embed version suffixes such as _v1. Use stable semantic names in code and registry payloads; put version facts in schema_version/schema_ref or migration history. Existing _v1 artifacts may be accepted only as current read-compatibility aliases during migration.,2026-05-12 12:16:52.757745-04,2026-05-17 02:10:11.268482-04
cfg_DASHRM003,config,STORAGE_DASHBOARD_READ_MODEL_MATERIALIZER_MODULE,text,trading_storage.dashboard_read_models,/root/projects/trading-storage/src/trading_storage/dashboard_read_models.py,dashboard_read_model;trading-storage;validation;materialization;storage_layout,sync_artifact,"Storage-side implementation module for dashboard read-model common-envelope validation, snapshot/latest/schema/index writes, checksum/byte-count index rows, and secret-like payload rejection.",2026-05-12 04:21:29.42226-04,2026-05-17 02:10:11.268482-04
cfg_DASHRM005,config,STORAGE_DASHBOARD_READ_MODEL_REFRESH_MODULE,text,trading_storage.dashboard_refresh,/root/projects/trading-storage/src/trading_storage/dashboard_refresh.py,dashboard_read_model;trading-storage;refresh_orchestration;semantic_producer_bridge;storage_materialization,sync_artifact,Storage-side refresh orchestration module that runs accepted semantic producers and materializes validated dashboard read-model outputs.,2026-05-12 04:53:27.184015-04,2026-05-17 02:10:11.268482-04
cfg_SLC008,config,STORAGE_LIFECYCLE_MANAGER_CONTROL_POLICY,text,manager_unified_request_task_summary_surface;storage_lifecycle_request;manager_prioritizes_schedules_observes;trading_storage_protected_set_physical_execution,trading-manager/docs/80_task.md,trading-manager;trading-storage;storage_lifecycle;manager_request;task_summary;storage_lifecycle_request,sync_artifact,"Storage lifecycle maintenance enters normal operation through manager unified requests/task summary. Manager requests, prioritizes, schedules, and observes; lifecycle execution follows accepted policy and protected-set checks; trading-storage owns physical execution and receipts.",2026-05-10 06:24:29.160108-04,2026-05-17 02:10:11.268482-04
cfg_SLC001,config,STORAGE_LIFECYCLE_POLICY,text,storage_lifecycle_default;promoted_model_bodies_keep_forever;regenerable_intermediates_ttl_delete;source_data_compress_before_delete;sql_detail_export_archive_only;manifest_receipt_required,trading-storage/docs/91_storage_lifecycle_policy.md,trading-storage;storage_lifecycle;retention;compression;archive;delete;restore,sync_artifact,"Storage-owned lifecycle policy. Manager may request or observe lifecycle work, but storage owns compression, archive, protected-set checks, deletion, restore, receipts, and tombstones.",2026-05-10 06:20:40.262444-04,2026-05-17 02:10:11.268482-04
cfg_SLC003,config,STORAGE_LIFECYCLE_STATE_VALUES,text,hot;warm;cold_compressible;cold_compressed;archivable;archived;delete_candidate;quarantined_for_delete;deleted;restored,trading-storage/docs/91_storage_lifecycle_policy.md,trading-storage;storage_lifecycle;artifact_index;lifecycle_state,sync_artifact,Accepted lifecycle state values for storage artifact lifecycle planning and receipts.,2026-05-10 06:20:40.262444-04,2026-05-17 02:10:11.268482-04
cfg_SLC002,config,STORAGE_PROTECTED_SET_POLICY,text,promoted_model_lineage;active_model_lineage;active_review_refs;manager_artifact_refs;ready_signal_refs;dataset_snapshot_split_manifests;open_task_run_manifests;active_target_chain;sql_online_dependencies;manual_pins;unknown_metadata,trading-storage/docs/93_protected_set.md,trading-storage;storage_lifecycle;protected_set;delete_quarantine;sql_archive,sync_artifact,"Protected-set policy for lifecycle safety. Deletion and SQL detach/drop require protected-set clearance, quarantine, and final recheck.",2026-05-10 06:20:40.262444-04,2026-05-17 02:10:11.268482-04
cfg_SLC005,config,STORAGE_READ_MODE_VALUES,text,direct_readable;restore_required;metadata_only,trading-storage/docs/92_artifact_index.md,trading-storage;artifact_index;compression;archive;restore,sync_artifact,Read-mode values distinguishing direct-readable compressed artifacts from archives that require restore.,2026-05-10 06:20:40.262444-04,2026-05-17 02:10:11.268482-04
cfg_SLC006,config,STORAGE_REPRODUCIBILITY_CLASS_VALUES,text,non_reproducible;provider_window_limited;expensive_to_reproduce;reproducible_with_manifest;fully_reproducible;unknown,trading-storage/docs/92_artifact_index.md,trading-storage;artifact_index;retention_policy;delete_policy,sync_artifact,Artifact reproducibility classes used by lifecycle policy. Unknown/non-reproducible/provider-window-limited/expensive artifacts are treated conservatively.,2026-05-10 06:20:40.262444-04,2026-05-17 02:10:11.268482-04
cfg_SLC004,config,STORAGE_RETENTION_POLICY_FORMAT,text,declarative_yaml_or_json;policy_id;rule_id;selector;action;ttl;codec;protected_set_required;quarantine_days;restore_smoke_required,trading-storage/docs/91_storage_lifecycle_policy.md,trading-storage;storage_lifecycle;retention_policy;policy_review,sync_artifact,Retention behavior should be reviewed as declarative policy instead of hidden script branches.,2026-05-10 06:20:40.262444-04,2026-05-17 02:10:11.268482-04
cfg_SLC007,config,STORAGE_SUMMARIZE_THEN_ARCHIVE_DETAIL_POLICY,text,online_summary_retained;row_level_detail_archived;archive_ref_recorded;restore_required_for_detail,trading-storage/docs/94_compression_archive.md,trading-storage;sql_archive;model_eval_detail;feature_detail;source_detail;dashboard_summary,sync_artifact,Large SQL/detail families may retain online summaries while row-level detail is archived and restored only when needed.,2026-05-10 06:20:40.262444-04,2026-05-17 02:10:11.268482-04
cfg_TSVV001,config,TARGET_CONTEXT_STATE_VERSION_DEFAULT,text,target_context_state,trading-model/src/models/model_03_target_state_vector/contract.py,model_03_target_state_vector;feature_03_target_state_vector;target_state_vector_model;target_context_state_version,registry_only,Default TargetContextState V1 contract/config version value emitted as target_context_state_version by current Layer 3 target-state feature/model rows.,2026-05-05 01:07:45.947993-04,2026-05-17 02:10:11.268482-04
cfg_TL2CTXREV001,config,TARGET_LAYER2_CONTEXT_AGENT_REVIEW_SAFETY_BOUNDARY,text,no_provider_calls_no_model_activation_no_broker_or_account_mutation_no_storage_lifecycle_mutation_no_layer_1_2_universe_edits_from_review_runner,trading-manager/src/trading_manager_tasks/target_context_review.py,target_layer2_context_agent_review;safety_boundary;crypto_target_proxy;layer_03_plus_target_study,sync_artifact,"Safety boundary for script-called agent review of target context/proxy mappings. Review returns evidence only; structural changes still require normal repository edits, tests, registry migration, commit, and push.",2026-05-14 06:02:47.364876-04,2026-05-17 02:10:11.268482-04
cfg_TSVD001,config,TARGET_STATE_VECTOR_DIRECTION_NEUTRAL_SCORE_FAMILIES,text,3_target_direction_score_<window>;3_target_trend_quality_score_<window>;3_target_path_stability_score_<window>;3_target_noise_score_<window>;3_target_transition_risk_score_<window>;3_target_liquidity_tradability_score;3_context_direction_alignment_score_<window>;3_context_support_quality_score_<window>;3_tradability_score_<window>;3_state_quality_score,trading-model/src/models/model_03_target_state_vector/target_state_vector_contract.md,model_03_target_state_vector;feature_03_target_state_vector;target_state_vector_model,registry_only,"Reviewed TargetStateVector V1 direction-neutral score families. Direction scores are signed state evidence, not quality, final action, or position sizing.",2026-05-05 04:41:51.883176-04,2026-05-17 02:10:11.268482-04
cfg_TSVW001,config,TARGET_STATE_VECTOR_SYNCHRONIZED_STATE_WINDOWS,text,5min;15min;60min;390min,trading-model/src/models/model_03_target_state_vector/target_state_vector_contract.md,model_03_target_state_vector;feature_03_target_state_vector;target_state_vector_model,registry_only,"Sparse TargetStateVector V1 synchronized state-observation windows for market, sector, target, and cross-state blocks. Current windows are 5min, 15min, 60min, and 390min; these are state observation windows, not downstream action variants.",2026-05-05 00:11:23.309929-04,2026-05-17 02:10:11.268482-04
cfg_TSVP001,config,TARGET_STATE_VECTOR_WINDOW_SYNC_POLICY,text,market_sector_target_blocks_must_share_identical_observation_windows,trading-model/src/models/model_03_target_state_vector/target_state_vector_contract.md,model_03_target_state_vector;feature_03_target_state_vector;target_state_vector_model;state_window_sync_policy,registry_only,"Accepted TargetStateVector V1 synchronization-policy value: market, sector, and target feature blocks must share identical state-observation windows; cross-state features may compare only matching window labels.",2026-05-05 01:07:45.947993-04,2026-05-17 02:10:11.268482-04
api_THD012,config,THETADATA_OPTION_HISTORY_GREEKS_IMPLIED_VOLATILITY_ENDPOINT,text,/v3/option/history/greeks/implied_volatility,trading-data/src/data_feed/11_feed_thetadata_option_event_timeline/pipeline.py,option_activity_event_detail;iv_context;skew_context;term_structure_context;underlying_context;option_abnormality_coverage,sync_artifact,"ThetaData option history Greeks endpoint used to retrieve point-in-time IV/change, same-strike skew, term-structure, and underlying-price confirmation evidence.",2026-05-15 06:49:04.746028-04,2026-05-17 02:10:11.268482-04
api_THD011,config,THETADATA_OPTION_HISTORY_OPEN_INTEREST_ENDPOINT,text,/v3/option/history/open_interest,trading-data/src/data_feed/11_feed_thetadata_option_event_timeline/pipeline.py,option_activity_event_detail;open_interest_context;option_abnormality_coverage,sync_artifact,ThetaData option history endpoint used to retrieve point-in-time open-interest snapshots for current/prior OI-change evidence.,2026-05-15 06:49:04.746028-04,2026-05-17 02:10:11.268482-04
cfg_VS66QD19,config,THETADATA_SECRET_ALIAS,secret_alias,thetadata,/root/secrets/thetadata.json,trading-data,registry_only,"source-level secret JSON alias for ThetaData credentials and subscription label; JSON keys include username, password, and subscription; secret values are stored outside Git",2026-04-26 12:42:39.235833-04,2026-05-17 02:10:11.268482-04
cfg_TRC002,config,TRADE_RISK_CAP_ENFORCEMENT_MODES,text,broker_native_stop;risk_monitor_synthetic_stop;long_option_premium_defined_risk,trading-execution/docs/07_trade_risk_cap.md,trade_risk_cap;trading-execution;order_construction;execution_safety,registry_only,Accepted enforcement-mode vocabulary for mandatory trade-risk-cap validation. Mode naming is shared; broker-specific implementation remains execution-owned.,2026-05-08 00:04:11.49756-04,2026-05-17 02:10:11.268482-04
cfg_TRC003,config,TRADE_RISK_CAP_FAILURE_POLICY,text,missing_or_invalid_trade_risk_cap_reject_order;cap_failure_action_must_be_reject_order;warn_only_not_allowed,trading-execution/docs/07_trade_risk_cap.md,trade_risk_cap;trading-execution;order_construction;execution_safety,registry_only,"Execution safety policy: any missing, malformed, unsupported, stale, or unenforceable trade_risk_cap must reject order construction/placement.",2026-05-08 00:04:11.49756-04,2026-05-17 02:10:11.268482-04
cfg_TRC001,config,TRADE_RISK_CAP_REQUIRED_FIELDS,text,max_loss_usd;max_loss_pct;time_stop_at;cap_enforcement_mode;cap_failure_action,trading-execution/docs/07_trade_risk_cap.md,trade_risk_cap;decision_record;trading-execution;order_construction;execution_safety,registry_only,Minimum required fields for the execution-side hard trade-risk cap. Direct underlying and long-option premium-defined modes add mode-specific required fields.,2026-05-08 00:04:11.49756-04,2026-05-17 02:10:11.268482-04
cfg_DSC001,config,TRADING_DATA_STACK_CLOSEOUT_STATUS,text,data_source_model_input_design_closed;production_hardening_pending;durable_manager_storage_contracts_pending;no_unattended_production_orchestration_approval,trading-data/docs/95_data_stack_closeout.md,trading-data;data_feed;data_source;data_feature;model_inputs;production_hardening,registry_only,Accepted trading-data closeout status for the current feed/source/feature model-input design phase. It does not approve unattended production orchestration or final durable storage contracts.,2026-05-08 00:10:16.229899-04,2026-05-17 02:10:11.268482-04
cfg_MCO001,config,TRADING_MANAGER_CONTROL_PLANE_CLOSEOUT_STATUS,text,current_manager_control_plane_phase_closed;task_system_mvp_implemented;global_task_summary_implemented;monthly_backfill_planning_implemented;request_payload_materialization_implemented;dry_run_handoff_validation_implemented;unified_model_promotion_route_implemented;review_decision_activation_artifacts_implemented;autonomous_historical_provider_acquisition_enabled;no_broker_execution_enabled;no_production_activation_implied,trading-manager/docs/97_manager_control_plane_closeout.md,trading-manager;control_plane;closeout;task_system;model_promotion;autonomous_historical_provider_acquisition,sync_artifact,Manager control-plane closeout status after removing the per-batch provider-call approval mechanism. Historical provider acquisition is autonomous under resource/coverage controls; model activation and broker/account mutation remain separately blocked.,2026-05-09 07:34:05.121764-04,2026-05-17 02:10:11.268482-04
cfg_SCHEDDRAIN003,config,TRADING_MANAGER_DASHBOARD_REFRESH_SERVICE_UNIT,text,trading-storage-dashboard-read-model-refresh.service,trading-manager/deploy/systemd/trading-manager-historical-scheduler.service;trading-manager/deploy/systemd/trading-manager-historical-scheduler.env,historical_scheduler;dashboard_read_model_refresh;storage_service,sync_artifact,Storage-owned systemd oneshot service unit started by the manager daemon after progress events to refresh dashboard read models.,2026-05-14 02:29:36.940967-04,2026-05-17 02:10:11.268482-04
cfg_DU001,config,TRADING_MANAGER_DATASET_UNIT_MONTHS,text,6,trading-manager/docs/98_automation_scheduler.md;trading-manager/docs/99_historical_scheduler_runtime.md;trading-manager/docs/100_dataset_expansion.md,historical_scheduler;model_training_workflow;dataset_expansion;dataset_unit,sync_artifact,Accepted historical-training dataset unit length in months for the current manager workflow policy.,2026-05-14 04:33:13.334024-04,2026-05-17 02:10:11.268482-04
cfg_SCHEDDRAIN002,config,TRADING_MANAGER_DRAIN_MAX_SECONDS,text,300,trading-manager/deploy/systemd/trading-manager-historical-scheduler.service;trading-manager/deploy/systemd/trading-manager-historical-scheduler.env,historical_scheduler;safe_task_drain;daemon_runtime,sync_artifact,Maximum wall-clock seconds for one safe-task drain cycle before the daemon returns to its idle/backstop interval.,2026-05-14 02:29:36.940967-04,2026-05-17 02:10:11.268482-04
cfg_SCHEDDRAIN001,config,TRADING_MANAGER_DRAIN_MAX_STEPS,text,50,trading-manager/deploy/systemd/trading-manager-historical-scheduler.service;trading-manager/deploy/systemd/trading-manager-historical-scheduler.env,historical_scheduler;safe_task_drain;daemon_runtime,sync_artifact,Maximum scheduler decisions admitted back-to-back in one drain cycle before the daemon returns to its idle/backstop interval.,2026-05-14 02:29:36.940967-04,2026-05-17 02:10:11.268482-04
cfg_DU002,config,TRADING_MANAGER_INITIAL_SELECTED_TARGET_SYMBOL,text,AAPL,trading-manager/deploy/systemd/trading-manager-historical-scheduler.env;trading-manager/deploy/systemd/trading-manager-historical-scheduler.service;trading-manager/docs/99_historical_scheduler_runtime.md,historical_scheduler;model_training_workflow;selected_target_symbol;layer_03_plus,sync_artifact,Reviewed initial single-stock target symbol for the first Layer 3+ six-month dataset unit in the service template. SPY remains market-state/panel evidence by default; operators may explicitly override the target for later reviewed target expansion.,2026-05-14 04:33:13.334024-04,2026-05-17 02:10:11.268482-04
cfg_RFP002,config,TRADING_MANAGER_MODEL_PROMOTION_WORKERS,text,1,trading-manager/docs/81_decision.md;trading-manager/docs/98_automation_scheduler.md,historical_scheduler;model_promotion_worker;worker_count;serial_execution,sync_artifact,"Accepted count of serial model/promotion worker lanes; model generation, evaluation, and promotion decisions must not run as competing parallel workers.",2026-05-14 04:09:03.208983-04,2026-05-17 02:10:11.268482-04
cfg_RFP001,config,TRADING_MANAGER_MONTH_INGEST_WORKERS,text,3,trading-manager/deploy/systemd/trading-manager-historical-scheduler.service;trading-manager/deploy/systemd/trading-manager-historical-scheduler.env;trading-manager/src/trading_manager_tasks/scheduler_daemon.py;trading-manager/docs/81_decision.md;trading-manager/docs/98_automation_scheduler.md;trading-manager/docs/99_historical_scheduler_runtime.md,historical_scheduler;month_ingest_worker;worker_count;three_worker_runtime;fold_cadence,sync_artifact,Accepted count of parallel month-ingest worker lanes for the non-overlapping six-month historical runtime. Three month-ingest workers plus one serial model worker complete one six-month fold substrate in two ingest rounds.,2026-05-14 04:09:03.208983-04,2026-05-17 02:10:11.268482-04
cfg_RFP003,config,TRADING_MANAGER_ROLLING_FOLD_SIZE_MONTHS,text,6,trading-manager/docs/81_decision.md;trading-manager/docs/98_automation_scheduler.md,historical_scheduler;rolling_fold;split_policy,sync_artifact,Accepted rolling fold size in months for production-grade promotion evidence.,2026-05-14 04:09:03.208983-04,2026-05-17 02:10:11.268482-04
cfg_RFP007,config,TRADING_MANAGER_ROLLING_FOLD_STEP_MONTHS,text,6,trading-manager/docs/81_decision.md;trading-manager/docs/98_automation_scheduler.md,historical_scheduler;model_worker_1;fold_step;non_overlapping_half_year_fold,sync_artifact,"Accepted step between Model Worker folds. Folds are non-overlapping half-year groups: 2016-01..2016-06, then 2016-07..2016-12, not monthly sliding windows such as 2016-02..2016-07.",2026-05-14 04:09:03.208983-04,2026-05-17 02:10:11.268482-04
cfg_RFP006,config,TRADING_MANAGER_ROLLING_FOLD_TEST_MONTHS,text,1,trading-manager/docs/81_decision.md;trading-manager/docs/98_automation_scheduler.md,historical_scheduler;rolling_fold;test_split,sync_artifact,Accepted number of test months in each six-month rolling fold.,2026-05-14 04:09:03.208983-04,2026-05-17 02:10:11.268482-04
cfg_RFP004,config,TRADING_MANAGER_ROLLING_FOLD_TRAIN_MONTHS,text,4,trading-manager/docs/81_decision.md;trading-manager/docs/98_automation_scheduler.md,historical_scheduler;rolling_fold;train_split,sync_artifact,Accepted number of train months in each six-month rolling fold.,2026-05-14 04:09:03.208983-04,2026-05-17 02:10:11.268482-04
cfg_RFP005,config,TRADING_MANAGER_ROLLING_FOLD_VALIDATION_MONTHS,text,1,trading-manager/docs/81_decision.md;trading-manager/docs/98_automation_scheduler.md,historical_scheduler;rolling_fold;validation_split;calibration_split,sync_artifact,Accepted number of validation/calibration months in each six-month rolling fold.,2026-05-14 04:09:03.208983-04,2026-05-17 02:10:11.268482-04
cfg_UAPB001,config,UNDERLYING_ACTION_BOUNDARY_POLICY,text,planned_underlying_action_not_broker_order;planned_quantity_not_final_order_quantity;entry_plan_not_order_type;stop_loss_price_not_broker_stop_order;take_profit_price_not_broker_limit_order;underlying_path_thesis_not_option_contract;no_option_contract_selection;no_broker_mutation,trading-model/docs/08_layer_07_underlying_action.md,underlying_action_model;underlying_action_plan;underlying_action_vector;model_07_underlying_action;option_expression_model;model_08_option_expression;trading-execution,registry_only,"Layer 7 boundary policy: UnderlyingActionModel produces an offline direct stock/ETF action thesis and Layer 8 trading-guidance handoff. It must not place orders, emit broker order fields, choose option contracts, or mutate broker/account state.",2026-05-07 09:17:56.607601-04,2026-05-17 02:23:05.952793-04
cfg_UAPD001,config,UNDERLYING_ACTION_DIAGNOSTIC_FIELD_FAMILIES,text,7_effective_current_underlying_exposure_score;7_pending_adjusted_underlying_exposure_score;7_underlying_exposure_gap_score;7_hard_gate_reason_codes;7_soft_gate_reason_codes;7_risk_plan_reason_codes;7_layer_8_handoff_reason_codes,trading-model/docs/08_layer_07_underlying_action.md,underlying_action_model;underlying_action_plan;underlying_action_vector;diagnostics;explainability,registry_only,"Reviewed Layer 7 diagnostic field-family tokens for effective exposure calculations, gate decisions, risk-plan attribution, and Layer 8 handoff attribution. Diagnostics are not default scalar score-family rows.",2026-05-07 09:17:56.607601-04,2026-05-17 02:10:11.268482-04
cfg_UAPT001,config,UNDERLYING_ACTION_PLANNED_ACTION_TYPES,text,open_long;increase_long;reduce_long;close_long;open_short;increase_short;reduce_short;cover_short;maintain;no_trade;bearish_underlying_path_but_no_short_allowed,trading-model/docs/08_layer_07_underlying_action.md,underlying_action_plan;underlying_action_model;model_07_underlying_action;action_type_policy,registry_only,Accepted Layer 7 V1 planned direct-underlying action type vocabulary. maintain means an existing state remains aligned or not worth adjusting; no_trade means no new direct-underlying operation should be initiated.,2026-05-07 09:17:56.607601-04,2026-05-17 02:10:11.268482-04
cfg_UAPR001,config,UNDERLYING_ACTION_RESOLVED_FIELD_FAMILIES,text,7_resolved_underlying_action_type;7_resolved_action_side;7_resolved_dominant_horizon;7_resolved_trade_eligibility_score;7_resolved_trade_intensity_score;7_resolved_entry_quality_score;7_resolved_action_confidence_score;7_resolved_reason_codes,trading-model/docs/08_layer_07_underlying_action.md,underlying_action_plan;underlying_action_vector;underlying_action_model;model_07_underlying_action;option_expression_model;model_08_option_expression,registry_only,Reviewed current 7_* resolved plan/handoff field-family tokens for communicating the Layer 7 direct-underlying action thesis to Layer 8 trading guidance and execution-side review. These are not broker order fields.,2026-05-07 09:17:56.607601-04,2026-05-17 02:25:10.078751-04
cfg_UAVH001,config,UNDERLYING_ACTION_VECTOR_HORIZONS,text,5min;15min;60min;390min,trading-model/docs/08_layer_07_underlying_action.md,underlying_action_vector;underlying_action_model;model_07_underlying_action;underlying_action_plan,registry_only,Accepted UnderlyingActionModel V1 horizons for Layer 7. 390min means one regular US equity session-equivalent horizon measured in tradable minutes; label builders must document same-session vs next-session-close resolution and use purge/embargo controls.,2026-05-07 09:17:56.607601-04,2026-05-17 02:20:25.027232-04
cfg_UAVS001,config,UNDERLYING_ACTION_VECTOR_SCORE_FAMILIES,text,7_underlying_trade_eligibility_score_<horizon>;7_underlying_action_direction_score_<horizon>;7_underlying_trade_intensity_score_<horizon>;7_underlying_entry_quality_score_<horizon>;7_underlying_expected_return_score_<horizon>;7_underlying_adverse_risk_score_<horizon>;7_underlying_reward_risk_score_<horizon>;7_underlying_liquidity_fit_score_<horizon>;7_underlying_holding_time_fit_score_<horizon>;7_underlying_action_confidence_score_<horizon>,trading-model/docs/08_layer_07_underlying_action.md,underlying_action_vector;underlying_action_model;model_07_underlying_action;state_vector_value;underlying_action_plan,registry_only,"Accepted current 7_* UnderlyingActionModel scalar score-family tokens for Layer 7. These 10 families separate trade eligibility, signed action direction, action intensity, entry quality, expected return, adverse risk, reward/risk, liquidity fit, holding-time fit, and action confidence.",2026-05-07 09:17:56.607601-04,2026-05-17 02:10:11.268482-04
dki_MRFS001,data_feature,FEATURE_01_MARKET_REGIME,text,feature_01_market_regime,trading-data/src/data_feature/feature_01_market_regime,trading-data;trading-model;market_regime_model;source_01_market_regime,registry_only,Layer 1 MarketRegimeModel deterministic feature-output boundary. Each row is one point-in-time market-regime feature snapshot keyed by snapshot_time; generated feature values are stored as model-local keys in feature_payload_json JSONB to avoid PostgreSQL row-size limits. Concrete generated feature keys such as spy_return_30m remain governed by reviewed feature-family rules/catalogs and are not individually registered as registry rows.,2026-04-29 19:49:14.781101-04,2026-05-17 02:10:11.268482-04
dki_SCFS001,data_feature,FEATURE_02_SECTOR_CONTEXT,text,feature_02_sector_context,trading-data/src/data_feature/feature_02_sector_context,trading-data;trading-model;sector_context_model;source_01_market_regime,sync_artifact,"Layer 2 deterministic feature surface for SectorContextModel sector/industry relative strength, normalized trend, volatility-ratio, correlation, breadth, and dispersion evidence.",2026-05-02 22:33:19.297659-04,2026-05-17 02:10:11.268482-04
dki_TSVF001,data_feature,FEATURE_03_TARGET_STATE_VECTOR,text,feature_03_target_state_vector,trading-data/src/data_feature/feature_03_target_state_vector,trading-data;trading-model;trading-manager;source_03_target_state;target_state_vector_model;model_03_target_state_vector,registry_only,"Active Layer 3 deterministic target state-vector feature contract. trading-manager issues reviewed requests, trading-data builds point-in-time market/sector/target/cross-state feature blocks under feature_03_target_state_vector, and trading-model consumes the output for TargetStateVectorModel training, evaluation, and promotion evidence.",2026-05-04 23:43:23.098031-04,2026-05-17 02:10:11.268482-04
dki_OEFS001,data_feature,FEATURE_08_OPTION_EXPRESSION,text,feature_08_option_expression,trading-data/src/data_feature/feature_08_option_expression,trading-data;trading-model;source_05_option_expression;option_expression_model;model_08_option_expression;option_expression_plan,sync_artifact,"Layer 8 option-expression candidate feature surface using current feature_07/model_07 physical names. trading-data derives point-in-time moneyness, spread/liquidity, IV, Greeks, and quality payloads from accepted source_05_option_expression rows; trading-model owns contract ranking and expression choice.",2026-05-08 06:05:59.751355-04,2026-05-17 02:23:46.500631-04
dki_EOFS001,data_feature,FEATURE_09_EVENT_RISK_GOVERNOR,text,feature_09_event_risk_governor,trading-data/src/data_feature/feature_09_event_risk_governor,trading-data;trading-model;source_09_event_risk_governor;event_risk_governor;model_09_event_risk_governor;event_context_vector,sync_artifact,"Current feature_09_event_risk_governor feature surface for Layer 9 EventRiskGovernor. trading-data derives point-in-time event-category, scope, dedup, source-priority, and quality payloads from accepted source_09_event_risk_governor rows; trading-model owns final event-risk context/intervention construction.",2026-05-08 06:05:59.751355-04,2026-05-17 02:20:25.031338-04
dbu_MMC41ETB,data_feed,ALPACA_BARS,text,01_feed_alpaca_bars,trading-data/src/data_feed/01_feed_alpaca_bars,trading-data,sync_artifact,01 data feed for Alpaca stock/ETF historical bars; task/run IDs use 01_feed_alpaca_bars prefixes.,2026-04-26 12:04:38.776842-04,2026-05-17 02:10:11.268482-04
dbu_BR96XL13,data_feed,ALPACA_LIQUIDITY,text,02_feed_alpaca_liquidity,trading-data/src/data_feed/02_feed_alpaca_liquidity,trading-data,sync_artifact,02 data feed for Alpaca liquidity bars built from transient trades and quotes; task/run IDs use 02_feed_alpaca_liquidity prefixes.,2026-04-26 12:04:38.776842-04,2026-05-17 02:10:11.268482-04
dbu_UF1ZH2YB,data_feed,ALPACA_NEWS,text,03_feed_alpaca_news,trading-data/src/data_feed/03_feed_alpaca_news,trading-data,sync_artifact,03 data feed for Alpaca stock/ETF news metadata; task/run IDs use 03_feed_alpaca_news prefixes.,2026-04-26 12:04:38.776842-04,2026-05-17 02:10:11.268482-04
dbu_ZTQFKICI,data_feed,ETF_HOLDINGS,text,06_feed_etf_holdings,trading-data/src/data_feed/06_feed_etf_holdings,trading-data,sync_artifact,"06 data feed for ETF issuer holdings files across CSV, XLSX, JSON, and HTML surfaces.",2026-04-26 12:04:38.776842-04,2026-05-17 02:10:11.268482-04
dbu_GDELTN1,data_feed,GDELT_NEWS,text,05_feed_gdelt_news,trading-data/src/data_feed/05_feed_gdelt_news,trading-data,sync_artifact,05 data feed for GDELT BigQuery-backed global news evidence used by event discovery.,2026-04-27 13:26:23.487083-04,2026-05-17 02:10:11.268482-04
dbu_W59XPQBY,data_feed,OKX_CRYPTO_MARKET_DATA,text,04_feed_okx_crypto_market_data,trading-data/src/data_feed/04_feed_okx_crypto_market_data,trading-data,sync_artifact,"04 data feed for OKX crypto bars, normalized trades, and trade-derived liquidity bars; sampled order-book fields may be blank when unavailable.",2026-04-26 12:04:38.776842-04,2026-05-17 02:10:11.268482-04
dbu_5HPPSAMV,data_feed,SEC_COMPANY_FINANCIALS,text,08_feed_sec_company_financials,trading-data/src/data_feed/08_feed_sec_company_financials,trading-data,sync_artifact,"08 data feed for SEC EDGAR submissions, companyfacts, companyconcept, and XBRL frames with compact normalized outputs.",2026-04-26 12:04:38.776842-04,2026-05-17 02:10:11.268482-04
dbu_Q5TXEVNT,data_feed,THETADATA_OPTION_EVENT_TIMELINE,text,11_feed_thetadata_option_event_timeline,trading-data/src/data_feed/11_feed_thetadata_option_event_timeline,trading-data,sync_artifact,11 data feed for ThetaData option event-only activity timeline evidence rows and per-event detail artifacts.,2026-04-26 19:00:52.331821-04,2026-05-17 02:10:11.268482-04
dbu_9O1A3ATK,data_feed,THETADATA_OPTION_PRIMARY_TRACKING,text,10_feed_thetadata_option_primary_tracking,trading-data/src/data_feed/10_feed_thetadata_option_primary_tracking,trading-data,sync_artifact,10 data feed for ThetaData specified-contract primary tracking from entry through exit horizons.,2026-04-26 12:04:38.776842-04,2026-05-17 02:10:11.268482-04
dbu_GI7N2MIP,data_feed,THETADATA_OPTION_SELECTION_SNAPSHOT,text,09_feed_thetadata_option_selection_snapshot,trading-data/src/data_feed/09_feed_thetadata_option_selection_snapshot,trading-data,sync_artifact,09 data feed for explicit-time point-in-time ThetaData option-chain snapshots used to simulate visible contract-selection information.,2026-04-26 12:04:38.776842-04,2026-05-17 02:10:11.268482-04
dbu_TECALWEB,data_feed,TRADING_ECONOMICS_CALENDAR_WEB,text,07_feed_trading_economics_calendar_web,trading-data/src/data_feed/07_feed_trading_economics_calendar_web,trading-data,sync_artifact,07 data feed for conservative Trading Economics visible-page U.S. high-impact macro calendar rows; no bulk backfill yet.,2026-04-27 16:51:02.179007-04,2026-05-17 02:10:11.268482-04
dbu_MRGINPUT,data_source,SOURCE_01_MARKET_REGIME,text,source_01_market_regime,trading-data/src/data_source/source_01_market_regime,trading-data;trading-model;market_regime_model,sync_artifact,01 control-plane-facing MarketRegimeModel data source; fetches ETF bars from data feeds and writes trading_data.source_01_market_regime.,2026-04-28 00:44:02.799166-04,2026-05-17 02:10:11.268482-04
dbu_SECINPUT,data_source,SOURCE_02_TARGET_CANDIDATE_HOLDINGS,text,source_02_target_candidate_holdings,trading-data/src/data_source/source_02_target_candidate_holdings,trading-data;trading-model;model_03_target_state_vector;target_state_vector_model;anonymous_target_candidate_builder;source_03_target_state,sync_artifact,02 historical source-contract identifier for Layer 3 anonymous target candidate input preparation; fetches ETF holdings for Layer 2 selected/prioritized sector baskets and writes trading_data.source_02_target_candidate_holdings before source_03_target_state / feature_03_target_state_vector construction. It is not a Layer 2 SectorContextModel source surface.,2026-04-28 00:44:02.799166-04,2026-05-17 02:10:11.268482-04
dbu_TSTATE03,data_source,SOURCE_03_TARGET_STATE,text,source_03_target_state,trading-data/src/data_source/source_03_target_state,trading-data;trading-model;target_state_vector_model;model_03_target_state_vector,registry_only,03 control-plane-facing target-local observed-input source contract for TargetStateVectorModel. Layer 3 data requests use source_03_target_state.,2026-05-04 23:43:23.098031-04,2026-05-17 02:10:11.268482-04
dbu_OPTINPUT,data_source,SOURCE_05_OPTION_EXPRESSION,text,source_05_option_expression,trading-data/src/data_source/source_05_option_expression,trading-data;trading-model;option_expression_model,sync_artifact,05 control-plane-facing OptionExpressionModel data source; fetches option snapshots from data feeds and writes the option-expression SQL contract.,2026-04-28 00:44:02.799166-04,2026-05-17 02:10:11.268482-04
dbu_EVTINPUT,data_source,SOURCE_06_POSITION_EXECUTION,text,source_06_position_execution,trading-data/src/data_source/source_06_position_execution,trading-data;trading-model;option_expression_model;model_08_option_expression;selected_contract_tracking_source,sync_artifact,06 control-plane-facing selected-contract option time-series source for OptionExpressionModel replay/evaluation; fetches selected-contract option market data from feeds and writes trading_data.source_06_position_execution without emitting execution instructions.,2026-04-28 00:44:02.799166-04,2026-05-17 02:10:11.268482-04
dbu_PRKINPUT,data_source,SOURCE_09_EVENT_RISK_GOVERNOR,text,source_09_event_risk_governor,trading-data/src/data_source/source_09_event_risk_governor,trading-data;trading-model;event_risk_governor;model_09_event_risk_governor,sync_artifact,04 control-plane-facing EventRiskGovernor data source; prepares one SQL event overview row per required event with details behind references.,2026-04-28 00:44:02.799166-04,2026-05-17 02:10:11.268482-04
scp_ALPBAR1,feed_capability,ALPACA_EQUITY_BAR,text,alpaca_equity_bar,https://docs.alpaca.markets/reference/stockbars,01_feed_alpaca_bars;alpaca,registry_only,Alpaca market-data stock/ETF historical bar endpoint capability used transiently by 01_feed_alpaca_bars and numbered trading-feed bundles; not a final data_kind,2026-04-28 22:19:42.46024-04,2026-05-17 02:10:11.268482-04
scp_ALPSNAP1,feed_capability,ALPACA_EQUITY_LATEST_SNAPSHOT,text,alpaca_equity_latest_snapshot,https://docs.alpaca.markets/reference/stocksnapshots,02_feed_alpaca_liquidity;alpaca,registry_only,"Alpaca latest stock snapshot capability; useful for availability/planning around quote/trade/bar state, not currently a final saved data shape",2026-04-28 22:19:42.46024-04,2026-05-17 02:10:11.268482-04
scp_ALPNEWS1,feed_capability,ALPACA_EQUITY_NEWS,text,alpaca_equity_news,https://docs.alpaca.markets/reference/news-3,03_feed_alpaca_news;alpaca,registry_only,Alpaca news endpoint capability for feed article metadata used by 03_feed_alpaca_news; not a final canonical event data_kind,2026-04-28 22:19:42.46024-04,2026-05-17 02:10:11.268482-04
dki_4LDCM9Q8,feed_capability,CRYPTO_ORDER_BOOK,text,crypto_order_book,,04_feed_okx_crypto_market_data,review_on_merge,OKX order-book feed category; snapshots can form a time series only from collection start unless a historical order-book feed is accepted Registry cleanup 2026-04-28: restored from deleted data_kind history as feed_capability; not an active final saved data_kind.,2026-04-28 04:58:26.897194-04,2026-05-17 02:10:11.268482-04
dki_UV1LV9WE,feed_capability,CRYPTO_QUOTE,text,crypto_quote,,04_feed_okx_crypto_market_data,review_on_merge,OKX ticker/top-of-book feed category; not currently accepted as a standalone final saved data kind because quote-feature definitions may be absent or sampled separately Registry cleanup 2026-04-28: restored from deleted data_kind history as feed_capability; not an active final saved data_kind.,2026-04-28 04:58:26.897194-04,2026-05-17 02:10:11.268482-04
dki_BFOOT2KD,feed_capability,CRYPTO_TRADE,text,crypto_trade,,04_feed_okx_crypto_market_data,review_on_merge,"OKX crypto trades are transient inputs for crypto_liquidity_bar, not default standalone final saved outputs; do not save crypto_trade.csv unless explicitly approved for a bounded debug/audit use case Registry cleanup 2026-04-28: restored from deleted data_kind history as feed_capability; not an active final saved data_kind.",2026-04-28 04:58:26.897194-04,2026-05-17 02:10:11.268482-04
dki_H58O19IF,feed_capability,EQUITY_QUOTE,text,equity_quote,,02_feed_alpaca_liquidity,review_on_merge,"Alpaca quote records are live-confirmed transient inputs for 02_feed_alpaca_liquidity, not default persisted final outputs; no data-kind template until explicitly accepted as saved data Registry cleanup 2026-04-28: restored from deleted data_kind history as feed_capability; not an active final saved data_kind.",2026-04-28 04:58:26.897194-04,2026-05-17 02:10:11.268482-04
dki_4OEED0FT,feed_capability,EQUITY_SNAPSHOT,text,equity_snapshot,,02_feed_alpaca_liquidity,review_on_merge,Alpaca snapshots are live-confirmed but not currently accepted as final saved outputs; no data-kind template until explicitly accepted as saved data Registry cleanup 2026-04-28: restored from deleted data_kind history as feed_capability; not an active final saved data_kind.,2026-04-28 04:58:26.897194-04,2026-05-17 02:10:11.268482-04
dki_ELPMPT7W,feed_capability,EQUITY_TRADE,text,equity_trade,,02_feed_alpaca_liquidity,review_on_merge,"Alpaca trade prints are live-confirmed transient inputs for 02_feed_alpaca_liquidity, not default persisted final outputs; no data-kind template until explicitly accepted as saved data Registry cleanup 2026-04-28: restored from deleted data_kind history as feed_capability; not an active final saved data_kind.",2026-04-28 04:58:26.897194-04,2026-05-17 02:10:11.268482-04
trm_LKP3RR2V,feed_capability,ETF_ISSUER_HOLDINGS,text,etf_issuer_holdings,"",06_feed_etf_holdings;official_issuer_holdings,registry_only,"Official ETF issuer holdings publication capability across CSV, XLSX, JSON, and HTML issuer surfaces; adapter-normalized evidence, not a provider-independent final data_kind",2026-04-26 01:48:23.385904-04,2026-05-17 02:10:11.268482-04
scp_GDELTGKG1,feed_capability,GDELT_GKG_RECORD,text,gdelt_gkg_record,https://www.gdeltproject.org/data.html,05_feed_gdelt_news;gdelt_bigquery,registry_only,GDELT GKG BigQuery record capability used for pre-filtered broad news/feed evidence; not a final canonical event data_kind,2026-04-28 22:19:42.46024-04,2026-05-17 02:10:11.268482-04
scp_OKXCNDL1,feed_capability,OKX_CRYPTO_CANDLE,text,okx_crypto_candle,https://www.okx.com/docs-v5/en/#order-book-trading-market-data-get-candlesticks,04_feed_okx_crypto_market_data;okx,registry_only,OKX candlestick endpoint capability used by 04_feed_okx_crypto_market_data for crypto bar construction; not a standalone final data_kind,2026-04-28 22:19:42.46024-04,2026-05-17 02:10:11.268482-04
dki_BWQ5ICU7,feed_capability,OPTION_CONTRACT,text,option_contract,https://http-docs.thetadata.us/,10_feed_thetadata_option_primary_tracking;09_feed_thetadata_option_selection_snapshot,review_on_merge,ThetaData option contract/reference records used for primary-contract tracking and point-in-time selection snapshots Registry cleanup 2026-04-28: restored from deleted data_kind history as feed_capability; not an active final saved data_kind.,2026-04-28 04:58:26.897194-04,2026-05-17 02:10:11.268482-04
dki_6MTHFL7Q,feed_capability,OPTION_EOD,text,option_eod,https://http-docs.thetadata.us/,10_feed_thetadata_option_primary_tracking;09_feed_thetadata_option_selection_snapshot,review_on_merge,ThetaData option end-of-day records used for primary-contract tracking and visible chain context when applicable Registry cleanup 2026-04-28: restored from deleted data_kind history as feed_capability; not an active final saved data_kind.,2026-04-28 04:58:26.897194-04,2026-05-17 02:10:11.268482-04
dki_YY7IBQ8C,feed_capability,OPTION_GREEKS_FIRST_ORDER,text,option_greeks_first_order,https://http-docs.thetadata.us/,10_feed_thetadata_option_primary_tracking;09_feed_thetadata_option_selection_snapshot,review_on_merge,ThetaData first-order Greeks used for primary-contract tracking and point-in-time chain selection context Registry cleanup 2026-04-28: restored from deleted data_kind history as feed_capability; not an active final saved data_kind.,2026-04-28 04:58:26.897194-04,2026-05-17 02:10:11.268482-04
dki_PZNI1XUP,feed_capability,OPTION_GREEKS_SECOND_ORDER,text,option_greeks_second_order,https://http-docs.thetadata.us/,09_feed_thetadata_option_selection_snapshot,review_on_merge,ThetaData second-order Greeks remain entitlement-blocked on the current STANDARD account; include only in point-in-time selection snapshots if entitlement is upgraded Registry cleanup 2026-04-28: restored from deleted data_kind history as feed_capability; not an active final saved data_kind.,2026-04-28 04:58:26.897194-04,2026-05-17 02:10:11.268482-04
dki_E5R4G5KB,feed_capability,OPTION_GREEKS_THIRD_ORDER,text,option_greeks_third_order,https://http-docs.thetadata.us/,09_feed_thetadata_option_selection_snapshot,review_on_merge,ThetaData third-order Greeks remain entitlement-blocked on the current STANDARD account; include only in point-in-time selection snapshots if entitlement is upgraded Registry cleanup 2026-04-28: restored from deleted data_kind history as feed_capability; not an active final saved data_kind.,2026-04-28 04:58:26.897194-04,2026-05-17 02:10:11.268482-04
dki_1IKW20PE,feed_capability,OPTION_IMPLIED_VOLATILITY,text,option_implied_volatility,https://http-docs.thetadata.us/,10_feed_thetadata_option_primary_tracking;09_feed_thetadata_option_selection_snapshot,review_on_merge,ThetaData option implied volatility records used for primary-contract tracking and point-in-time chain selection context Registry cleanup 2026-04-28: restored from deleted data_kind history as feed_capability; not an active final saved data_kind.,2026-04-28 04:58:26.897194-04,2026-05-17 02:10:11.268482-04
dki_O7F5GJCD,feed_capability,OPTION_NBBO,text,option_nbbo,,11_feed_thetadata_option_event_timeline;10_feed_thetadata_option_primary_tracking,review_on_merge,ThetaData option trade-quote/NBBO rows align trades with quotes and are preferred feed inputs for option liquidity and unusual-activity event timelines; feed input only unless a later migration accepts this raw kind as final saved output Registry cleanup 2026-04-28: restored from deleted data_kind history as feed_capability; not an active final saved data_kind.,2026-04-28 04:58:26.897194-04,2026-05-17 02:10:11.268482-04
dki_V93OLXTY,feed_capability,OPTION_OHLC,text,option_ohlc,https://http-docs.thetadata.us/,10_feed_thetadata_option_primary_tracking,review_on_merge,ThetaData option OHLC records for the selected primary/main contract tracked alongside equity bars Registry cleanup 2026-04-28: restored from deleted data_kind history as feed_capability; not an active final saved data_kind.,2026-04-28 04:58:26.897194-04,2026-05-17 02:10:11.268482-04
dki_CHECOD4I,feed_capability,OPTION_OPEN_INTEREST,text,option_open_interest,https://http-docs.thetadata.us/,10_feed_thetadata_option_primary_tracking;09_feed_thetadata_option_selection_snapshot,review_on_merge,ThetaData option open interest records used for primary-contract tracking and point-in-time chain selection context Registry cleanup 2026-04-28: restored from deleted data_kind history as feed_capability; not an active final saved data_kind.,2026-04-28 04:58:26.897194-04,2026-05-17 02:10:11.268482-04
dki_CK3CV9TH,feed_capability,OPTION_QUOTE,text,option_quote,,11_feed_thetadata_option_event_timeline;10_feed_thetadata_option_primary_tracking,review_on_merge,ThetaData option quotes are feed inputs for unusual-activity event timelines and primary-contract liquidity features; default final persistence should aggregate or eventize rather than save bulky raw quotes; feed input only unless a later migration accepts this raw kind as final saved output Registry cleanup 2026-04-28: restored from deleted data_kind history as feed_capability; not an active final saved data_kind.,2026-04-28 04:58:26.897194-04,2026-05-17 02:10:11.268482-04
dki_6CW1NB0H,feed_capability,OPTION_SNAPSHOT,text,option_snapshot,https://http-docs.thetadata.us/,09_feed_thetadata_option_selection_snapshot,review_on_merge,ThetaData requested-time option quote snapshot records for simulating visible chain information at signal/contract-selection time Registry cleanup 2026-04-28: restored from deleted data_kind history as feed_capability; not an active final saved data_kind.,2026-04-28 04:58:26.897194-04,2026-05-17 02:10:11.268482-04
dki_2222F63W,feed_capability,OPTION_TRADE,text,option_trade,,11_feed_thetadata_option_event_timeline;10_feed_thetadata_option_primary_tracking,review_on_merge,ThetaData option trades are feed inputs for unusual-activity event timelines and primary-contract liquidity features; default final persistence should aggregate or eventize rather than save bulky raw trades; feed input only unless a later migration accepts this raw kind as final saved output Registry cleanup 2026-04-28: restored from deleted data_kind history as feed_capability; not an active final saved data_kind.,2026-04-28 04:58:26.897194-04,2026-05-17 02:10:11.268482-04
dki_GFV59VYO,feed_capability,OPTION_TRADE_GREEKS,text,option_trade_greeks,https://http-docs.thetadata.us/,11_feed_thetadata_option_event_timeline,review_on_merge,ThetaData trade Greeks remain entitlement-blocked on the current STANDARD account; event timeline may use them only if entitlement is upgraded Registry cleanup 2026-04-28: restored from deleted data_kind history as feed_capability; not an active final saved data_kind.,2026-04-28 04:58:26.897194-04,2026-05-17 02:10:11.268482-04
dki_FDDPJVLF,feed_capability,SEC_COMPANY_CONCEPT,text,sec_company_concept,https://www.sec.gov/search-filings/edgar-application-programming-interfaces,08_feed_sec_company_financials,review_on_merge,SEC companyconcept facts for one taxonomy/tag Registry cleanup 2026-04-28: restored from deleted data_kind history as feed_capability; not an active final saved data_kind.,2026-04-28 04:58:26.897194-04,2026-05-17 02:10:11.268482-04
dki_PBST7F0X,feed_capability,SEC_COMPANY_FACT,text,sec_company_fact,https://www.sec.gov/search-filings/edgar-application-programming-interfaces,08_feed_sec_company_financials,review_on_merge,SEC companyfacts XBRL facts by CIK Registry cleanup 2026-04-28: restored from deleted data_kind history as feed_capability; not an active final saved data_kind.,2026-04-28 04:58:26.897194-04,2026-05-17 02:10:11.268482-04
dki_OFH0JXSP,feed_capability,SEC_FILING_DOCUMENT,text,sec_filing_document,trading-data/src/data_feed/08_feed_sec_company_financials,08_feed_sec_company_financials;sec_company_financials;earnings_guidance_event_family;official_document_text,sync_artifact,"Official SEC filing document metadata plus persisted text artifact, fetched by CIK, accession number, and document name for reviewed downstream result/guidance interpretation. Registered as feed capability rather than active final data_kind under the current registry boundary.",2026-04-28 04:58:26.897194-04,2026-05-17 02:10:11.268482-04
dki_4SBQMF2Y,feed_capability,SEC_SUBMISSION,text,sec_submission,https://www.sec.gov/search-filings/edgar-application-programming-interfaces,08_feed_sec_company_financials,review_on_merge,SEC EDGAR submissions and filing-history JSON Registry cleanup 2026-04-28: restored from deleted data_kind history as feed_capability; not an active final saved data_kind.,2026-04-28 04:58:26.897194-04,2026-05-17 02:10:11.268482-04
dki_D21L7FWL,feed_capability,SEC_XBRL_FRAME,text,sec_xbrl_frame,https://www.sec.gov/search-filings/edgar-application-programming-interfaces,08_feed_sec_company_financials,review_on_merge,SEC frames API records for cross-company XBRL concept periods Registry cleanup 2026-04-28: restored from deleted data_kind history as feed_capability; not an active final saved data_kind.,2026-04-28 04:58:26.897194-04,2026-05-17 02:10:11.268482-04
scp_TECALPG1,feed_capability,TRADING_ECONOMICS_CALENDAR_PAGE,text,trading_economics_calendar_page,https://tradingeconomics.com/united-states/calendar,07_feed_trading_economics_calendar_web;trading_economics,registry_only,Trading Economics visible calendar web-page capability; intentionally excludes API/download endpoints and is not itself a final data_kind,2026-04-28 22:19:42.46024-04,2026-05-17 02:10:11.268482-04
fld_OPT018,field,BAR_CLOSE,field_name,bar_close,,source_01_market_regime;source_06_position_execution;source_03_target_state,sync_artifact,bar close price,2026-04-26 21:55:13.803407-04,2026-05-17 02:10:11.268482-04
fld_MEU004,field,BAR_GRAIN,field_name,bar_grain,trading-storage/main/shared/layer_01_02_market_context_etf_universe.csv,market_regime_etf_universe,sync_artifact,"intended observation bar granularity, e.g. 1m, 30m, or 1d",2026-04-28 03:44:05.912602-04,2026-05-17 02:10:11.268482-04
fld_OPT016,field,BAR_HIGH,field_name,bar_high,,source_01_market_regime;source_06_position_execution;source_03_target_state,sync_artifact,bar high price,2026-04-26 21:55:13.803407-04,2026-05-17 02:10:11.268482-04
fld_OPT017,field,BAR_LOW,field_name,bar_low,,source_01_market_regime;source_06_position_execution;source_03_target_state,sync_artifact,bar low price,2026-04-26 21:55:13.803407-04,2026-05-17 02:10:11.268482-04
fld_OPT015,field,BAR_OPEN,field_name,bar_open,,source_01_market_regime;source_06_position_execution;source_03_target_state,sync_artifact,bar open price,2026-04-26 21:55:13.803407-04,2026-05-17 02:10:11.268482-04
fld_OPT020,field,BAR_TRADE_COUNT,field_name,bar_trade_count,,source_01_market_regime;source_06_position_execution;source_03_target_state,sync_artifact,number of trades contributing to a bar,2026-04-26 21:55:13.803407-04,2026-05-17 02:10:11.268482-04
fld_OPT019,field,BAR_VOLUME,field_name,bar_volume,,source_01_market_regime;source_06_position_execution;source_03_target_state,sync_artifact,bar traded volume,2026-04-26 21:55:13.803407-04,2026-05-17 02:10:11.268482-04
fld_OPT021,field,BAR_VWAP,field_name,bar_vwap,,source_01_market_regime;source_06_position_execution;source_03_target_state,sync_artifact,bar volume-weighted average price,2026-04-26 21:55:13.803407-04,2026-05-17 02:10:11.268482-04
fld_ATC006,field,CANDIDATE_ANONYMITY_CHECK_STATE,field_name,candidate_anonymity_check_state,trading-model/src/models/model_03_target_state_vector/anonymous_target_candidate_builder/target_candidate_builder_contract.md,anonymous_target_candidate_builder;anonymous_target_feature_vector;model_03_target_state_vector;target_state_vector_model,registry_only,Pass/watch/fail state for candidate identity-leakage checks; raw ticker/company identity must remain outside model-facing vectors.,2026-05-05 23:20:27.193526-04,2026-05-17 02:10:11.268482-04
fld_ATC001,field,CANDIDATE_BUILDER_VERSION,field_name,candidate_builder_version,trading-model/src/models/model_03_target_state_vector/anonymous_target_candidate_builder/target_candidate_builder_contract.md,anonymous_target_candidate_builder;anonymous_target_feature_vector;model_03_target_state_vector;target_state_vector_model,registry_only,Version/config label for the Layer 3 anonymous target candidate builder that produced the candidate row.,2026-05-05 23:20:27.193526-04,2026-05-17 02:10:11.268482-04
fld_ATC005,field,CANDIDATE_DATA_QUALITY_SCORE,field_name,candidate_data_quality_score,trading-model/src/models/model_03_target_state_vector/anonymous_target_candidate_builder/target_candidate_builder_contract.md,anonymous_target_candidate_builder;anonymous_target_feature_vector;model_03_target_state_vector;target_state_vector_model;target_context_state,registry_only,"Coverage/freshness/reliability summary for anonymous target candidate preparation evidence; describes row reliability, not opportunity or position sizing.",2026-05-05 23:20:27.193526-04,2026-05-17 02:10:11.268482-04
fld_ATC002,field,CANDIDATE_ELIGIBILITY_STATE,field_name,candidate_eligibility_state,trading-model/src/models/model_03_target_state_vector/anonymous_target_candidate_builder/target_candidate_builder_contract.md,anonymous_target_candidate_builder;anonymous_target_feature_vector;model_03_target_state_vector;target_state_vector_model,registry_only,Layer 3 candidate-preparation eligibility state. This gates whether a candidate can flow into target-state vector generation; it is not an action or trade instruction.,2026-05-05 23:20:27.193526-04,2026-05-17 02:10:11.268482-04
fld_ATC004,field,CANDIDATE_GENERATION_REASON_CODES,field_name,candidate_generation_reason_codes,trading-model/src/models/model_03_target_state_vector/anonymous_target_candidate_builder/target_candidate_builder_contract.md,anonymous_target_candidate_builder;anonymous_target_feature_vector;model_03_target_state_vector;target_state_vector_model,registry_only,"Semicolon-delimited reason-code field explaining why the anonymous target candidate row was generated, watched, excluded, or quality-gated.",2026-05-05 23:20:27.193526-04,2026-05-17 02:10:11.268482-04
fld_ATC003,field,CANDIDATE_SOURCE_RANK,field_name,candidate_source_rank,trading-model/src/models/model_03_target_state_vector/anonymous_target_candidate_builder/target_candidate_builder_contract.md,anonymous_target_candidate_builder;anonymous_target_feature_vector;model_03_target_state_vector;target_state_vector_model,registry_only,Rank inherited from Layer 2 sector/basket transmission or target evidence during anonymous candidate preparation; not a portfolio weight.,2026-05-05 23:20:27.193526-04,2026-05-17 02:10:11.268482-04
fld_DASHTASK013,field,DASHBOARD_PROVIDER_DISPATCH_WORKER_PREVIEW,field_name,worker_preview,trading-manager/src/trading_manager_tasks/stage_run_dashboard.py,manager_stage_run_dashboard;provider_dispatch_preview;task_worker_preview,sync_artifact,"Owner-facing provider dispatch preview rows showing request id, worker id, worker slot, and dispatch status before execution.",2026-05-14 08:59:48.665413-04,2026-05-17 02:10:11.268482-04
fld_DASHDATA001,field,DASHBOARD_SOURCE_OUTPUT_FRESHNESS_CLASS,field_name,freshness_class,trading-storage/docs/96_dashboard_read_models.md;trading-dashboard/docs/09_dashboard_read_models.md,current_system_status_summary;dashboard_source_outputs;dashboard_data;source_artifact_freshness,sync_artifact,Classifies how a dashboard source artifact is expected to refresh. Heartbeat artifacts should move on scheduler heartbeat; event-driven artifacts move only when decisions or stage progress occur.,2026-05-13 22:21:03.381743-04,2026-05-17 02:10:11.268482-04
fld_DASHDATA002,field,DASHBOARD_SOURCE_OUTPUT_FRESHNESS_NOTE,field_name,freshness_note,trading-storage/docs/96_dashboard_read_models.md;trading-dashboard/docs/09_dashboard_read_models.md,current_system_status_summary;dashboard_source_outputs;dashboard_data;source_artifact_freshness,sync_artifact,Human-readable explanation of source artifact freshness behavior so old event-driven timestamps are not mistaken for dashboard refresh failures.,2026-05-13 22:21:03.381743-04,2026-05-17 02:10:11.268482-04
fld_DASHTASK010,field,DASHBOARD_TASK_WORKER_ID,field_name,worker_id,trading-manager/src/trading_manager_tasks/dashboard_read_models.py;trading-dashboard/web/types.ts;trading-dashboard/web/App.tsx;trading-dashboard/docs/09_dashboard_read_models.md,historical_task_progress_summary;task_timeline;dashboard_tasks;task_worker_preview,sync_artifact,Owner-facing task timeline worker identifier showing which manager/provider/fold worker owns or executes a task preview row.,2026-05-14 08:59:48.665413-04,2026-05-17 02:10:11.268482-04
fld_DASHTASK012,field,DASHBOARD_TASK_WORKER_KIND,field_name,worker_kind,trading-manager/src/trading_manager_tasks/dashboard_read_models.py;trading-dashboard/web/types.ts;trading-dashboard/web/App.tsx;trading-dashboard/docs/09_dashboard_read_models.md,historical_task_progress_summary;task_timeline;dashboard_tasks;task_worker_preview,sync_artifact,"Owner-facing worker category for dashboard task rows, such as scheduler_stage, provider_pool, or fold_worker.",2026-05-14 08:59:48.665413-04,2026-05-17 02:10:11.268482-04
fld_DASHTASK011,field,DASHBOARD_TASK_WORKER_LABEL,field_name,worker_label,trading-manager/src/trading_manager_tasks/dashboard_read_models.py;trading-dashboard/web/types.ts;trading-dashboard/web/App.tsx;trading-dashboard/docs/09_dashboard_read_models.md,historical_task_progress_summary;task_timeline;dashboard_tasks;task_worker_preview,sync_artifact,Owner-facing task timeline worker label rendered in each task preview and expandable task detail panel.,2026-05-14 08:59:48.665413-04,2026-05-17 02:10:11.268482-04
fld_DU001,field,DATASET_UNIT_KIND,field_name,dataset_unit_kind,trading-manager/src/trading_manager_tasks/model_training_workflow.py;trading-manager/src/trading_manager_tasks/dataset_expansion.py;trading-manager/docs/100_dataset_expansion.md,manager_model_training_workflow_plan;manager_model_training_workflow_state;manager_dataset_expansion_plan;dashboard_task_timeline,sync_artifact,Manager-visible field naming whether the work unit is a six-month panel or target-symbol six-month unit.,2026-05-14 04:33:13.334024-04,2026-05-17 02:10:11.268482-04
fld_DU002,field,DATASET_UNIT_MONTHS,field_name,dataset_unit_months,trading-manager/src/trading_manager_tasks/model_training_workflow.py;trading-manager/src/trading_manager_tasks/dataset_expansion.py;trading-manager/docs/100_dataset_expansion.md,manager_model_training_workflow_plan;manager_model_training_workflow_state;manager_dataset_expansion_plan;dashboard_task_timeline,sync_artifact,Manager-visible field for the number of months in the dataset unit; currently six.,2026-05-14 04:33:13.334024-04,2026-05-17 02:10:11.268482-04
fld_MRRS006,field,DENOMINATOR_BAR_GRAIN,field_name,denominator_bar_grain,trading-storage/main/shared/layer_01_02_market_context_relative_strength_combinations.csv,market_regime_relative_strength_combinations;trading-data;market_regime_model,sync_artifact,Source acquisition/detail bar grain for the denominator ETF symbol.,2026-04-29 17:28:39.068078-04,2026-05-17 02:10:11.268482-04
fld_MI3LIQ01,field,DOLLAR_VOLUME,field_name,dollar_volume,,source_03_target_state,sync_artifact,Bar-level notional traded value used as liquidity evidence,2026-04-28 18:29:23.371007-04,2026-05-17 02:10:11.268482-04
fld_ETFH008,field,ETF_HOLDING_MARKET_VALUE,field_name,market_value,,source_02_target_candidate_holdings,sync_artifact,Issuer-published market value of the constituent holding,2026-04-27 16:51:02.179007-04,2026-05-17 02:10:11.268482-04
fld_ETFH007,field,ETF_HOLDING_SHARES,field_name,shares,,source_02_target_candidate_holdings,sync_artifact,Issuer-published share count held by the ETF,2026-04-27 16:51:02.179007-04,2026-05-17 02:10:11.268482-04
fld_ETFH006,field,ETF_HOLDING_WEIGHT,field_name,weight,,source_02_target_candidate_holdings,sync_artifact,Constituent weight as a percentage of ETF net assets/fund value,2026-04-27 16:51:02.179007-04,2026-05-17 02:10:11.268482-04
fld_L4EVTCOV001,field,EVENT_ARTIFACT_PATHS,field_name,event_artifact_paths,trading-data/src/data_source/source_09_event_risk_governor/README.md;trading-data/src/data_source/source_09_event_risk_governor/pipeline.py,source_09_event_risk_governor;event_risk_governor;local_feed_artifact_extraction,sync_artifact,Task-key list of reviewed local saved feed artifacts that source_09_event_risk_governor normalizes into canonical event overview rows without provider calls.,2026-05-15 00:11:55.556601-04,2026-05-17 02:10:11.268482-04
fld_L4EVTCOV002,field,EVENT_FEED_ROW_COVERAGE,field_name,event_feed_row_coverage,trading-manager/src/trading_manager_tasks/layer_nine_event_risk_governor.py,manager_layer_nine_event_risk_governor_input_materialization;event_source_coverage;requested_window,sync_artifact,Summary field reporting requested-window row counts by required event feed source for the current layer_09_event_risk_governor / Layer 9 coverage gate.,2026-05-15 02:15:20.720683-04,2026-05-17 02:20:25.029069-04
fld_EVT041,field,EVENT_SOURCE_PRIORITY,field_name,source_priority,trading-data/src/data_source/source_09_event_risk_governor/README.md,source_09_event_risk_governor;event_risk_governor;event_context_vector,sync_artifact,Ordinal source-priority token used to choose canonical event rows. Official SEC/exchange/company/regulatory disclosures outrank derivative news coverage.,2026-05-07 03:35:21.299816-04,2026-05-17 02:10:11.268482-04
fld_MRRS007,field,FEATURE_BAR_GRAIN,field_name,feature_bar_grain,trading-storage/main/shared/layer_01_02_market_context_relative_strength_combinations.csv,market_regime_relative_strength_combinations;trading-data;market_regime_model,sync_artifact,Derived feature bar grain for a relative-strength combination row.,2026-04-29 17:28:39.068078-04,2026-05-17 02:10:11.268482-04
fld_OPT051,field,GREEK_DELTA,field_name,delta,,source_05_option_expression,sync_artifact,option first-order Greek delta,2026-04-26 21:55:13.803407-04,2026-05-17 02:10:11.268482-04
fld_OPT055,field,GREEK_EPSILON,field_name,epsilon,,source_05_option_expression,sync_artifact,option first-order Greek epsilon,2026-04-26 21:55:13.803407-04,2026-05-17 02:10:11.268482-04
fld_OPT056,field,GREEK_LAMBDA,field_name,lambda,,source_05_option_expression,sync_artifact,option first-order Greek lambda,2026-04-26 21:55:13.803407-04,2026-05-17 02:10:11.268482-04
fld_OPT054,field,GREEK_RHO,field_name,rho,,source_05_option_expression,sync_artifact,option first-order Greek rho,2026-04-26 21:55:13.803407-04,2026-05-17 02:10:11.268482-04
fld_OPT052,field,GREEK_THETA,field_name,theta,,source_05_option_expression,sync_artifact,option first-order Greek theta,2026-04-26 21:55:13.803407-04,2026-05-17 02:10:11.268482-04
fld_OPT053,field,GREEK_VEGA,field_name,vega,,source_05_option_expression,sync_artifact,option first-order Greek vega,2026-04-26 21:55:13.803407-04,2026-05-17 02:10:11.268482-04
fld_OPT045,field,IMPLIED_VOL,field_name,implied_vol,,source_05_option_expression,sync_artifact,implied volatility value used in option snapshots and event detail contexts,2026-04-26 21:55:13.803407-04,2026-05-17 02:10:11.268482-04
fld_OPT064,field,IV_ERROR,field_name,iv_error,,source_05_option_expression,sync_artifact,ThetaData implied-volatility error/status value in nested IV context,2026-04-27 00:26:16.245342-04,2026-05-17 02:10:11.268482-04
fld_TSV003,field,MARKET_CONTEXT_STATE_REF,field_name,market_context_state_ref,,model_03_target_state_vector;feature_03_target_state_vector;target_state_vector_model;model_01_market_regime,registry_only,Reference from a Layer 3 target-state row to the Layer 1 market context state used as point-in-time input.,2026-05-05 00:11:23.309929-04,2026-05-17 02:10:11.268482-04
fld_MRRS005,field,NUMERATOR_BAR_GRAIN,field_name,numerator_bar_grain,trading-storage/main/shared/layer_01_02_market_context_relative_strength_combinations.csv,market_regime_relative_strength_combinations;trading-data;market_regime_model,sync_artifact,Source acquisition/detail bar grain for the numerator ETF symbol.,2026-04-29 17:28:39.068078-04,2026-05-17 02:10:11.268482-04
fld_OPT059,field,OPTION_DAYS_TO_EXPIRATION,field_name,days_to_expiration,,source_05_option_expression,sync_artifact,derived days to expiration for an option contract,2026-04-26 21:55:13.803407-04,2026-05-17 02:10:11.268482-04
fld_OPD068,field,OPTION_EVENT_DETAIL_ABNORMALITY_EVIDENCE_COVERAGE,field_name,abnormality_evidence_coverage,trading-data/src/data_feed/11_feed_thetadata_option_event_timeline/pipeline.py,option_activity_event_detail;option_abnormality_coverage;proof_gate,sync_artifact,Coverage object listing present and missing required abnormality fields before directional or promotion judgment.,2026-05-15 06:17:08.441098-04,2026-05-17 02:10:11.268482-04
fld_OPD057,field,OPTION_EVENT_DETAIL_BID_TOUCH_RATIO,field_name,bid_touch_ratio,trading-data/src/data_feed/11_feed_thetadata_option_event_timeline/pipeline.py,option_activity_event_detail;option_abnormality_coverage;directional_activity_evidence,sync_artifact,Quote-touch ratio measuring proximity to bid; paired with ask_touch_ratio for side/aggressor evidence.,2026-05-15 06:17:08.441098-04,2026-05-17 02:10:11.268482-04
fld_OPD067,field,OPTION_EVENT_DETAIL_DIRECTION_CONFIDENCE,field_name,direction_confidence,trading-data/src/data_feed/11_feed_thetadata_option_event_timeline/pipeline.py,option_activity_event_detail;option_abnormality_coverage;directional_activity_evidence,sync_artifact,Direction hypothesis confidence object; incomplete evidence must produce insufficient_evidence rather than a final label.,2026-05-15 06:17:08.441098-04,2026-05-17 02:10:11.268482-04
fld_OPD063,field,OPTION_EVENT_DETAIL_IV_CHANGE,field_name,iv_change,trading-data/src/data_feed/11_feed_thetadata_option_event_timeline/pipeline.py,option_activity_event_detail;option_abnormality_coverage;directional_activity_evidence,sync_artifact,Point-in-time implied-volatility change used for option abnormality coverage.,2026-05-15 06:17:08.441098-04,2026-05-17 02:10:11.268482-04
fld_OPD062,field,OPTION_EVENT_DETAIL_OPENING_OR_CLOSING_CONTEXT,field_name,opening_or_closing_context,trading-data/src/data_feed/11_feed_thetadata_option_event_timeline/pipeline.py,option_activity_event_detail;option_abnormality_coverage;directional_activity_evidence,sync_artifact,Opening/closing inference derived from OI change when present; volume-only first-seen evidence remains partial.,2026-05-15 06:17:08.441098-04,2026-05-17 02:10:11.268482-04
fld_OPD061,field,OPTION_EVENT_DETAIL_OPEN_INTEREST_CONTEXT,field_name,open_interest_context,trading-data/src/data_feed/11_feed_thetadata_option_event_timeline/pipeline.py,option_activity_event_detail;option_abnormality_coverage;directional_activity_evidence,sync_artifact,Point-in-time open-interest context including before/after/change and source reference when available.,2026-05-15 06:17:08.441098-04,2026-05-17 02:10:11.268482-04
fld_OPD064,field,OPTION_EVENT_DETAIL_SKEW_DIRECTION,field_name,skew_direction,trading-data/src/data_feed/11_feed_thetadata_option_event_timeline/pipeline.py,option_activity_event_detail;option_abnormality_coverage;directional_activity_evidence,sync_artifact,Point-in-time skew direction evidence for option abnormality studies.,2026-05-15 06:17:08.441098-04,2026-05-17 02:10:11.268482-04
fld_OPD060,field,OPTION_EVENT_DETAIL_SWEEP_OR_BLOCK_CONTEXT,field_name,sweep_or_block_context,trading-data/src/data_feed/11_feed_thetadata_option_event_timeline/pipeline.py,option_activity_event_detail;option_abnormality_coverage;directional_activity_evidence,sync_artifact,Sweep/block evidence and thresholds; missing if provider flags or reviewed block standards are absent.,2026-05-15 06:17:08.441098-04,2026-05-17 02:10:11.268482-04
fld_OPD065,field,OPTION_EVENT_DETAIL_TERM_STRUCTURE_DIRECTION,field_name,term_structure_direction,trading-data/src/data_feed/11_feed_thetadata_option_event_timeline/pipeline.py,option_activity_event_detail;option_abnormality_coverage;directional_activity_evidence,sync_artifact,Point-in-time term-structure direction evidence for option abnormality studies.,2026-05-15 06:17:08.441098-04,2026-05-17 02:10:11.268482-04
fld_OPD058,field,OPTION_EVENT_DETAIL_TRADE_NOTIONAL,field_name,trade_notional,trading-data/src/data_feed/11_feed_thetadata_option_event_timeline/pipeline.py,option_activity_event_detail;option_abnormality_coverage;directional_activity_evidence,sync_artifact,Event-local trade notional used by sweep/block and abnormal option activity evaluation.,2026-05-15 06:17:08.441098-04,2026-05-17 02:10:11.268482-04
fld_OPD059,field,OPTION_EVENT_DETAIL_TRADE_SIDE_EVIDENCE,field_name,trade_side_evidence,trading-data/src/data_feed/11_feed_thetadata_option_event_timeline/pipeline.py,option_activity_event_detail;option_abnormality_coverage;directional_activity_evidence,sync_artifact,Structured side/aggressor evidence including quote-touch classification and missing-status metadata.,2026-05-15 06:17:08.441098-04,2026-05-17 02:10:11.268482-04
fld_OPD066,field,OPTION_EVENT_DETAIL_UNDERLYING_CONFIRMATION_OR_DIVERGENCE,field_name,underlying_confirmation_or_divergence,trading-data/src/data_feed/11_feed_thetadata_option_event_timeline/pipeline.py,option_activity_event_detail;option_abnormality_coverage;directional_activity_evidence,sync_artifact,Point-in-time underlying confirmation/divergence context for option activity direction hypotheses.,2026-05-15 06:17:08.441098-04,2026-05-17 02:10:11.268482-04
fld_OPD070,field,OPTION_EVENT_STANDARD_MAX_PRICE_VS_BID,field_name,max_price_vs_bid,trading-data/src/data_feed/11_feed_thetadata_option_event_timeline/pipeline.py,option_activity_event_standard;option_abnormality_coverage;directional_activity_evidence,sync_artifact,Current-standard threshold for maximum bid-minus-trade-price distance when classifying bid-side option trades.,2026-05-15 06:19:53.527164-04,2026-05-17 02:10:11.268482-04
fld_OPD071,field,OPTION_EVENT_STANDARD_MIN_BID_TOUCH_RATIO,field_name,min_bid_touch_ratio,trading-data/src/data_feed/11_feed_thetadata_option_event_timeline/pipeline.py,option_activity_event_standard;option_abnormality_coverage;directional_activity_evidence,sync_artifact,Current-standard threshold for bid-touch ratio when classifying bid-side option trades.,2026-05-15 06:19:53.527164-04,2026-05-17 02:10:11.268482-04
fld_OPD069,field,OPTION_EVENT_TRIGGER_TRADE_AT_BID,field_name,trade_at_bid,trading-data/src/data_feed/11_feed_thetadata_option_event_timeline/pipeline.py,option_activity_event_detail;option_abnormality_coverage;directional_activity_evidence,sync_artifact,Bid-side trade trigger for option activity events; complements trade_at_ask so bid-side flow can be sampled explicitly.,2026-05-15 06:19:53.527164-04,2026-05-17 02:10:11.268482-04
fld_OPT004,field,OPTION_STRIKE,field_name,strike,,source_05_option_expression;source_06_position_execution,sync_artifact,option contract strike price,2026-04-26 21:55:13.803407-04,2026-05-17 02:10:11.268482-04
fld_OPT001,field,OPTION_UNDERLYING,field_name,underlying,,source_05_option_expression;source_06_position_execution,sync_artifact,underlying equity symbol for ThetaData option outputs and option task parameters,2026-04-26 21:55:13.803407-04,2026-05-17 02:10:11.268482-04
fld_OPT033,field,QUOTE_ASK,field_name,ask,,source_05_option_expression,sync_artifact,ask price in quote contexts,2026-04-26 21:55:13.803407-04,2026-05-17 02:10:11.268482-04
fld_B05ACND,field,QUOTE_ASK_CONDITION,field_name,ask_condition,,source_05_option_expression,sync_artifact,ThetaData ask-side quote condition code for a contract-level option expression snapshot row,2026-04-29 03:20:51.514903-04,2026-05-17 02:10:11.268482-04
fld_B05AEXC,field,QUOTE_ASK_EXCHANGE,field_name,ask_exchange,,source_05_option_expression,sync_artifact,ThetaData ask-side exchange code for a contract-level option expression snapshot row,2026-04-29 03:20:51.514903-04,2026-05-17 02:10:11.268482-04
fld_OPT038,field,QUOTE_ASK_SIZE,field_name,ask_size,,source_05_option_expression,sync_artifact,ask size in quote contexts,2026-04-26 21:55:13.803407-04,2026-05-17 02:10:11.268482-04
fld_MKT012,field,QUOTE_AVG_ASK,field_name,avg_ask,,source_03_target_state,sync_artifact,average ask price in a liquidity interval,2026-04-26 22:05:26.458649-04,2026-05-17 02:10:11.268482-04
fld_MI3LIQ03,field,QUOTE_AVG_ASK_SIZE,field_name,avg_ask_size,,source_03_target_state,sync_artifact,Average ask size observed across quotes in the bar interval,2026-04-28 18:29:23.371007-04,2026-05-17 02:10:11.268482-04
fld_MKT011,field,QUOTE_AVG_BID,field_name,avg_bid,,source_03_target_state,sync_artifact,average bid price in a liquidity interval,2026-04-26 22:05:26.458649-04,2026-05-17 02:10:11.268482-04
fld_MI3LIQ02,field,QUOTE_AVG_BID_SIZE,field_name,avg_bid_size,,source_03_target_state,sync_artifact,Average bid size observed across quotes in the bar interval,2026-04-28 18:29:23.371007-04,2026-05-17 02:10:11.268482-04
fld_MKT014,field,QUOTE_AVG_SPREAD,field_name,avg_spread,,source_03_target_state,sync_artifact,average bid-ask spread in a liquidity interval,2026-04-26 22:05:26.458649-04,2026-05-17 02:10:11.268482-04
fld_OPT032,field,QUOTE_BID,field_name,bid,,source_05_option_expression,sync_artifact,bid price in quote contexts,2026-04-26 21:55:13.803407-04,2026-05-17 02:10:11.268482-04
fld_B05BCND,field,QUOTE_BID_CONDITION,field_name,bid_condition,,source_05_option_expression,sync_artifact,ThetaData bid-side quote condition code for a contract-level option expression snapshot row,2026-04-29 03:20:51.514903-04,2026-05-17 02:10:11.268482-04
fld_B05BEXC,field,QUOTE_BID_EXCHANGE,field_name,bid_exchange,,source_05_option_expression,sync_artifact,ThetaData bid-side exchange code for a contract-level option expression snapshot row,2026-04-29 03:20:51.514903-04,2026-05-17 02:10:11.268482-04
fld_OPT037,field,QUOTE_BID_SIZE,field_name,bid_size,,source_05_option_expression,sync_artifact,bid size in quote contexts,2026-04-26 21:55:13.803407-04,2026-05-17 02:10:11.268482-04
fld_MKT004,field,QUOTE_COUNT,field_name,quote_count,,source_03_target_state,sync_artifact,number of quotes contributing to an interval; may be blank when quote history is unavailable,2026-04-26 22:05:26.458649-04,2026-05-17 02:10:11.268482-04
fld_MKT016,field,QUOTE_LAST_ASK,field_name,last_ask,,source_03_target_state,sync_artifact,last ask price observed in a liquidity interval,2026-04-26 22:05:26.458649-04,2026-05-17 02:10:11.268482-04
fld_MKT015,field,QUOTE_LAST_BID,field_name,last_bid,,source_03_target_state,sync_artifact,last bid price observed in a liquidity interval,2026-04-26 22:05:26.458649-04,2026-05-17 02:10:11.268482-04
fld_OPT034,field,QUOTE_MID,field_name,mid,,source_05_option_expression,sync_artifact,quote midpoint price in quote contexts,2026-04-26 21:55:13.803407-04,2026-05-17 02:10:11.268482-04
fld_OPT035,field,QUOTE_SPREAD,field_name,spread,,source_05_option_expression,sync_artifact,ask minus bid spread in quote contexts,2026-04-26 21:55:13.803407-04,2026-05-17 02:10:11.268482-04
fld_MI3LIQ04,field,QUOTE_SPREAD_BPS,field_name,spread_bps,,source_03_target_state,sync_artifact,Average bid/ask spread expressed in basis points for a liquidity interval,2026-04-28 18:29:23.371007-04,2026-05-17 02:10:11.268482-04
fld_OPT036,field,QUOTE_SPREAD_PCT,field_name,spread_pct,,source_05_option_expression,sync_artifact,quote spread divided by midpoint in quote contexts,2026-04-26 21:55:13.803407-04,2026-05-17 02:10:11.268482-04
fld_K8P3M6QA,field,REGISTRY_ITEM_APPLIES_TO,field_name,applies_to,,trading_registry,sync_artifact,canonical column name for trading_registry.applies_to,2026-04-25 21:10:25.004346-04,2026-05-17 02:10:11.268482-04
fld_R7P1C6LW,field,REGISTRY_ITEM_KEY,field_name,key,,trading_registry,sync_artifact,canonical column name for trading_registry.key,2026-04-25 21:10:25.004346-04,2026-05-17 02:10:11.268482-04
fld_B6J4N8XP,field,REGISTRY_ITEM_PAYLOAD,field_name,payload,,trading_registry,sync_artifact,canonical column name for trading_registry.payload,2026-04-25 21:10:25.004346-04,2026-05-17 02:10:11.268482-04
fld_T9V2H5QS,field,REGISTRY_ITEM_PAYLOAD_FORMAT,field_name,payload_format,,trading_registry,sync_artifact,canonical column name for trading_registry.payload_format,2026-04-25 21:10:25.004346-04,2026-05-17 02:10:11.268482-04
fld_TSV014,field,RUN_ID,field_name,run_id,,feature_03_target_state_vector;source_03_target_state,registry_only,Identifier for one invocation of a deterministic target-state feature generation run; source_run_ref remains the cross-surface evidence reference.,2026-05-05 01:08:38.504792-04,2026-05-17 02:10:11.268482-04
fld_SCHEDPAR005,field,SCHEDULER_PARALLELISM_LOAD_TARGET_PER_CPU,field_name,load_target_per_cpu,trading-storage/docs/96_dashboard_read_models.md;trading-dashboard/docs/09_dashboard_read_models.md,current_system_status_summary;parallelism;resource_gate,sync_artifact,Per-CPU load target used to bound dynamic historical provider worker selection.,2026-05-13 23:17:23.148425-04,2026-05-17 02:10:11.268482-04
fld_SCHEDPAR002,field,SCHEDULER_PARALLELISM_MAX_WORKER_COUNT,field_name,max_worker_count,trading-storage/docs/96_dashboard_read_models.md;trading-dashboard/docs/09_dashboard_read_models.md,current_system_status_summary;parallelism;provider_workers,sync_artifact,Configured maximum provider worker threads for one bounded historical acquisition dispatch slice.,2026-05-13 23:17:23.148425-04,2026-05-17 02:10:11.268482-04
fld_SCHEDPAR003,field,SCHEDULER_PARALLELISM_NEXT_REQUEST_LIMIT,field_name,next_request_limit,trading-storage/docs/96_dashboard_read_models.md;trading-dashboard/docs/09_dashboard_read_models.md,current_system_status_summary;parallelism;provider_batch,sync_artifact,Configured maximum provider requests admitted into one scheduler dispatch tick.,2026-05-13 23:17:23.148425-04,2026-05-17 02:10:11.268482-04
fld_SCHEDPAR007,field,SCHEDULER_PARALLELISM_RESERVED_MEMORY_MB,field_name,reserved_memory_mb,trading-storage/docs/96_dashboard_read_models.md;trading-dashboard/docs/09_dashboard_read_models.md,current_system_status_summary;parallelism;resource_gate,sync_artifact,Memory reserve kept outside the provider worker dynamic-selection budget.,2026-05-13 23:17:23.148425-04,2026-05-17 02:10:11.268482-04
fld_SCHEDPAR004,field,SCHEDULER_PARALLELISM_SCHEDULER_INTERVAL_SECONDS,field_name,scheduler_interval_seconds,trading-storage/docs/96_dashboard_read_models.md;trading-dashboard/docs/09_dashboard_read_models.md,current_system_status_summary;parallelism;service_tick,sync_artifact,Historical scheduler daemon tick interval visible on the Current Status multitask card.,2026-05-13 23:17:23.148425-04,2026-05-17 02:10:11.268482-04
fld_SCHEDPAR001,field,SCHEDULER_PARALLELISM_SELECTED_WORKER_COUNT,field_name,selected_worker_count,trading-storage/docs/96_dashboard_read_models.md;trading-dashboard/docs/09_dashboard_read_models.md,current_system_status_summary;parallelism;provider_workers,sync_artifact,"Current provider worker thread count selected from request count, load, and memory headroom.",2026-05-13 23:17:23.148425-04,2026-05-17 02:10:11.268482-04
fld_SCHEDPAR006,field,SCHEDULER_PARALLELISM_WORKER_MEMORY_MB,field_name,worker_memory_mb,trading-storage/docs/96_dashboard_read_models.md;trading-dashboard/docs/09_dashboard_read_models.md,current_system_status_summary;parallelism;resource_gate,sync_artifact,Estimated memory budget per provider worker used by the dashboard status calculation.,2026-05-13 23:17:23.148425-04,2026-05-17 02:10:11.268482-04
fld_RUNTHR001,field,SCHEDULER_RUNTIME_THROUGHPUT_COMPLETION_RATE_PER_MINUTE,field_name,completion_rate_per_minute,trading-storage/src/trading_storage/dashboard_system_status.py;trading-dashboard/web/App.tsx,current_system_status_summary;runtime_throughput;completion_rate,sync_artifact,Observed executed scheduler decisions per minute over the latest runtime decision-log window.,2026-05-14 12:34:01.048959-04,2026-05-17 02:10:11.268482-04
fld_RUNTHR003,field,SCHEDULER_RUNTIME_THROUGHPUT_IDLE_OR_BLOCKED_DECISION_COUNT,field_name,idle_or_blocked_decision_count,trading-storage/src/trading_storage/dashboard_system_status.py;trading-dashboard/web/App.tsx,current_system_status_summary;runtime_throughput;idle_blocked_decisions,sync_artifact,"Observed scheduler decisions in the throughput window that were not executed or ready, used to show idle/backoff/blocking posture.",2026-05-14 12:34:01.048959-04,2026-05-17 02:10:11.268482-04
fld_RUNTHR002,field,SCHEDULER_RUNTIME_THROUGHPUT_MAX_COMPLETIONS_PER_SECOND,field_name,max_completions_per_second,trading-storage/src/trading_storage/dashboard_system_status.py;trading-dashboard/web/App.tsx,current_system_status_summary;runtime_throughput;burst_rate,sync_artifact,Peak executed scheduler decisions observed in any one-second bucket inside the latest runtime decision-log window.,2026-05-14 12:34:01.048959-04,2026-05-17 02:10:11.268482-04
fld_TSV004,field,SECTOR_CONTEXT_STATE_REF,field_name,sector_context_state_ref,,model_03_target_state_vector;feature_03_target_state_vector;target_state_vector_model;model_02_sector_context,registry_only,Reference from a Layer 3 target-state row to the Layer 2 sector context state used as point-in-time input.,2026-05-05 00:11:23.309929-04,2026-05-17 02:10:11.268482-04
fld_DU003,field,SELECTED_TARGET_SYMBOL,field_name,selected_target_symbol,trading-manager/src/trading_manager_tasks/model_training_workflow.py;trading-manager/docs/99_historical_scheduler_runtime.md;trading-manager/docs/100_dataset_expansion.md,manager_model_training_workflow_plan;manager_dataset_expansion_plan;historical_scheduler;layer_03_plus,sync_artifact,Task-scope target symbol selected for Layer 3+ target-symbol six-month dataset units.,2026-05-14 04:33:13.334024-04,2026-05-17 02:10:11.268482-04
fld_TSV006,field,SOURCE_RUN_REF,field_name,source_run_ref,,feature_03_target_state_vector;source_03_target_state,registry_only,Reference from a deterministic feature row to the source/input run or request evidence used to build it.,2026-05-05 00:11:23.309929-04,2026-05-17 02:10:11.268482-04
fld_PSQTACLK,field,SOURCE_SECRET_ALLOWED_IP_ADDRESS,field_name,allowed_ip_address,,source_secret_file_schema,sync_artifact,canonical JSON key for source-level allowlisted IPv4 address metadata in /root/secrets/<source>.json files,2026-04-26 00:30:55.742542-04,2026-05-17 02:10:11.268482-04
fld_FKGJNUCL,field,SOURCE_SECRET_API_KEY,field_name,api_key,,source_secret_file_schema,sync_artifact,canonical JSON key for source-level API keys in /root/secrets/<source>.json files,2026-04-26 00:23:32.872061-04,2026-05-17 02:10:11.268482-04
fld_U5J2VL7P,field,SOURCE_SECRET_API_KEY_REMARK_NAME,field_name,api_key_remark_name,,source_secret_file_schema,sync_artifact,canonical JSON key for source-level API key remark/name metadata in /root/secrets/<source>.json files,2026-04-26 00:30:55.742542-04,2026-05-17 02:10:11.268482-04
fld_QUP7M43B,field,SOURCE_SECRET_ENDPOINT,field_name,endpoint,,source_secret_file_schema,sync_artifact,canonical JSON key for source-level API endpoints in /root/secrets/<source>.json files,2026-04-26 00:41:00.236263-04,2026-05-17 02:10:11.268482-04
fld_5HL6TP3V,field,SOURCE_SECRET_PASSPHRASE,field_name,passphrase,,source_secret_file_schema,sync_artifact,canonical JSON key for source-level passphrases in /root/secrets/<source>.json files,2026-04-26 00:23:32.872061-04,2026-05-17 02:10:11.268482-04
fld_K7M3G5VB,field,SOURCE_SECRET_PAT,field_name,pat,,source_secret_file_schema,sync_artifact,canonical JSON key for source-level personal access tokens in /root/secrets/<source>.json files,2026-04-26 00:23:32.872061-04,2026-05-17 02:10:11.268482-04
fld_S7A3SCF3,field,SOURCE_SECRET_SECRET_KEY,field_name,secret_key,,source_secret_file_schema,sync_artifact,canonical JSON key for source-level secret keys in /root/secrets/<source>.json files,2026-04-26 00:23:32.872061-04,2026-05-17 02:10:11.268482-04
fld_TSV005,field,TARGET_CONTEXT_STATE_REF,field_name,target_context_state_ref,,model_03_target_state_vector;feature_03_target_state_vector;target_state_vector_model,registry_only,Stable reference or hash for the model-facing target_context_state payload.,2026-05-05 00:11:23.309929-04,2026-05-17 02:10:11.268482-04
fld_TSV002,field,TARGET_CONTEXT_STATE_VERSION,field_name,target_context_state_version,,model_03_target_state_vector;feature_03_target_state_vector;target_state_vector_model,registry_only,Reviewed TargetContextState V1 contract/config version carried by feature and model rows; use target_context_state_version rather than generic feature_vector_version for the Layer 3 target-context surface.,2026-05-05 00:11:23.309929-04,2026-05-17 02:10:11.268482-04
fld_DU004,field,TARGET_SYMBOL,field_name,target_symbol,trading-manager/src/trading_manager_tasks/model_training_workflow.py;trading-manager/src/trading_manager_tasks/dataset_expansion.py;trading-manager/src/trading_manager_tasks/dashboard_read_models.py,manager_model_training_workflow_plan;manager_model_training_workflow_state;manager_dataset_expansion_plan;dashboard_task_timeline;layer_03_plus;target_layer2_context_mapping;target_layer2_context_mapping_v1;layer_03_plus_target_study,sync_artifact,Target symbol being studied. Used by manager model-training workflow state/plan surfaces and target-to-Layer-2 context mapping rows.,2026-05-14 04:33:13.334024-04,2026-05-17 02:10:11.268482-04
fld_OPT014,field,TIMEFRAME,field_name,timeframe,,source_01_market_regime;source_06_position_execution;source_03_target_state,sync_artifact,"requested or output time grain such as 1Min, 30Min, or 1Day",2026-04-26 21:55:13.803407-04,2026-05-17 02:10:11.268482-04
fld_OPT057,field,UNDERLYING_PRICE,field_name,underlying_price,,source_05_option_expression,sync_artifact,underlying price associated with an option or model context,2026-04-26 21:55:13.803407-04,2026-05-17 02:10:11.268482-04
fld_MRRS001,identity_field,COMBINATION_ID,field_name,combination_id,trading-storage/main/shared/layer_01_02_market_context_relative_strength_combinations.csv,market_regime_relative_strength_combinations;trading-data;market_regime_model,sync_artifact,Stable row identifier for a reviewed relative-strength ETF combination.,2026-04-29 17:28:39.068078-04,2026-05-17 02:10:11.268482-04
fld_MRRS004,identity_field,DENOMINATOR_SYMBOL,field_name,denominator_symbol,trading-storage/main/shared/layer_01_02_market_context_relative_strength_combinations.csv,market_regime_relative_strength_combinations;trading-data;market_regime_model,sync_artifact,ETF symbol used as the denominator of a relative-strength combination.,2026-04-29 17:28:39.068078-04,2026-05-17 02:10:11.268482-04
fld_ETFH005,identity_field,ETF_HOLDING_NAME,field_name,holding_name,,source_02_target_candidate_holdings,sync_artifact,Constituent security name Identity value identifies or names an entity/artifact rather than measuring or locating it.,2026-04-27 16:51:02.179007-04,2026-05-17 02:10:11.268482-04
fld_ETFH004,identity_field,ETF_HOLDING_SYMBOL,field_name,holding_symbol,,source_02_target_candidate_holdings,sync_artifact,Constituent security symbol from issuer-published holdings. Identity value identifies or names an entity/artifact rather than measuring or locating it.,2026-04-27 16:51:02.179007-04,2026-05-17 02:10:11.268482-04
fld_ETFH001,identity_field,ETF_SYMBOL,field_name,etf_symbol,,source_02_target_candidate_holdings,sync_artifact,ETF symbol whose issuer-published holdings are represented. Identity value identifies or names an entity/artifact rather than measuring or locating it.,2026-04-27 16:51:02.179007-04,2026-05-17 02:10:11.268482-04
fld_EVT039,identity_field,EVENT_CANONICAL_EVENT_ID,field_name,canonical_event_id,trading-data/src/data_source/source_09_event_risk_governor/README.md,source_09_event_risk_governor;event_risk_governor;event_context_vector,sync_artifact,Identity value for the canonical event after deduplication. Equals event_id for canonical rows and points to the official/source-of-truth event when derivative coverage is covered or duplicated.,2026-05-07 03:35:21.299816-04,2026-05-17 02:10:11.268482-04
fld_EVT046,identity_field,EVENT_COVERED_BY_EVENT_ID,field_name,covered_by_event_id,trading-data/src/data_source/source_09_event_risk_governor/README.md,source_09_event_risk_governor;event_risk_governor;event_context_vector,sync_artifact,Identity value naming the canonical event that covers this derivative or duplicate evidence row. Usually equals canonical_event_id for covered_by_canonical_event and duplicate_of_canonical_event rows.,2026-05-07 03:35:21.299816-04,2026-05-17 02:10:11.268482-04
fld_EVT010,identity_field,EVENT_ID,text,event_id,,source_09_event_risk_governor,registry_only,"canonical stable event identifier shared across event rows, factors, analysis reports, and option event details Identity value identifies or names an entity/artifact rather than measuring or locating it.",2026-04-27 12:30:45.493818-04,2026-05-17 02:10:11.268482-04
fld_MEU005,identity_field,FUND_NAME,field_name,fund_name,trading-storage/main/shared/layer_01_02_market_context_etf_universe.csv,market_regime_etf_universe,sync_artifact,human-readable fund name Identity value identifies or names an entity/artifact rather than measuring or locating it.,2026-04-28 03:44:05.912602-04,2026-05-17 02:10:11.268482-04
fld_A7K3P2Q9,identity_field,ID,field_name,id,,trading_registry,sync_artifact,canonical id field for registry rows and source/event timeline rows where the concrete column is id Identity value identifies or names an entity/artifact rather than measuring or locating it.,2026-04-25 21:10:25.004346-04,2026-05-17 02:10:11.268482-04
fld_ETFH002,identity_field,ISSUER_NAME,field_name,issuer_name,,market_regime_etf_universe;source_02_target_candidate_holdings,sync_artifact,issuer/source/sponsor display name shared by ETF holdings and curated instrument universes. Identity value identifies or names an entity/artifact rather than measuring or locating it.,2026-04-27 16:51:02.179007-04,2026-05-17 02:10:11.268482-04
fld_MRRS003,identity_field,NUMERATOR_SYMBOL,field_name,numerator_symbol,trading-storage/main/shared/layer_01_02_market_context_relative_strength_combinations.csv,market_regime_relative_strength_combinations;trading-data;market_regime_model,sync_artifact,ETF symbol used as the numerator of a relative-strength combination.,2026-04-29 17:28:39.068078-04,2026-05-17 02:10:11.268482-04
fld_MI6OPT01,identity_field,OPTION_SYMBOL,field_name,option_symbol,,source_05_option_expression;source_06_position_execution,sync_artifact,Identity value: canonical normalized option contract symbol used after contract identity is known or reconstructable,2026-04-28 18:29:23.371007-04,2026-05-17 02:10:11.268482-04
fld_EKIND002,identity_field,SOURCE_NAME,field_name,source_name,,source_09_event_risk_governor,sync_artifact,provider/source display name for documentation or shared mixed-source payloads. Identity value identifies or names an entity/artifact rather than measuring or locating it.,2026-04-26 15:32:11.226454-04,2026-05-17 02:10:11.268482-04
fld_MKT001,identity_field,SYMBOL,field_name,symbol,,market_regime_etf_universe;source_01_market_regime;source_06_position_execution;source_09_event_risk_governor;source_03_target_state,sync_artifact,canonical symbol field for tradable instruments and symbol-bearing event/calendar rows Identity value identifies or names an entity/artifact rather than measuring or locating it.,2026-04-26 22:05:26.458649-04,2026-05-17 02:10:11.268482-04
trm_TCI001,identity_field,TARGET_CANDIDATE_ID,field_name,target_candidate_id,trading-model/docs/90_system_model_architecture_rfc.md,trading-model;trading-data;model_03_target_state_vector;feature_03_target_state_vector;target_state_vector_model;anonymous_target_candidate_builder;source_03_target_state,registry_only,Opaque anonymous row key for a TargetStateVectorModel candidate; source_03_target_state uses target_candidate_id as its natural key while real symbols remain audit/routing metadata outside model-facing vectors.,2026-05-02 03:17:58.449633-04,2026-05-17 02:10:11.268482-04
fld_TL2CTX003,identity_field,TARGET_LAYER2_CONTEXT_SPOT_REF,field_name,spot_ref,trading-storage/main/shared/layer_02_target_context_mapping.csv,target_layer2_context_mapping;target_layer2_context_mapping_v1;crypto_target_proxy,sync_artifact,Canonical spot or underlying reference for the target before listed proxy mapping.,2026-05-14 05:41:34.037666-04,2026-05-17 02:10:11.268482-04
fld_TL2CTX004,identity_field,TARGET_LAYER2_CONTEXT_SYMBOL,field_name,layer2_context_symbol,trading-storage/main/shared/layer_02_target_context_mapping.csv,target_layer2_context_mapping;target_layer2_context_mapping_v1;layer_02_sector_context,sync_artifact,Layer 2 context symbol used to represent the target business/sector/theme context.,2026-05-14 05:41:34.037666-04,2026-05-17 02:10:11.268482-04
fld_TL2CTX006,identity_field,TARGET_LISTED_PROXY_SYMBOL,field_name,listed_proxy_symbol,trading-storage/main/shared/layer_02_target_context_mapping.csv,target_layer2_context_mapping;target_layer2_context_mapping_v1;crypto_target_proxy,sync_artifact,Target-specific listed-market proxy symbol. Presence here does not make the proxy a Layer 1/2 context ETF.,2026-05-14 05:41:34.037666-04,2026-05-17 02:10:11.268482-04
fld_TL2CTX007,identity_field,TARGET_OPTIONABLE_PROXY_SYMBOL,field_name,optionable_proxy_symbol,trading-storage/main/shared/layer_02_target_context_mapping.csv,target_layer2_context_mapping;target_layer2_context_mapping_v1;crypto_target_proxy,sync_artifact,Target-specific optionable proxy candidate symbol used only when optionability status permits the provider task.,2026-05-14 05:41:34.037666-04,2026-05-17 02:10:11.268482-04
fld_EVT019,identity_field,TITLE,text,title,,source_09_event_risk_governor,registry_only,canonical short title/headline field for event and article-like rows Identity value identifies or names an entity/artifact rather than measuring or locating it.,2026-04-27 12:30:45.493818-04,2026-05-17 02:10:11.268482-04
mft_SLC002,manifest_type,ARCHIVE_RECEIPT,text,archive_receipt,trading-storage/docs/95_lifecycle_receipts.md,trading-storage;storage_lifecycle;archive;sql_archive;artifact_ref,sync_artifact,Receipt emitted after file or SQL archive creation and validation.,2026-05-10 06:20:40.262444-04,2026-05-17 02:10:11.268482-04
mft_MTS001,manifest_type,COMPONENT_COMPLETION_RECEIPT,text,component_completion_receipt,trading-manager/docs/95_task_system.md,component_completion_receipt;task_system;all_components,registry_only,Generic manifest/schema reference for component completion receipt payloads normalized into manager control-plane rows.,2026-05-08 21:37:44.581347-04,2026-05-17 02:10:11.268482-04
mft_MTS002,manifest_type,COMPONENT_COMPLETION_RECEIPT_PAYLOAD,text,component_completion_receipt_payload,trading-storage/src/trading_storage/artifact_store.py,component_completion_receipt;trading-storage;artifact_ref;task_system,sync_artifact,"Storage-owned JSON wrapper for bulky component completion receipt payloads. Manager SQL stores concise artifact refs and normalized rows, not receipt bodies.",2026-05-08 21:40:27.74311-04,2026-05-17 02:10:11.268482-04
mft_SLC005,manifest_type,COMPRESSION_MANIFEST,text,compression_manifest,trading-storage/docs/95_lifecycle_receipts.md,trading-storage;storage_lifecycle;compression;restore_manifest,sync_artifact,"Manifest describing compressed file/object artifacts, checksums, codec, read mode, lineage refs, and restore command.",2026-05-10 06:20:40.262444-04,2026-05-17 02:10:11.268482-04
mft_SLC001,manifest_type,COMPRESSION_RECEIPT,text,compression_receipt,trading-storage/docs/95_lifecycle_receipts.md,trading-storage;storage_lifecycle;compression;artifact_ref,sync_artifact,Receipt emitted after compression validation succeeds or fails.,2026-05-10 06:20:40.262444-04,2026-05-17 02:10:11.268482-04
mft_SLC003,manifest_type,DELETION_RECEIPT,text,deletion_receipt,trading-storage/docs/95_lifecycle_receipts.md,trading-storage;storage_lifecycle;delete;quarantine;artifact_tombstone,sync_artifact,Receipt emitted only after quarantine and final protected-set recheck pass.,2026-05-10 06:20:40.262444-04,2026-05-17 02:10:11.268482-04
mft_SLC007,manifest_type,RESTORE_MANIFEST,text,restore_manifest,trading-storage/docs/95_lifecycle_receipts.md,trading-storage;storage_lifecycle;restore;archive;compression,sync_artifact,Manifest describing how to restore a compressed or archived storage artifact.,2026-05-10 06:20:40.262444-04,2026-05-17 02:10:11.268482-04
mft_SLC004,manifest_type,RESTORE_RECEIPT,text,restore_receipt,trading-storage/docs/95_lifecycle_receipts.md,trading-storage;storage_lifecycle;restore;restore_verifier,sync_artifact,Receipt emitted after restore verification or materialized restore.,2026-05-10 06:20:40.262444-04,2026-05-17 02:10:11.268482-04
mft_MSH001,manifest_type,RUN_MANIFEST,text,run_manifest,trading-storage/main/templates/contracts/manifest.md,run_evidence;trading-data;trading-model;trading-manager,registry_only,Manifest type for durable run evidence across trading repositories.,2026-05-08 04:30:17.843955-04,2026-05-17 02:10:11.268482-04
mft_SLC006,manifest_type,SQL_ARCHIVE_MANIFEST,text,sql_archive_manifest,trading-storage/docs/95_lifecycle_receipts.md,trading-storage;storage_lifecycle;sql_archive;restore_manifest,sync_artifact,"Manifest describing exported SQL table/partition archives, schema/data exports, checksums, row counts, and restore command.",2026-05-10 06:20:40.262444-04,2026-05-17 02:10:11.268482-04
fld_MI7EVT05,path_field,EVENT_REFERENCE,field_name,reference,,source_09_event_risk_governor,sync_artifact,"Path value: primary locator for event details; may be a web URL, SEC file path, or internal artifact path",2026-04-28 18:29:23.371007-04,2026-05-17 02:10:11.268482-04
fld_M7Q2P8TZ,path_field,REGISTRY_ITEM_PATH,field_name,registry_item_path,,trading_registry,sync_artifact,"canonical path/locator field for trading_registry.path. Path value locates or references an artifact, file, URL, source reference, output reference, or repository path.",2026-04-25 21:10:25.004346-04,2026-05-17 02:10:11.268482-04
plf_KTDMGHCN,payload_format,PAYLOAD_FORMAT_BOOLEAN,text,boolean,,trading_registry.payload_format,sync_artifact,registered payload_format value for boolean payload values encoded as true or false,2026-04-25 23:25:13.450998-04,2026-05-17 02:10:11.268482-04
plf_T4YVVZPG,payload_format,PAYLOAD_FORMAT_COMMAND,text,command,,trading_registry.payload_format,sync_artifact,registered payload_format value for command or command fragment payloads,2026-04-25 23:25:13.450998-04,2026-05-17 02:10:11.268482-04
plf_TY63EANP,payload_format,PAYLOAD_FORMAT_DECIMAL,text,decimal,,trading_registry.payload_format,sync_artifact,registered payload_format value for decimal numeric payload values encoded as text,2026-04-25 23:25:13.450998-04,2026-05-17 02:10:11.268482-04
plf_3FMXRPA6,payload_format,PAYLOAD_FORMAT_FIELD_NAME,text,field_name,,trading_registry.payload_format,sync_artifact,registered payload_format value for canonical field names,2026-04-25 23:25:13.450998-04,2026-05-17 02:10:11.268482-04
plf_AW2KVDIF,payload_format,PAYLOAD_FORMAT_FILE,text,file,,trading_registry.payload_format,sync_artifact,registered payload_format value for file references stored in payload,2026-04-25 23:25:13.450998-04,2026-05-17 02:10:11.268482-04
plf_DLKTPVQW,payload_format,PAYLOAD_FORMAT_INTEGER,text,integer,,trading_registry.payload_format,sync_artifact,registered payload_format value for base-10 integer payload values encoded as text,2026-04-25 23:25:13.450998-04,2026-05-17 02:10:11.268482-04
plf_WJUDWYRD,payload_format,PAYLOAD_FORMAT_IPV4_ADDRESS,text,ipv4_address,,trading_registry.payload_format,sync_artifact,registered payload_format value for IPv4 address strings,2026-04-26 00:10:06.859068-04,2026-05-17 02:10:11.268482-04
plf_TIZBJLD3,payload_format,PAYLOAD_FORMAT_ISO_DATE,text,iso_date,,trading_registry.payload_format,sync_artifact,registered payload_format value for ISO 8601 calendar dates,2026-04-25 23:25:13.450998-04,2026-05-17 02:10:11.268482-04
plf_GS5ZANQM,payload_format,PAYLOAD_FORMAT_ISO_DATETIME,text,iso_datetime,,trading_registry.payload_format,sync_artifact,registered payload_format value for ISO 8601 date-time values,2026-04-25 23:25:13.450998-04,2026-05-17 02:10:11.268482-04
plf_3GLJMFRO,payload_format,PAYLOAD_FORMAT_ISO_DURATION,text,iso_duration,,trading_registry.payload_format,sync_artifact,registered payload_format value for ISO 8601 duration values,2026-04-25 23:25:13.450998-04,2026-05-17 02:10:11.268482-04
plf_RKXXANMZ,payload_format,PAYLOAD_FORMAT_ISO_TIME,text,iso_time,,trading_registry.payload_format,sync_artifact,registered payload_format value for ISO 8601 time-of-day values,2026-04-25 23:25:13.450998-04,2026-05-17 02:10:11.268482-04
plf_CITUC2LR,payload_format,PAYLOAD_FORMAT_JSON,text,json,,trading_registry.payload_format,sync_artifact,registered payload_format value for JSON-encoded payload values,2026-04-25 23:25:13.450998-04,2026-05-17 02:10:11.268482-04
plf_SBKQNAFE,payload_format,PAYLOAD_FORMAT_PYTHON_SYMBOL,text,python_symbol,,trading_registry.payload_format,sync_artifact,registered payload_format value for Python import/member symbols,2026-04-25 23:25:13.450998-04,2026-05-17 02:10:11.268482-04
plf_S2WDROG7,payload_format,PAYLOAD_FORMAT_REPO_NAME,text,repo_name,,trading_registry.payload_format,sync_artifact,registered payload_format value for Git repository names,2026-04-25 23:25:13.450998-04,2026-05-17 02:10:11.268482-04
plf_6DRICAYQ,payload_format,PAYLOAD_FORMAT_SECRET_ALIAS,text,secret_alias,,trading_registry.payload_format,sync_artifact,registered payload_format value for local secret alias references,2026-04-25 23:25:13.450998-04,2026-05-17 02:10:11.268482-04
plf_6FYQDFNX,payload_format,PAYLOAD_FORMAT_STATUS_VALUE,text,status_value,,trading_registry.payload_format,sync_artifact,registered payload_format value for registered status or outcome values,2026-04-25 23:25:13.450998-04,2026-05-17 02:10:11.268482-04
plf_KZS4GHGK,payload_format,PAYLOAD_FORMAT_TEXT,text,text,,trading_registry.payload_format,sync_artifact,registered payload_format value for general text fallback when no narrower format applies,2026-04-25 23:25:13.450998-04,2026-05-17 02:10:11.268482-04
plf_IDTPAWNN,payload_format,PAYLOAD_FORMAT_TIMEZONE,text,timezone,,trading_registry.payload_format,sync_artifact,registered payload_format value for IANA timezone names,2026-04-25 23:25:13.450998-04,2026-05-17 02:10:11.268482-04
trm_EOC5GSA5,provider,ALPACA,text,alpaca,https://docs.alpaca.markets/,trading-data;01_feed_alpaca_bars;02_feed_alpaca_liquidity;03_feed_alpaca_news,registry_only,provider/feed-owner identity for Alpaca brokerage and market-data APIs; endpoint and record-family capabilities are registered separately as feed_capability rows,2026-04-26 00:41:00.236263-04,2026-05-17 02:10:11.268482-04
trm_GDELT001,provider,GDELT,text,gdelt,https://www.gdeltproject.org/,trading-data;05_feed_gdelt_news,review_on_merge,provider/feed-owner identity for The GDELT Project; GKG and other record-family capabilities belong in feed_capability rows,2026-04-27 13:20:47.427999-04,2026-05-17 02:10:11.268482-04
trm_C4BJ2YGX,provider,OKX,text,okx,https://www.okx.com/docs-v5/en/,trading-data;04_feed_okx_crypto_market_data,registry_only,provider/feed-owner identity for OKX cryptocurrency exchange/API; market-data endpoint capabilities belong in feed_capability rows,2026-04-26 00:10:06.859068-04,2026-05-17 02:10:11.268482-04
trm_OIF1JM3D,provider,SEC_EDGAR,text,sec_edgar,https://www.sec.gov/search-filings/edgar-application-programming-interfaces,trading-data;08_feed_sec_company_financials,registry_only,"authoritative provider/source surface for SEC EDGAR APIs and filings; companyfacts, submissions, XBRL frames, and filing document capabilities are feed_capability rows",2026-04-26 10:52:39.392105-04,2026-05-17 02:10:11.268482-04
trm_NRG6N2KE,provider,THETADATA,text,thetadata,https://http-docs.thetadata.us/,trading-data;10_feed_thetadata_option_primary_tracking;09_feed_thetadata_option_selection_snapshot;11_feed_thetadata_option_event_timeline,registry_only,provider/feed-owner identity for ThetaData options market data; option endpoint and record-family capabilities are feed_capability rows,2026-04-26 00:48:26.86322-04,2026-05-17 02:10:11.268482-04
trm_TECALWEB,provider,TRADING_ECONOMICS,text,trading_economics,https://tradingeconomics.com/united-states/calendar,trading-data;07_feed_trading_economics_calendar_web,sync_artifact,provider/feed-owner identity for Trading Economics; the visible calendar page capability is registered separately as feed_capability,2026-04-27 16:51:02.179007-04,2026-05-17 02:10:11.268482-04
rst_MTS001,ready_signal_type,COMPONENT_TASK_READY_SIGNAL,text,component_task_ready,trading-manager/docs/95_task_system.md,ready_signal;task_system;all_components,registry_only,Generic ready signal emitted by manager after normalizing a component completion receipt.,2026-05-08 21:37:44.581347-04,2026-05-17 02:10:11.268482-04
rst_MSH002,ready_signal_type,DATA_FEATURE_READY_SIGNAL,text,data_feature_ready,trading-storage/main/templates/contracts/ready_signal.md,ready_signal;trading-data;data_feature,registry_only,Ready-signal type for consumable data_feature outputs.,2026-05-08 04:30:17.843955-04,2026-05-17 02:10:11.268482-04
rst_MSH001,ready_signal_type,DATA_SOURCE_READY_SIGNAL,text,data_source_ready,trading-storage/main/templates/contracts/ready_signal.md,ready_signal;trading-data;data_source,registry_only,Ready-signal type for consumable data_source outputs.,2026-05-08 04:30:17.843955-04,2026-05-17 02:10:11.268482-04
rst_MSH003,ready_signal_type,MODEL_EVAL_READY_SIGNAL,text,model_eval_ready,trading-storage/main/templates/contracts/ready_signal.md,ready_signal;trading-model;model_evaluation,registry_only,Ready-signal type for consumable model evaluation outputs.,2026-05-08 04:30:17.843955-04,2026-05-17 02:10:11.268482-04
rst_MSH004,ready_signal_type,PROMOTION_REVIEW_READY_SIGNAL,text,promotion_review_ready,trading-storage/main/templates/contracts/ready_signal.md,ready_signal;trading-model;model_promotion;promotion_review,registry_only,Ready-signal type for reviewed promotion evidence packages or decision records.,2026-05-08 04:30:17.843955-04,2026-05-17 02:10:11.268482-04
rep_PONBF8ZN,repo,TRADING_DASHBOARD_REPO,repo_name,trading-dashboard,/root/projects/trading-dashboard,docs/01_context.md#component-repositories,registry_only,canonical repository entry for the trading dashboard/UI component; remote: https://github.com/gilmore307/trading-dashboard.git,2026-04-25 21:21:08.177594-04,2026-05-17 02:10:11.268482-04
rep_QFYSFJG9,repo,TRADING_DATA_REPO,repo_name,trading-data,/root/projects/trading-data,docs/01_context.md#component-repositories,registry_only,"Canonical repository entry for the unified trading data-production component. Owns provider feed adapters, model-scoped source tables, and deterministic point-in-time feature tables; remote: https://github.com/gilmore307/trading-data.git",2026-04-25 21:21:08.177594-04,2026-05-17 02:10:11.268482-04
rep_CNPLR48M,repo,TRADING_EXECUTION_REPO,repo_name,trading-execution,/root/projects/trading-execution,docs/01_context.md#component-repositories,registry_only,canonical repository entry for the trading execution runtime component; remote: https://github.com/gilmore307/trading-execution.git,2026-04-25 21:21:08.177594-04,2026-05-17 02:10:11.268482-04
rep_H6S3V8LA,repo,TRADING_MANAGER_REPO,repo_name,trading-manager,/root/projects/trading-manager,docs/01_context.md#component-repositories,registry_only,"Canonical repository entry for the trading-manager platform and control-plane repository. Owns system architecture, contracts, registry, templates, shared helpers, request/lifecycle orchestration policy, and promotion coordination; remote: https://github.com/gilmore307/trading-manager.git",2026-04-25 21:10:25.004346-04,2026-05-17 02:10:11.268482-04
rep_LDEBL6IJ,repo,TRADING_MODEL_REPO,repo_name,trading-model,/root/projects/trading-model,docs/01_context.md#component-repositories,registry_only,canonical repository entry for the trading offline model research component; remote: https://github.com/gilmore307/trading-model.git,2026-04-25 21:21:08.177594-04,2026-05-17 02:10:11.268482-04
rep_KE3K0EGP,repo,TRADING_STORAGE_REPO,repo_name,trading-storage,/root/projects/trading-storage,docs/01_context.md#component-repositories,registry_only,canonical repository entry for the trading shared persistence contract component; remote: https://github.com/gilmore307/trading-storage.git,2026-04-25 21:21:08.177594-04,2026-05-17 02:10:11.268482-04
req_MBF001,request_type,DATA_BACKFILL_MONTH,text,data_backfill_month,trading-manager/docs/94_monthly_backfill.md,manager_request;monthly_backfill;trading-data,registry_only,"One-month historical data backfill request. The request is a control-plane fact, not approval to call a live provider.",2026-05-08 21:20:10.009909-04,2026-05-17 02:10:11.268482-04
req_MSH002,request_type,DATA_FEATURE_RUN_REQUEST,text,data_feature_run,trading-storage/main/templates/contracts/request.md,manager_request;trading-data;data_feature,registry_only,Request type for manager-issued data_feature generation runs.,2026-05-08 04:30:17.843955-04,2026-05-17 02:10:11.268482-04
req_MSH001,request_type,DATA_SOURCE_RUN_REQUEST,text,data_source_run,trading-storage/main/templates/contracts/request.md,manager_request;trading-data;data_source,registry_only,Request type for manager-issued data_source runs.,2026-05-08 04:30:17.843955-04,2026-05-17 02:10:11.268482-04
req_MSH004,request_type,MODEL_EVALUATE_RUN_REQUEST,text,model_evaluate_run,trading-storage/main/templates/contracts/request.md,manager_request;trading-model;model_evaluate,registry_only,Request type for manager-issued model evaluation runs.,2026-05-08 04:30:17.843955-04,2026-05-17 02:10:11.268482-04
req_MSH003,request_type,MODEL_GENERATE_RUN_REQUEST,text,model_generate_run,trading-storage/main/templates/contracts/request.md,manager_request;trading-model;model_generate,registry_only,Request type for manager-issued model generation runs.,2026-05-08 04:30:17.843955-04,2026-05-17 02:10:11.268482-04
req_MPR001,request_type,MODEL_PROMOTION_REVIEW,text,model_promotion_review,trading-manager/docs/96_model_promotion.md,manager_request;model_promotion;promotion_review;layers_1_9;trading-manager;trading-model,sync_artifact,"Single manager-side request type for reviewing promotion candidates across every model layer. Layer-specific differences belong in evidence adapters, metrics, labels, baselines, and gate policies, not separate promotion mechanisms.",2026-05-08 22:33:46.946336-04,2026-05-17 02:10:11.268482-04
req_MSH005,request_type,MODEL_REVIEW_RUN_REQUEST,text,model_review_run,trading-storage/main/templates/contracts/request.md,manager_request;trading-model;model_review;promotion_review,registry_only,Request type for manager-issued or reviewer-agent model review runs.,2026-05-08 04:30:17.843955-04,2026-05-17 02:10:11.268482-04
req_SLC001,request_type,STORAGE_LIFECYCLE_REQUEST,text,storage_lifecycle_request,trading-storage/docs/91_storage_lifecycle_policy.md,manager_request;trading-storage;storage_lifecycle;compression;archive;delete;restore,sync_artifact,Request type for manager/operator requests to plan or execute reviewed storage lifecycle work. Manager requests; storage executes.,2026-05-10 06:20:40.262444-04,2026-05-17 02:10:11.268482-04
scr_MODELPROMO002,script,BUILD_AGENT_MODEL_PROMOTION_DECISION,command,PYTHONPATH=src python3 scripts/tasks/build_agent_model_promotion_decision.py --promotion-request-ref ${PROMOTION_REQUEST_REF} --decision-status ${DECISION_STATUS} --decision-reason ${DECISION_REASON},/root/projects/trading-manager/scripts/tasks/build_agent_model_promotion_decision.py,agent_model_promotion_decision;model_promotion_review;activation_record;agent_decision_evidence,sync_artifact,Builds the script-called agent decision artifact used before production model activation. It has no activation side effects and does not require owner approval by default.,2026-05-11 02:17:30.362154-04,2026-05-17 02:10:11.268482-04
scr_STORLIFE002,script,BUILD_AGENT_STORAGE_LIFECYCLE_DECISION,command,PYTHONPATH=src python3 scripts/tasks/build_agent_storage_lifecycle_decision.py --storage-lifecycle-request-ref ${STORAGE_LIFECYCLE_REQUEST_REF} --decision-status ${DECISION_STATUS} --decision-reason ${DECISION_REASON},/root/projects/trading-manager/scripts/tasks/build_agent_storage_lifecycle_decision.py,agent_storage_lifecycle_decision;storage_lifecycle_request;storage_lifecycle;agent_decision_evidence,sync_artifact,Builds storage lifecycle policy/agent decision evidence for lifecycle requests. It has no storage mutation side effects and is not a human approval prompt.,2026-05-11 02:25:55.423882-04,2026-05-17 02:10:11.268482-04
scr_DASHRM004,script,DASHBOARD_READ_MODEL_LATEST_READ,command,PYTHONPATH=src python3 scripts/read_models/read_latest_dashboard_read_model.py,/root/projects/trading-dashboard/scripts/read_models/read_latest_dashboard_read_model.py,dashboard_read_model;trading-dashboard;read_adapter;storage/latest_json;read_only_presentation,sync_artifact,"Read one accepted storage-hosted dashboard read-model latest.json file and print a UI-ready JSON view. This adapter is read-only and performs no provider calls, manager dispatch, model activation, broker execution, account mutation, or storage writes.",2026-05-12 05:03:56.82758-04,2026-05-17 02:10:11.268482-04
scr_DASHRM005,script,DASHBOARD_WEB_DEV_SERVER,command,npm run dev,/root/projects/trading-dashboard/package.json,trading-dashboard;vite;react;typescript;historical_task_progress_summary;read_only_ui,sync_artifact,"Start the first dashboard website slice. The page reads storage-hosted dashboard read-model latest.json summaries through the local dev API and performs no provider calls, manager dispatch, model activation, broker execution, account mutation, or storage writes.",2026-05-12 05:48:04.691426-04,2026-05-17 02:10:11.268482-04
scr_EOC001,script,EXECUTION_BROKER_ORDER_INTENT_BUILD,command,PYTHONPATH=src python3 scripts/execution/build_broker_order_intent.py --decision-record ${DECISION_RECORD_JSON} --approval ${APPROVAL_JSON} --construct-order,trading-execution/scripts/execution/build_broker_order_intent.py,trading-execution;execution_order_construction_approval;execution_broker_order_intent;trade_risk_cap;okx,sync_artifact,Constructs an approved OKX broker order intent without broker submission or account mutation.,2026-05-11 06:07:09.032057-04,2026-05-17 02:10:11.268482-04
scr_EXEC_CAP001,script,EXECUTION_CAPABILITY_CATALOG_LIST,command,PYTHONPATH=src python3 scripts/execution/list_execution_capabilities.py,trading-execution/scripts/execution/list_execution_capabilities.py,trading-execution;execution_capability_catalog;inspection;no_provider_calls;no_broker_calls,sync_artifact,"Prints the execution capability catalog without external calls, order construction, broker mutation, provider streams, model activation, or storage lifecycle mutation.",2026-05-11 03:40:27.03612-04,2026-05-17 02:10:11.268482-04
scr_EXEC_RT001,script,EXECUTION_REALTIME_CAPTURE_PLAN,command,PYTHONPATH=src python3 scripts/execution/plan_realtime_capture.py,trading-execution/scripts/execution/plan_realtime_capture.py,trading-execution;execution_realtime_subscription_plan_set;realtime_market_data;dry_run;fixture_replay;live_observe_blocked;no_provider_calls,sync_artifact,Builds realtime subscription/capture plans without external calls. live_observe rows remain planning-only and require explicit future approval before any adapter opens streams.,2026-05-11 04:49:57.410566-04,2026-05-17 02:10:11.268482-04
scr_EXEC_RT002,script,EXECUTION_REALTIME_CAPTURE_VALIDATE,command,PYTHONPATH=src python3 scripts/execution/validate_realtime_capture.py ${CAPTURE_JSON},trading-execution/scripts/execution/validate_realtime_capture.py,trading-execution;realtime_capture_validation;realtime_capture_contract;forward_holdout;shadow_monitoring,sync_artifact,"Validates one candidate realtime capture JSON object against realtime_capture_contract without provider calls, broker calls, model activation, or persistence.",2026-05-11 04:49:57.410566-04,2026-05-17 02:10:11.268482-04
scr_EXEC_RT_EFFECT001,script,EXECUTION_REALTIME_DECISION_EFFECTIVENESS_AGGREGATE,text,PYTHONPATH=src python3 scripts/execution/aggregate_realtime_decision_effectiveness.py,trading-execution/scripts/execution/aggregate_realtime_decision_effectiveness.py,trading-execution;realtime_monitoring;decision_effectiveness;shadow_live_quality;no_historical_dataset_rows;no_model_activation;no_broker_mutation;no_account_mutation,sync_artifact,"Aggregates matured realtime/shadow decision outcome records into realtime_model_decision_effectiveness without creating historical dataset rows, activating models, persisting state, or mutating broker/account state.",2026-05-11 11:24:36.821911-04,2026-05-17 02:10:11.268482-04
scr_EXEC_RT003,script,EXECUTION_REALTIME_FEATURE_SNAPSHOT_BUILD,command,PYTHONPATH=src python3 scripts/execution/build_realtime_feature_snapshot.py,trading-execution/scripts/execution/build_realtime_feature_snapshot.py,trading-execution;realtime_feature_snapshot;historical_feature_parity;fixture_replay;shadow_monitoring;no_provider_calls,sync_artifact,"Builds realtime_feature_snapshot from capture refs, timing refs, historical dataset snapshot refs, and frozen model config refs without external calls or model activation.",2026-05-11 05:06:32.475085-04,2026-05-17 02:10:11.268482-04
scr_RTLV001,script,EXECUTION_REALTIME_LIVE_OBSERVE_ADAPTER_PLAN_SCRIPT,command,PYTHONPATH=src python3 scripts/execution/plan_live_observe_adapters.py --mode fixture_replay --instrument-ref ${INSTRUMENT_REF},trading-execution/scripts/execution/plan_live_observe_adapters.py,trading-execution;execution_realtime_live_observe_adapter_plan;alpaca;thetadata;okx;calendar_discovery;execution_account_state;derived_model_context,sync_artifact,Builds concrete realtime live-observe fixture adapter plans for provider/account/event/model-context routes without executing streams or resolving secrets.,2026-05-11 05:46:23.602968-04,2026-05-17 02:10:11.268482-04
scr_RTLF001,script,EXECUTION_REALTIME_LIVE_OBSERVE_EXECUTE,command,PYTHONPATH=src python3 scripts/execution/execute_live_observe.py --request ${REQUEST_JSON} --approval ${APPROVAL_JSON} --execute-live-observe,trading-execution/scripts/execution/execute_live_observe.py,trading-execution;realtime_live_observe_approval;execution_realtime_live_observe_result;approved_read_only_provider_call,sync_artifact,Executes reviewed read-only realtime provider observation. Without --execute-live-observe it remains plan/validation only.,2026-05-11 06:02:14.685027-04,2026-05-17 02:10:11.268482-04
scr_EXEC_RT004,script,EXECUTION_REALTIME_MODEL_INPUT_BUILD,command,PYTHONPATH=src python3 scripts/execution/build_realtime_model_input.py,trading-execution/scripts/execution/build_realtime_model_input.py,trading-execution;execution_model_decision_input_snapshot;historical_model_decision_handoff;fixture_replay;shadow_monitoring;no_model_activation,sync_artifact,Builds execution_model_decision_input_snapshot from a realtime feature snapshot or request payload so fixture/shadow routing can hand data to the historical model decision stack.,2026-05-11 05:06:32.475085-04,2026-05-17 02:10:11.268482-04
scr_EXEC_RT005,script,EXECUTION_REALTIME_MODEL_INPUT_VALIDATE,command,PYTHONPATH=src python3 scripts/execution/validate_realtime_model_input.py ${SNAPSHOT_JSON},trading-execution/scripts/execution/validate_realtime_model_input.py,trading-execution;realtime_feature_snapshot;execution_model_decision_input_snapshot;validation;no_model_activation,sync_artifact,"Validates realtime feature snapshots and realtime-to-model decision input envelopes without provider calls, broker calls, model activation, persistence, or account mutation.",2026-05-11 05:06:32.475085-04,2026-05-17 02:10:11.268482-04
scr_EXEC_RT_MONITOR002,script,EXECUTION_REALTIME_MONITOR_LOOP,text,PYTHONPATH=src python3 scripts/execution/run_realtime_monitor_loop.py,trading-execution/scripts/execution/run_realtime_monitor_loop.py,trading-execution;realtime_monitoring;runtime_loop;alpaca;etf_universe;read_only_live_observe;no_model_activation;no_order_construction;no_account_mutation,sync_artifact,"Execution-owned bounded realtime monitor loop. Repeats read-only monitor smoke cycles, writes per-cycle receipts plus loop_receipt.json, and requires --execute-live-observe before provider calls.",2026-05-11 11:18:34.128932-04,2026-05-17 02:10:11.268482-04
scr_EXEC_RT_MONITOR001,script,EXECUTION_REALTIME_MONITOR_SMOKE,text,PYTHONPATH=src python3 scripts/execution/run_realtime_monitor_smoke.py,trading-execution/scripts/execution/run_realtime_monitor_smoke.py,trading-execution;realtime_monitoring;alpaca;etf_universe;read_only_live_observe;no_model_activation;no_order_construction;no_account_mutation,sync_artifact,Execution-owned bounded realtime monitor smoke for the reviewed Layer 1/2 ETF universe. Requires --execute-live-observe before provider calls and emits execution_realtime_monitor_smoke_receipt.,2026-05-11 10:22:55.878154-04,2026-05-17 02:10:11.268482-04
scr_RTLV002,script,EXECUTION_REALTIME_SHADOW_FIXTURE_BUILD,command,PYTHONPATH=src python3 scripts/execution/build_realtime_shadow_fixture.py --decision-time ${DECISION_TIME} --historical-dataset-snapshot-ref ${HISTORICAL_DATASET_SNAPSHOT_REF} --frozen-model-config-ref ${FROZEN_MODEL_CONFIG_REF},trading-execution/scripts/execution/build_realtime_shadow_fixture.py,trading-execution;execution_realtime_shadow_fixture_bundle;realtime_feature_snapshot;execution_model_decision_input_snapshot;fixture_replay,sync_artifact,"Builds execution-side realtime shadow fixture bundle from adapter plans through model-decision input snapshot without provider calls, model activation, broker calls, order construction, persistence, or account mutation.",2026-05-11 05:46:23.602968-04,2026-05-17 02:10:11.268482-04
scr_F1MRART001,script,FEATURE_01_MARKET_REGIME_FROM_FEED_ARTIFACTS,command,PYTHONPATH=/root/projects/trading-data/src python3 -m data_feature.feature_01_market_regime.from_feed_artifacts,/root/projects/trading-data/src/data_feature/feature_01_market_regime/from_feed_artifacts.py,trading-data;market_regime_model;feature_01_market_regime;source_01_market_regime;01_feed_alpaca_bars,sync_artifact,"Offline manager-runtime bridge for Layer 1: reads already-acquired 01_feed_alpaca_bars equity_bar.csv artifacts, upserts them into trading_data.source_01_market_regime, and generates feature_01_market_regime rows without provider calls.",2026-05-10 10:21:55.698568-04,2026-05-17 02:10:11.268482-04
scr_F1MRGEN,script,FEATURE_01_MARKET_REGIME_GENERATE,command,trading-data-feature-01-market-regime,/root/projects/trading-data/src/data_feature/feature_01_market_regime/__main__.py,trading-data;market_regime_model;feature_01_market_regime;source_01_market_regime,sync_artifact,Stable package CLI entrypoint for generating Layer 1 MarketRegimeModel deterministic feature rows from accepted source_01_market_regime evidence. The importable implementation lives under src/data_feature/feature_01_market_regime.,2026-05-03 10:38:39.931867-04,2026-05-17 02:10:11.268482-04
scr_F2SCART001,script,FEATURE_02_SECTOR_CONTEXT_FROM_FEED_ARTIFACTS,command,PYTHONPATH=/root/projects/trading-data/src python3 -m data_feature.feature_02_sector_context.from_feed_artifacts,/root/projects/trading-data/src/data_feature/feature_02_sector_context/from_feed_artifacts.py,trading-data;layer_02_sector_context;feature_02_sector_context;source_01_market_regime;01_feed_alpaca_bars,sync_artifact,"Offline manager-runtime bridge for Layer 2: reads already-acquired 01_feed_alpaca_bars equity_bar.csv artifacts, upserts them into trading_data.source_01_market_regime, and generates feature_02_sector_context rows without provider calls.",2026-05-10 11:29:39.990567-04,2026-05-17 02:10:11.268482-04
scr_F2SCGEN,script,FEATURE_02_SECTOR_CONTEXT_GENERATE,command,trading-data-feature-02-sector-context,/root/projects/trading-data/src/data_feature/feature_02_sector_context/__main__.py,trading-data;sector_context_model;feature_02_sector_context;source_01_market_regime,sync_artifact,Stable package CLI entrypoint for generating Layer 2 SectorContextModel deterministic feature rows. The importable implementation lives under src/data_feature/feature_02_sector_context.,2026-05-03 10:38:39.931867-04,2026-05-17 02:10:11.268482-04
scr_F3TSVGEN,script,FEATURE_03_TARGET_STATE_VECTOR_GENERATE,command,trading-data-feature-03-target-state-vector,/root/projects/trading-data/src/data_feature/feature_03_target_state_vector/__main__.py,trading-data;source_03_target_state;feature_03_target_state_vector;target_state_vector_model;model_03_target_state_vector,sync_artifact,Stable package CLI entrypoint for reading source_03_target_state plus optional Layer 1/2 context rows and writing feature_03_target_state_vector JSONB market/sector/target/cross-state blocks. The importable implementation lives under src/data_feature/feature_03_target_state_vector.,2026-05-05 22:20:47.22782-04,2026-05-17 02:10:11.268482-04
scr_F8OEGEN,script,FEATURE_08_OPTION_EXPRESSION_GENERATE,command,trading-data-feature-07-option-expression,/root/projects/trading-data/src/data_feature/feature_08_option_expression/__main__.py,trading-data;source_05_option_expression;feature_08_option_expression;option_expression_model;model_08_option_expression,sync_artifact,Stable package CLI entrypoint for reading source_05_option_expression rows and writing feature_08_option_expression JSONB option-candidate feature blocks. The importable implementation lives under src/data_feature/feature_08_option_expression.,2026-05-08 06:05:59.751355-04,2026-05-17 02:10:11.268482-04
scr_F4EOGEN,script,FEATURE_09_EVENT_RISK_GOVERNOR_GENERATE,command,trading-data-feature-08-event-risk-governor,/root/projects/trading-data/src/data_feature/feature_09_event_risk_governor/__main__.py,trading-data;source_09_event_risk_governor;feature_09_event_risk_governor;event_risk_governor;model_09_event_risk_governor,sync_artifact,Stable package CLI entrypoint for reading source_09_event_risk_governor rows and writing feature_09_event_risk_governor JSONB event overview feature blocks. The importable implementation lives under src/data_feature/feature_09_event_risk_governor.,2026-05-08 06:05:59.751355-04,2026-05-17 02:10:11.268482-04
scr_BQHELPER1,script,HELPER_BIGQUERY_REST_QUERY,text,trading_bigquery.bigquery_query,/root/projects/trading-manager/src/trading_bigquery/client.py,trading-manager;trading-data;05_feed_gdelt_news,sync_artifact,official shared Python helper for dependency-light BigQuery Standard SQL queries using registry-backed service-account JSON secrets; intended first consumer is GDELT BigQuery acquisition Helper key normalized 2026-04-29 to HELPER_<domain>_<action> ordering.,2026-04-27 13:24:09.625763-04,2026-05-17 02:10:11.268482-04
out_BRAVESEARCHHELPER,script,HELPER_BRAVE_SEARCH,file,trading_web_search.brave.BraveSearchClient.search,/root/projects/trading-manager/src/trading_web_search/brave.py,trading-manager;helper_web_search,sync_artifact,shared Python helper for code-level Brave Search API calls using BRAVE_SEARCH_SECRET_ALIAS via trading registry secret resolver Helper key normalized 2026-04-29 to HELPER_<domain>_<action> ordering.,2026-04-27 05:31:08.696833-04,2026-05-17 02:10:11.268482-04
scr_CV8R2M5J,script,HELPER_REGISTRY_EXPORT_CURRENT_CSV,command,scripts/registry/apply_registry_migrations.py --export-only,/root/projects/trading-manager/scripts/registry/apply_registry_migrations.py,scripts/registry/current.csv,sync_artifact,Exports the SQL-backed registry table to scripts/registry/current.csv for GitHub-visible review.,2026-04-25 21:10:25.004346-04,2026-05-17 02:10:11.268482-04
scr_GK1D8P4Q,script,HELPER_REGISTRY_GET_KEY_BY_ID,python_symbol,RegistryReader.get_key_by_id,/root/projects/trading-manager/src/trading_registry/reader.py,src/trading_registry,sync_artifact,official Python runtime helper that returns a registry item key or null by stable id Helper key normalized 2026-04-29 to HELPER_<domain>_<action> ordering.,2026-04-25 21:10:25.004346-04,2026-05-17 02:10:11.268482-04
scr_GH6V3T8N,script,HELPER_REGISTRY_GET_PATH_BY_ID,python_symbol,RegistryReader.get_path_by_id,/root/projects/trading-manager/src/trading_registry/reader.py,src/trading_registry,sync_artifact,official Python runtime helper that returns a registry item path or null by stable id Helper key normalized 2026-04-29 to HELPER_<domain>_<action> ordering.,2026-04-25 21:10:25.004346-04,2026-05-17 02:10:11.268482-04
scr_GP2L7M9A,script,HELPER_REGISTRY_GET_PAYLOAD_BY_ID,python_symbol,RegistryReader.get_payload_by_id,/root/projects/trading-manager/src/trading_registry/reader.py,src/trading_registry,sync_artifact,official Python runtime helper that returns a registry item payload or null by stable id Helper key normalized 2026-04-29 to HELPER_<domain>_<action> ordering.,2026-04-25 21:10:25.004346-04,2026-05-17 02:10:11.268482-04
scr_LS5Q2K7W,script,HELPER_REGISTRY_LOAD_SECRET_TEXT_BY_CONFIG_ID,python_symbol,SecretResolver.load_secret_text_by_config_id,/root/projects/trading-manager/src/trading_registry/secret_resolver.py,src/trading_registry;source_secret_file_schema,sync_artifact,official Python runtime helper that resolves a source-level JSON secret alias by stable config id and returns either the raw JSON text or one named JSON field value Helper key normalized 2026-04-29 to HELPER_<domain>_<action> ordering.,2026-04-25 21:10:25.004346-04,2026-05-17 02:10:11.268482-04
scr_L8FEAT001,script,LAYER_08_OPTION_EXPRESSION_FEATURE_GENERATION,command,PYTHONPATH=src python3 scripts/tasks/execute_layer_eight_option_feature_generation.py --start-month ${START_MONTH} --end-month ${END_MONTH},/root/projects/trading-manager/scripts/tasks/execute_layer_eight_option_feature_generation.py,layer_08_option_expression;feature_08_option_expression;source_05_option_expression;safe_offline_model_training,sync_artifact,"Manager-owned current layer_08_option_expression feature-stage adapter for Layer 8 option-expression. It writes a first-class no-provider/no-feature skip receipt when the reviewed gate has zero active target chains, or delegates to trading-data feature_08 option-expression generation after approved active-path acquisition.",2026-05-11 00:50:42.703115-04,2026-05-17 02:20:25.029554-04
scr_L8GATE001,script,LAYER_08_OPTION_EXPRESSION_GATE_REVIEW,command,PYTHONPATH=src python3 scripts/tasks/review_layer_eight_option_expression_gate.py --start-month ${START_MONTH} --end-month ${END_MONTH} --write,/root/projects/trading-manager/scripts/tasks/review_layer_eight_option_expression_gate.py,layer_08_option_expression;option_expression_model;source_05_option_expression;autonomous_historical_provider_acquisition;safe_offline_model_training,sync_artifact,Manager-owned review for current layer_08_option_expression acquisition at the Layer 8 option-expression boundary. Active target chains are prepared for autonomous option-snapshot acquisition; no manual provider gate is required.,2026-05-11 00:01:34.042188-04,2026-05-17 02:23:05.952793-04
scr_AGENTERR002,script,MANAGER_AGENT_ERROR_CATALOG_LIST,command,PYTHONPATH=src python3 scripts/tasks/list_agent_errors.py --limit 50,/root/projects/trading-manager/scripts/tasks/list_agent_errors.py,server_wide_agent_error_handoff;server_error_catalog_entry;owner_followup,sync_artifact,Lists recent server error catalog rows by human-facing error number and can filter by --error-ref ERR-000001.,2026-05-13 08:54:20.703493-04,2026-05-17 02:10:11.268482-04
scr_AGENTERR001,script,MANAGER_AGENT_ERROR_HANDOFF_CALL,command,PYTHONPATH=src python3 scripts/tasks/call_agent_for_error.py --source-component ${SOURCE_COMPONENT} --summary ${SUMMARY},/root/projects/trading-manager/scripts/tasks/call_agent_for_error.py,server_wide_agent_error_handoff;server_error_agent_request;agent_error_diagnosis;safe_repair,sync_artifact,Component-neutral entrypoint for creating server-wide error agent request/diagnosis artifacts. Actual agent runner invocation requires explicit reviewed runner configuration.,2026-05-13 08:34:26.591917-04,2026-05-17 02:10:11.268482-04
scr_MASD001,script,MANAGER_AUTOMATION_SCHEDULER_DAEMON_RUN,command,PYTHONPATH=src python3 scripts/tasks/run_automation_scheduler_daemon.py --execute-safe-preparation --execute-safe-offline-stages --execute-autonomous-provider-stages --auto-select-next-work --advance-month-on-complete,trading-manager/scripts/tasks/run_automation_scheduler_daemon.py,trading-manager;scheduler;historical_training;daemon;manager_scheduler_daemon_state;manager_scheduler_decision;manager_historical_work_selection;chronological_month_advance,sync_artifact,"Runs the persistent system-service-owned historical modeling scheduler daemon. The daemon audits completed/open workflow checkpoints, selects the next planned chronological month, loops over capacity-aware scheduler ticks, persists resume state, writes decision JSONL, enforces a single-instance lock, executes safe preparation/offline stages, executes bounded autonomous provider-dispatch/reconcile slices, advances the chronological month cursor after completion, and preserves model/broker/storage gates.",2026-05-10 01:19:30.338532-04,2026-05-17 02:10:11.268482-04
scr_MAST001,script,MANAGER_AUTOMATION_SCHEDULER_RUN,text,PYTHONPATH=src python3 scripts/tasks/run_automation_scheduler.py,trading-manager/scripts/tasks/run_automation_scheduler.py,trading-manager;scheduler;historical_training;layer_01_market_regime;manager_scheduler_decision;autonomous_historical_provider_acquisition,sync_artifact,"Runs one capacity-aware scheduler tick. It applies resource gates, prepares Layer 1 task keys when needed, then can execute autonomous historical provider acquisition and downstream offline stages. It performs no model activation or broker/order/account mutation.",2026-05-10 00:56:53.905915-04,2026-05-17 02:10:11.268482-04
scr_MTS002,script,MANAGER_COMPLETION_RECEIPT_RECORD,command,PYTHONPATH=src python3 scripts/tasks/record_completion_receipt.py,/root/projects/trading-manager/scripts/tasks/record_completion_receipt.py,task_system;component_completion_receipt;run_manifest;artifact_ref;ready_signal,sync_artifact,Normalize or persist a component completion receipt as manager run/artifact/ready rows.,2026-05-08 21:37:44.581347-04,2026-05-17 02:10:11.268482-04
scr_MGRINFO001,script,MANAGER_CONTROLLED_INFORMATION_PASS_PLAN,text,PYTHONPATH=src python3 scripts/tasks/plan_controlled_information_pass.py --start-month 2016-01 --end-month 2016-01,trading-manager/scripts/tasks/plan_controlled_information_pass.py,manager_controlled_information_pass;manager_dataset_expansion_plan;autonomous_historical_provider_acquisition,sync_artifact,Builds the controlled information pass report and optional plan-only provider dispatch preview. It performs no provider calls unless a dedicated dispatch command is executed.,2026-05-10 09:15:08.222255-04,2026-05-17 02:10:11.268482-04
scr_MDSE002,script,MANAGER_DATASET_EVIDENCE_COLLECTOR,text,PYTHONPATH=src python3 scripts/tasks/collect_dataset_evidence.py,trading-manager/scripts/tasks/collect_dataset_evidence.py,trading-manager;manager_dataset_evidence;manager_dataset_expansion_plan;historical_training;dataset_expansion,sync_artifact,"Collects current SQL/control-plane dataset evidence for the expansion planner without provider calls, model activation, or broker execution.",2026-05-10 02:03:55.849215-04,2026-05-17 02:10:11.268482-04
scr_MDSE001,script,MANAGER_DATASET_EXPANSION_PLANNER,text,PYTHONPATH=src python3 scripts/tasks/plan_dataset_expansion.py,trading-manager/scripts/tasks/plan_dataset_expansion.py,trading-manager;manager_dataset_expansion_plan;historical_training;dataset_expansion,sync_artifact,"Plans the next manager-selected dataset expansion and, with --write, prepares selected safe artifacts/payloads without provider calls, model activation, or broker execution.",2026-05-10 01:53:50.326419-04,2026-05-17 02:10:11.268482-04
scr_L8EVTDIS001,script,MANAGER_DISPATCH_LAYER_NINE_EVENT_FEED_BACKFILL,command,PYTHONPATH=src python3 scripts/tasks/dispatch_event_feed_backfill.py,trading-manager/scripts/tasks/dispatch_event_feed_backfill.py;trading-manager/src/trading_manager_tasks/event_feed_dispatch.py,layer_09_event_risk_governor;event_source_coverage;alpaca_news;gdelt_news;trading_economics_calendar_web;sec_company_financials,sync_artifact,"Validates or explicitly dispatches bounded Layer 9 event-risk-feed provider acquisition from prepared task keys. Provider calls require --execute-provider-calls; model activation, broker execution, account mutation, and dashboard read-model writes remain forbidden.",2026-05-15 01:23:58.162607-04,2026-05-17 02:10:11.290146-04
scr_MGRFAILREG002,script,MANAGER_FAILURE_REGISTER_LIST,text,python3 scripts/tasks/list_failure_register.py,trading-manager/scripts/tasks/list_failure_register.py,manager_failure_register;trading_manager.failure_register,sync_artifact,List manager failure-register rows.,2026-05-10 10:14:12.803862-04,2026-05-17 02:10:11.268482-04
scr_MGRFAILREG001,script,MANAGER_FAILURE_REGISTER_WRITE,text,python3 scripts/tasks/register_failure.py,trading-manager/scripts/tasks/register_failure.py,manager_failure_register;trading_manager.failure_register,sync_artifact,Validate or persist manager failure-register rows.,2026-05-10 10:14:12.803862-04,2026-05-17 02:10:11.268482-04
scr_MHSS001,script,MANAGER_HISTORICAL_SCHEDULER_STATUS_INSPECT,command,PYTHONPATH=src python3 scripts/tasks/inspect_historical_scheduler_status.py,trading-manager/scripts/tasks/inspect_historical_scheduler_status.py,trading-manager;scheduler;historical_training;daemon;observability;manager_historical_scheduler_status,sync_artifact,"Inspects historical scheduler service status without provider calls, model activation, broker execution, storage lifecycle mutation, or workflow advancement.",2026-05-11 03:05:59.925698-04,2026-05-17 02:10:11.268482-04
scr_MASV001,script,MANAGER_HISTORICAL_SCHEDULER_SYSTEMD_SERVICE_TEMPLATE,text,deploy/systemd/trading-manager-historical-scheduler.service,trading-manager/deploy/systemd/trading-manager-historical-scheduler.service,trading-manager;scheduler;historical_training;daemon;systemd;boot_autostart;manager_historical_work_selection;chronological_month_advance,sync_artifact,"Reviewed systemd template for host-level boot autostart and Restart=always supervision of the historical modeling scheduler daemon. The template enables automatic next-work selection, safe preparation, safe offline stages, and automatic chronological month advancement; committing it does not install or enable the host service.",2026-05-10 01:19:30.338532-04,2026-05-17 02:10:11.268482-04
scr_DASHRM002,script,MANAGER_HISTORICAL_TASK_PROGRESS_SUMMARY_BUILD,command,PYTHONPATH=src python3 scripts/tasks/build_historical_task_progress_summary.py,/root/projects/trading-manager/scripts/tasks/build_historical_task_progress_summary.py,historical_task_progress_summary;dashboard_read_model;trading-manager;historical_scheduler;owner_facing_summary,sync_artifact,"Build the owner-facing historical_task_progress_summary dashboard payload from read-only scheduler/status evidence. Storage materialization remains trading-storage responsibility; this command performs no provider calls, model activation, broker execution, account mutation, or storage layout writes.",2026-05-12 04:31:49.927589-04,2026-05-17 02:10:11.268482-04
scr_L8EVTINV001,script,MANAGER_INVALIDATE_LAYER_NINE_EVENT_DOWNSTREAM_OUTPUTS,command,PYTHONPATH=src python3 scripts/tasks/invalidate_layer_nine_event_downstream_outputs.py,trading-manager/scripts/tasks/invalidate_layer_nine_event_downstream_outputs.py;trading-manager/src/trading_manager_tasks/model_training_invalidation.py,historical_modeling;legacy_layer_09_event_risk_governor;layer_09_event_risk_governor;model_05_alpha_confidence;model_06_position_projection;model_07_underlying_action;model_08_option_expression;stale_output_invalidation;current_physical_names,sync_artifact,"State-only helper that marks stale Layer 9 event-governor-dependent workflow stages rebuild-required after event-source contract repair. It does not delete artifacts, call providers, activate models, submit broker orders, mutate accounts, or write dashboard read models.",2026-05-15 00:11:55.556601-04,2026-05-17 02:10:11.268482-04
scr_L8ERGMAT001,script,MANAGER_MATERIALIZE_LAYER_NINE_EVENT_RISK_INPUTS,command,PYTHONPATH=src python3 scripts/tasks/materialize_layer_nine_event_risk_governor_inputs.py --start-month ${START_MONTH} --end-month ${END_MONTH} --write,/root/projects/trading-manager/scripts/tasks/materialize_layer_nine_event_risk_governor_inputs.py,manager_layer_eight_event_risk_governor_input_materialization;legacy_layer_09_event_risk_governor;layer_09_event_risk_governor;source_09_event_risk_governor;model_training_workflow;current_physical_names,sync_artifact,Callable manager entrypoint that materializes current source_09 / Layer 9 event-risk-governor rows from local detector outputs over existing reviewed Layer 2 feed artifacts without provider dispatch.,2026-05-10 23:42:48.184739-04,2026-05-17 02:10:11.29047-04
scr_L3TSM001,script,MANAGER_MATERIALIZE_LAYER_THREE_TARGET_STATE_INPUTS,command,PYTHONPATH=src python3 scripts/tasks/materialize_layer_three_target_state_inputs.py --start-month ${START_MONTH} --end-month ${END_MONTH} --write,/root/projects/trading-manager/scripts/tasks/materialize_layer_three_target_state_inputs.py,manager_layer_three_target_state_input_materialization;layer_03_target_state_vector;source_03_target_state;model_training_workflow,sync_artifact,Callable manager entrypoint that materializes source_03_target_state rows from existing reviewed Layer 2 feed artifacts without provider dispatch.,2026-05-10 23:25:08.427596-04,2026-05-17 02:10:11.268482-04
scr_MPR001,script,MANAGER_MODEL_PROMOTION_REVIEW_PLAN,command,PYTHONPATH=src python3 scripts/tasks/plan_model_promotion_review.py,/root/projects/trading-manager/scripts/tasks/plan_model_promotion_review.py,model_promotion_review;manager_request;promotion_review;layers_1_9;trading-manager,sync_artifact,Stable callable manager entrypoint for planning unified model-promotion review requests. It emits manager_request rows and does not compute model metrics or approve activation.,2026-05-08 22:33:46.946336-04,2026-05-17 02:10:11.268482-04
scr_MMTW002,script,MANAGER_MODEL_TRAINING_WORKFLOW_ADVANCE,text,PYTHONPATH=src python3 scripts/tasks/advance_model_training_workflow.py,trading-manager/scripts/tasks/advance_model_training_workflow.py,trading-manager;scheduler;historical_training;manager_model_training_workflow_state;component_completion_receipt,sync_artifact,"Refreshes the durable base Layer 1-8 workflow checkpoint, ingests component receipts, records review refs, and selects the next safe or guarded stage without provider calls, model activation, broker execution, or event-overlay gating.",2026-05-10 01:34:42.821589-04,2026-05-17 02:10:11.268482-04
scr_MMTW001,script,MANAGER_MODEL_TRAINING_WORKFLOW_PLAN,text,PYTHONPATH=src python3 scripts/tasks/plan_model_training_workflow.py,trading-manager/scripts/tasks/plan_model_training_workflow.py,trading-manager;scheduler;historical_training;manager_model_training_workflow_plan,sync_artifact,"Prints the current base Layer 1-8 manager historical-training workflow graph and next gated stage without provider calls, model activation, broker execution, or event-overlay gating.",2026-05-10 01:29:01.117699-04,2026-05-17 02:10:11.268482-04
scr_MBF001,script,MANAGER_MONTHLY_BACKFILL_PLAN,command,PYTHONPATH=src python3 scripts/tasks/plan_monthly_backfill.py,/root/projects/trading-manager/scripts/tasks/plan_monthly_backfill.py,monthly_backfill;manager_request;dry_run_planning,sync_artifact,Callable planner that emits deterministic dry-run manager_request rows for monthly historical backfill without calling providers or inserting SQL rows.,2026-05-08 21:20:10.009909-04,2026-05-17 02:10:11.268482-04
scr_L8ERGREG001,script,MANAGER_PLAN_EVENT_MODEL_REGENERATION,command,PYTHONPATH=src python3 scripts/tasks/plan_event_model_regeneration.py --start-month ${START_MONTH} --end-month ${END_MONTH},/root/projects/trading-manager/scripts/tasks/plan_event_model_regeneration.py;/root/projects/trading-manager/src/trading_manager_tasks/event_model_regeneration_plan.py,manager_event_model_regeneration_plan_v1;legacy_layer_09_event_risk_governor;layer_09_event_risk_governor;source_09_event_risk_governor;feature_09_event_risk_governor;model_09_event_risk_governor;storage_lifecycle_hold;current_physical_names,sync_artifact,"Builds the non-mutating EventRiskGovernor regeneration plan: preserve persistent Layer 1/2 data and valid base Layer 3-8 outputs where applicable, supersede old event-overlay or abnormal-activity-only Layer 9 artifacts, rebuild current Layer 9 event-risk surfaces only after reviewed event-feed coverage, and keep deletion dry-run-only until reviewed closeout.",2026-05-16 06:01:34.9292-04,2026-05-17 02:10:11.290804-04
scr_L8EVTBF001,script,MANAGER_PREPARE_LAYER_NINE_EVENT_FEED_BACKFILL,command,PYTHONPATH=src python3 scripts/tasks/prepare_layer_nine_event_feed_backfill.py,trading-manager/scripts/tasks/prepare_layer_nine_event_feed_backfill.py;trading-manager/src/trading_manager_tasks/event_feed_backfill.py,layer_09_event_risk_governor;event_source_coverage;alpaca_news;gdelt_news;trading_economics_calendar_web;sec_company_financials,sync_artifact,"Prepares reviewed monthly event-feed task keys required before rebuilding Layer 9 event-governor-dependent outputs. Preparation performs no provider calls, model activation, broker execution, account mutation, or dashboard read-model writes.",2026-05-15 00:20:46.434584-04,2026-05-17 02:10:11.291132-04
scr_L1HT001,script,MANAGER_PREPARE_LAYER_ONE_HISTORICAL_TRAINING,command,PYTHONPATH=src python3 scripts/tasks/prepare_layer_one_historical_training.py,/root/projects/trading-manager/scripts/tasks/prepare_layer_one_historical_training.py,layer_01_market_regime_historical_training;market_regime_model;manager_request;request_payload;request_handoff;autonomous_historical_provider_acquisition,sync_artifact,"Callable manager entrypoint that prepares a Layer 1 historical-training batch by planning full market-regime ETF universe requests, materializing task-key payloads, and validating dry-run handoff boundaries without calling providers.",2026-05-09 11:45:20.700908-04,2026-05-17 02:10:11.268482-04
scr_L2HT001,script,MANAGER_PREPARE_LAYER_TWO_HISTORICAL_TRAINING,command,PYTHONPATH=src python3 scripts/tasks/prepare_layer_two_historical_training.py,/root/projects/trading-manager/scripts/tasks/prepare_layer_two_historical_training.py,layer_02_sector_context_historical_training;sector_context_model;manager_request;request_payload;request_handoff;autonomous_historical_provider_acquisition,sync_artifact,"Callable manager entrypoint that prepares a Layer 2 historical-training batch by planning the full sector/industry ETF universe, materializing task-key payloads, and validating dry-run handoff boundaries without calling providers.",2026-05-10 10:47:37.400359-04,2026-05-17 02:10:11.268482-04
scr_NEBP001,script,MANAGER_PREPARE_NASDAQ_EARNINGS_BASELINE_SNAPSHOTS,text,PYTHONPATH=src python3 scripts/tasks/prepare_nasdaq_earnings_baseline_snapshots.py,trading-manager/scripts/tasks/prepare_nasdaq_earnings_baseline_snapshots.py,manager_task_system;nasdaq_earnings_calendar;expectation_baseline;event_risk_governor,sync_artifact,Manager-owned no-provider preparation script for future Nasdaq earnings EPS-consensus baseline snapshot task keys targeting trading-execution calendar_discovery.,2026-05-15 23:13:13.915844-04,2026-05-17 02:10:11.268482-04
scr_MMPD001,script,MANAGER_PROVIDER_ACQUISITION_DISPATCH,text,PYTHONPATH=src python3 scripts/tasks/dispatch_and_reconcile_provider_stage.py,trading-manager/scripts/tasks/dispatch_and_reconcile_provider_stage.py,trading-manager;autonomous_historical_provider_acquisition;layer_01_market_regime;01_feed_alpaca_bars;manager_model_training_workflow_state,sync_artifact,"Dispatches and reconciles autonomous historical provider acquisition for Layer 1/2 Alpaca bars. It requires no manual provider gate and does not activate models, execute broker orders, construct orders, or mutate accounts.",2026-05-10 01:37:08.090057-04,2026-05-17 02:10:11.268482-04
scr_MRTD001,script,MANAGER_REALTIME_SHADOW_HANDOFF_RECORD,command,PYTHONPATH=src python3 scripts/tasks/record_realtime_shadow_handoff.py --decision-input ${DECISION_INPUT_JSON} --route-plan ${ROUTE_PLAN_JSON},trading-manager/scripts/tasks/record_realtime_shadow_handoff.py,trading-manager;manager_realtime_shadow_handoff_control_plane_bundle;execution_model_decision_input_snapshot;model_realtime_decision_route_plan;no_persistence_by_default,sync_artifact,"Builds manager-visible realtime shadow handoff validation, receipt, and normalized run/artifact/ready rows without provider calls, model activation, broker calls, order construction, persistence, or account mutation.",2026-05-11 05:34:25.958335-04,2026-05-17 02:10:11.268482-04
scr_RTLV003,script,MANAGER_REALTIME_SHADOW_HANDOFF_REHEARSE,command,PYTHONPATH=src python3 scripts/tasks/rehearse_realtime_shadow_handoff.py --decision-time ${DECISION_TIME} --historical-dataset-snapshot-ref ${HISTORICAL_DATASET_SNAPSHOT_REF} --frozen-model-config-ref ${FROZEN_MODEL_CONFIG_REF},trading-manager/scripts/tasks/rehearse_realtime_shadow_handoff.py,trading-manager;manager_realtime_shadow_handoff_rehearsal;execution_realtime_shadow_fixture_bundle;model_realtime_decision_route_plan;manager_realtime_shadow_handoff_control_plane_bundle,sync_artifact,"Runs the cross-repo realtime shadow handoff rehearsal and emits execution fixture, model route plan, and manager receipt bundle without side effects.",2026-05-11 05:46:23.602968-04,2026-05-17 02:10:11.268482-04
scr_RECON001,script,MANAGER_RECONCILE_PROVIDER_STAGE,command,PYTHONPATH=src python3 scripts/tasks/reconcile_provider_stage.py,/root/projects/trading-manager/scripts/tasks/reconcile_provider_stage.py,manager_provider_stage_reconcile;manager_stage_coverage;provider_dispatch;failure_register;workflow_state,sync_artifact,"Callable manager entrypoint for offline reconciliation after a provider batch. It records existing receipts, writes coverage reports, and can refresh workflow state; it never dispatches providers or performs broker/model/storage lifecycle mutations.",2026-05-10 11:33:34.296809-04,2026-05-17 02:10:11.268482-04
scr_MTS006,script,MANAGER_REQUEST_HANDOFF_VALIDATE,command,PYTHONPATH=src python3 scripts/tasks/validate_request_handoff.py,/root/projects/trading-manager/scripts/tasks/validate_request_handoff.py,task_system;manager_request;input_binding;parameter_ref;request_payload;component_handoff;dry_run_validation,sync_artifact,"Validate materialized manager request payloads against component build_context handoff paths without dispatching work, calling providers, or writing completion receipts.",2026-05-09 02:27:42.409887-04,2026-05-17 02:10:11.268482-04
scr_MTS005,script,MANAGER_REQUEST_PAYLOAD_MATERIALIZE,command,PYTHONPATH=src python3 scripts/tasks/materialize_request_payloads.py,/root/projects/trading-manager/scripts/tasks/materialize_request_payloads.py,task_system;manager_request;input_binding;parameter_ref;request_payload;monthly_backfill,sync_artifact,Materialize manager request parameter payloads under storage://trading-manager/... locators and optionally persist input_binding rows for SQL-backed request handoff preparation.,2026-05-09 02:16:52.22199-04,2026-05-17 02:10:11.268482-04
scr_MTS001,script,MANAGER_REQUEST_SUBMIT,command,PYTHONPATH=src python3 scripts/tasks/submit_manager_requests.py,/root/projects/trading-manager/scripts/tasks/submit_manager_requests.py,task_system;manager_request;control_plane,sync_artifact,Validate or persist manager_request rows for component tasks.,2026-05-08 21:37:44.581347-04,2026-05-17 02:10:11.268482-04
scr_MPR002,script,MANAGER_REVIEW_DECISION_BUILD,command,PYTHONPATH=src python3 scripts/tasks/build_review_decision.py,/root/projects/trading-manager/scripts/tasks/build_review_decision.py,review_decision;model_promotion_review;promotion_control_plane,sync_artifact,Build generic review_decision artifacts without approving activation unless a separate approved decision is explicitly used to build activation_record.,2026-05-09 03:32:33.848588-04,2026-05-17 02:10:11.268482-04
scr_SRCT001,script,MANAGER_RUN_STAGE_CONTROLLER,command,PYTHONPATH=src python3 scripts/tasks/run_stage_controller.py,/root/projects/trading-manager/scripts/tasks/run_stage_controller.py,manager_stage_run_controller_receipt;manager_stage_run_dashboard;autonomous_historical_provider_acquisition;stage_control_loop,sync_artifact,"Callable manager entrypoint that can execute one bounded autonomous provider-dispatch slice and writes a receipt/dashboard. It does not activate models, construct/execute broker orders, mutate accounts, or perform storage lifecycle mutation.",2026-05-10 22:11:40.860535-04,2026-05-17 02:10:11.268482-04
scr_AGENTERR003,script,MANAGER_SAFE_ERROR_REPAIR_RUNNER,command,/usr/bin/python3 /root/projects/trading-manager/scripts/tasks/run_safe_error_repair.py,/root/projects/trading-manager/scripts/tasks/run_safe_error_repair.py,server_wide_agent_error_handoff;safe_auto_repair;scheduler_dead_pid_lock;no_provider_calls;no_broker_mutation,sync_artifact,Reviewed deterministic repair runner. It currently removes only scheduler locks whose recorded PID is confirmed dead; unknown errors remain diagnosis-only.,2026-05-13 09:15:26.640232-04,2026-05-17 02:10:11.268482-04
scr_MMSE001,script,MANAGER_SAFE_OFFLINE_STAGE_EXECUTION,text,PYTHONPATH=src python3 scripts/tasks/execute_model_training_stage.py,trading-manager/scripts/tasks/execute_model_training_stage.py,trading-manager;manager_model_training_workflow_state;component_completion_receipt;offline_feature_generation;offline_model_generation;offline_model_evaluation;promotion;maintenance,sync_artifact,"Executes one ready safe offline workflow stage after scheduler gates, writes logs and a component receipt, and refuses unsafe mutation stages.",2026-05-10 01:41:22.515425-04,2026-05-17 02:10:11.268482-04
scr_MGRSCOV001,script,MANAGER_STAGE_COVERAGE_CHECK,text,PYTHONPATH=src python3 scripts/tasks/check_stage_coverage.py --stage-id layer_01_market_regime.data_acquisition --start-month 2016-01 --end-month 2016-01 --expected-count 22,trading-manager/scripts/tasks/check_stage_coverage.py,manager_stage_coverage;task_summary;manager_model_training_workflow_state,sync_artifact,Checks SQL task_summary coverage for a workflow stage. Partial coverage writes evidence only; only full expected ready coverage sets can_unlock_downstream=true.,2026-05-10 09:40:38.817704-04,2026-05-17 02:10:11.268482-04
scr_SRDB001,script,MANAGER_SUMMARIZE_STAGE_RUN,command,PYTHONPATH=src python3 scripts/tasks/summarize_stage_run.py,/root/projects/trading-manager/scripts/tasks/summarize_stage_run.py,manager_stage_run_dashboard;stage_coverage;autonomous_historical_provider_acquisition;provider_dispatch;stage_reconcile,sync_artifact,Callable manager entrypoint that writes or prints the stage-run dashboard/receipt with coverage and the next autonomous provider-dispatch preview.,2026-05-10 21:39:13.776101-04,2026-05-17 02:10:11.268482-04
scr_MTS003,script,MANAGER_TASK_SUMMARY_LIST,command,PYTHONPATH=src python3 scripts/tasks/list_task_summary.py,/root/projects/trading-manager/scripts/tasks/list_task_summary.py,task_system;global_task_summary;task_status;priority_ordering,sync_artifact,"List global manager task summary rows sorted by priority, deadline, creation time, and request id.",2026-05-08 22:10:20.846875-04,2026-05-17 02:10:11.268482-04
scr_MTS004,script,MANAGER_TASK_SYSTEM_REHEARSAL,command,PYTHONPATH=src python3 scripts/tasks/rehearse_task_system.py,/root/projects/trading-manager/scripts/tasks/rehearse_task_system.py,task_system;manager_request;component_completion_receipt;run_manifest;artifact_ref;ready_signal;task_summary;rehearsal,sync_artifact,"Run a deterministic in-memory manager task-system rehearsal without provider calls or SQL writes. Default mixed scenario emits ready, partial, and failed task paths.",2026-05-09 01:42:58.824188-04,2026-05-17 02:10:11.268482-04
scr_MRMSMOKE,script,MODEL_01_MARKET_REGIME_DEVELOPMENT_SMOKE,command,python3 scripts/models/model_01_market_regime/run_market_regime_development_smoke.py,/root/projects/trading-model/scripts/models/model_01_market_regime/run_market_regime_development_smoke.py,trading-model;market_regime_model;model_01_market_regime;development_smoke;model_evaluation,sync_artifact,Stable callable development smoke entrypoint for the Layer 1 source-to-feature-to-model-to-evaluation path. It calls no providers and cleans development tables by default.,2026-05-03 10:38:39.931867-04,2026-05-17 02:10:11.268482-04
scr_MRMEVAL1,script,MODEL_01_MARKET_REGIME_EVALUATE_PROMOTION_EVIDENCE,command,python3 scripts/models/model_01_market_regime/evaluate_model_01_market_regime.py,/root/projects/trading-model/scripts/models/model_01_market_regime/evaluate_model_01_market_regime.py,trading-model;market_regime_model;model_01_market_regime;model_evaluation;model_promotion,sync_artifact,Stable callable entrypoint for MarketRegimeModel evaluation and promotion evidence generation. Default path is fixture/local dry-run; --from-database is read-only and produces real-data promotion evidence without writing governance rows.,2026-05-03 09:41:43.141593-04,2026-05-17 02:10:11.268482-04
scr_MRMGEN1,script,MODEL_01_MARKET_REGIME_GENERATE,command,python3 scripts/models/model_01_market_regime/generate_model_01_market_regime.py,/root/projects/trading-model/scripts/models/model_01_market_regime/generate_model_01_market_regime.py,trading-model;market_regime_model;model_01_market_regime;feature_01_market_regime,sync_artifact,Stable callable entrypoint for generating primary MarketRegimeModel output rows and support artifacts from feature_01_market_regime rows.,2026-05-03 10:38:39.931867-04,2026-05-17 02:10:11.268482-04
scr_MRMREVIEW,script,MODEL_01_MARKET_REGIME_REVIEW_PROMOTION,command,python3 scripts/models/model_01_market_regime/review_market_regime_promotion.py,/root/projects/trading-model/scripts/models/model_01_market_regime/review_market_regime_promotion.py,trading-model;market_regime_model;model_01_market_regime;model_promotion;promotion_review,sync_artifact,Stable callable entrypoint for MarketRegimeModel promotion review. Review-only by default; reviewed decisions may be persisted with --write-decision and accepted approvals may activate a config only with --activate-approved-config.,2026-05-03 09:41:43.141593-04,2026-05-17 02:10:11.268482-04
scr_SCMEVAL1,script,MODEL_02_SECTOR_CONTEXT_EVALUATE_PROMOTION_EVIDENCE,command,python3 scripts/models/model_02_sector_context/evaluate_model_02_sector_context.py,/root/projects/trading-model/scripts/models/model_02_sector_context/evaluate_model_02_sector_context.py,trading-model;sector_context_model;model_02_sector_context;model_evaluation;model_promotion,sync_artifact,Stable callable entrypoint for SectorContextModel evaluation and promotion evidence generation. Default path is fixture/local dry-run; --from-database is read-only and produces real-data promotion evidence without writing governance rows.,2026-05-03 09:41:43.141593-04,2026-05-17 02:10:11.268482-04
scr_SCMGEN1,script,MODEL_02_SECTOR_CONTEXT_GENERATE,command,python3 scripts/models/model_02_sector_context/generate_model_02_sector_context.py,/root/projects/trading-model/scripts/models/model_02_sector_context/generate_model_02_sector_context.py,trading-model;sector_context_model;model_02_sector_context;feature_02_sector_context;model_01_market_regime,sync_artifact,Stable callable entrypoint for generating primary SectorContextModel output rows and support artifacts from feature_02_sector_context rows plus market-regime context.,2026-05-03 10:38:39.931867-04,2026-05-17 02:10:11.268482-04
scr_SCMREVIEW,script,MODEL_02_SECTOR_CONTEXT_REVIEW_PROMOTION,command,python3 scripts/models/model_02_sector_context/review_sector_context_promotion.py,/root/projects/trading-model/scripts/models/model_02_sector_context/review_sector_context_promotion.py,trading-model;sector_context_model;model_02_sector_context;model_promotion;promotion_review,sync_artifact,Stable callable entrypoint for SectorContextModel promotion review. Review-only by default; local fallback is conservative and defers fixture/dry-run evidence; reviewed decisions may be persisted with --write-decision.,2026-05-03 09:41:43.141593-04,2026-05-17 02:10:11.268482-04
scr_M3TSVEVAL,script,MODEL_03_TARGET_STATE_VECTOR_EVALUATE_PROMOTION_EVIDENCE,command,python3 scripts/models/model_03_target_state_vector/evaluate_model_03_target_state_vector.py,/root/projects/trading-model/scripts/models/model_03_target_state_vector/evaluate_model_03_target_state_vector.py,trading-model;target_state_vector_model;model_03_target_state_vector;feature_03_target_state_vector;model_evaluation;promotion_evidence,sync_artifact,"Stable callable entrypoint for building TargetStateVectorModel promotion evidence over market-only, market+sector, and market+sector+target-vector baselines.",2026-05-05 22:20:47.22782-04,2026-05-17 02:10:11.268482-04
scr_M3TSVGEN,script,MODEL_03_TARGET_STATE_VECTOR_GENERATE,command,python3 scripts/models/model_03_target_state_vector/generate_model_03_target_state_vector.py,/root/projects/trading-model/scripts/models/model_03_target_state_vector/generate_model_03_target_state_vector.py,trading-model;target_state_vector_model;model_03_target_state_vector;feature_03_target_state_vector,sync_artifact,Stable callable entrypoint for generating deterministic model_03_target_state_vector rows from feature_03_target_state_vector evidence.,2026-05-05 22:20:47.22782-04,2026-05-17 02:10:11.268482-04
scr_M3TSVREV,script,MODEL_03_TARGET_STATE_VECTOR_REVIEW_PROMOTION,command,python3 scripts/models/model_03_target_state_vector/review_target_state_vector_promotion.py,/root/projects/trading-model/scripts/models/model_03_target_state_vector/review_target_state_vector_promotion.py,trading-model;target_state_vector_model;model_03_target_state_vector;model_evaluation;promotion_review,sync_artifact,"Stable callable conservative promotion-review wrapper. Fixture/local evidence must defer until real-data thresholds, split stability, baseline improvement, and leakage gates are reviewed and accepted.",2026-05-05 22:20:47.22782-04,2026-05-17 02:10:11.268482-04
scr_L5DB001,script,MODEL_05_ALPHA_CONFIDENCE_DATABASE_GENERATION,command,PYTHONPATH=/root/projects/trading-model/src python3 /root/projects/trading-model/scripts/models/model_05_alpha_confidence/generate_model_05_alpha_confidence.py --from-database --source-start ${START_MONTH_START_ET} --source-end ${END_MONTH_EXCLUSIVE_START_ET} --output-jsonl /root/projects/trading-model/storage/runtime/model_05_alpha_confidence/model_rows_${START_MONTH}.jsonl,/root/projects/trading-model/scripts/models/model_05_alpha_confidence/generate_model_05_alpha_confidence.py,model_05_alpha_confidence;alpha_confidence_model;database_workflow;safe_offline_model_training,sync_artifact,"Layer 4 SQL-backed generator reads completed Layer 3/upstream state rows and persists trading_model.model_05_alpha_confidence without provider calls, model activation, broker execution, or storage lifecycle mutation.",2026-05-10 23:50:36.045721-04,2026-05-17 02:10:11.268482-04
scr_M5ACEVAL,script,MODEL_05_ALPHA_CONFIDENCE_EVALUATE_PROMOTION_EVIDENCE,command,python3 scripts/models/model_05_alpha_confidence/evaluate_model_05_alpha_confidence.py,/root/projects/trading-model/scripts/models/model_05_alpha_confidence/evaluate_model_05_alpha_confidence.py,trading-model;alpha_confidence_model;model_05_alpha_confidence;alpha_confidence_vector;model_evaluation;promotion_evidence,sync_artifact,Stable callable entrypoint for building local/fixture AlphaConfidenceModel evaluation labels and conservative promotion evidence summary. It does not write governance rows or activate configs.,2026-05-08 04:14:23.721833-04,2026-05-17 02:10:11.268482-04
scr_M5ACGEN,script,MODEL_05_ALPHA_CONFIDENCE_GENERATE,command,python3 scripts/models/model_05_alpha_confidence/generate_model_05_alpha_confidence.py,/root/projects/trading-model/scripts/models/model_05_alpha_confidence/generate_model_05_alpha_confidence.py,trading-model;alpha_confidence_model;model_05_alpha_confidence;alpha_confidence_vector;target_context_state;event_failure_risk_vector;current_physical_names,sync_artifact,Stable callable entrypoint for generating deterministic Layer 5 AlphaConfidenceModel alpha_confidence_vector rows. Current physical script/model path is model_05_alpha_confidence.,2026-05-08 04:14:23.721833-04,2026-05-17 02:10:11.288505-04
scr_M5ACREV,script,MODEL_05_ALPHA_CONFIDENCE_REVIEW_PROMOTION,command,python3 scripts/models/model_05_alpha_confidence/review_alpha_confidence_promotion.py,/root/projects/trading-model/scripts/models/model_05_alpha_confidence/review_alpha_confidence_promotion.py,trading-model;alpha_confidence_model;model_05_alpha_confidence;model_evaluation;promotion_review,sync_artifact,"Stable callable conservative promotion-review wrapper for AlphaConfidenceModel. Fixture/local evidence must defer until real-data thresholds, baseline improvement, split stability, and leakage gates are reviewed and accepted.",2026-05-08 04:14:23.721833-04,2026-05-17 02:10:11.268482-04
scr_L6DB001,script,MODEL_06_POSITION_PROJECTION_DATABASE_GENERATION,command,PYTHONPATH=/root/projects/trading-model/src python3 /root/projects/trading-model/scripts/models/model_06_position_projection/generate_model_06_position_projection.py --from-database --source-start ${START_MONTH_START_ET} --source-end ${END_MONTH_EXCLUSIVE_START_ET} --output-jsonl /root/projects/trading-model/storage/runtime/model_06_position_projection/model_rows_${START_MONTH}.jsonl,/root/projects/trading-model/scripts/models/model_06_position_projection/generate_model_06_position_projection.py,model_06_position_projection;position_projection_model;database_workflow;safe_offline_model_training,sync_artifact,"Layer 5 SQL-backed generator reads completed Layer 4 alpha-confidence rows and persists trading_model.model_06_position_projection using flat/no-pending position context defaults; it performs no provider calls, model activation, broker execution, or storage lifecycle mutation.",2026-05-10 23:50:36.045721-04,2026-05-17 02:10:11.268482-04
scr_M6PPEVAL,script,MODEL_06_POSITION_PROJECTION_EVALUATE_PROMOTION_EVIDENCE,command,python3 scripts/models/model_06_position_projection/evaluate_model_06_position_projection.py,/root/projects/trading-model/scripts/models/model_06_position_projection/evaluate_model_06_position_projection.py,trading-model;position_projection_model;model_06_position_projection;position_projection_vector;model_evaluation;promotion_evidence,sync_artifact,Stable callable entrypoint for building local/fixture PositionProjectionModel evaluation labels and conservative promotion evidence summary. It does not write governance rows or activate configs.,2026-05-08 04:14:23.721833-04,2026-05-17 02:10:11.268482-04
scr_M6PPGEN,script,MODEL_06_POSITION_PROJECTION_GENERATE,command,python3 scripts/models/model_06_position_projection/generate_model_06_position_projection.py,/root/projects/trading-model/scripts/models/model_06_position_projection/generate_model_06_position_projection.py,trading-model;position_projection_model;model_06_position_projection;position_projection_vector;alpha_confidence_vector,sync_artifact,Stable callable entrypoint for generating deterministic Layer 6 PositionProjectionModel position_projection_vector rows. Current physical script/model path is model_06_position_projection.,2026-05-08 04:14:23.721833-04,2026-05-17 02:10:11.28906-04
scr_M6PPREV,script,MODEL_06_POSITION_PROJECTION_REVIEW_PROMOTION,command,python3 scripts/models/model_06_position_projection/review_position_projection_promotion.py,/root/projects/trading-model/scripts/models/model_06_position_projection/review_position_projection_promotion.py,trading-model;position_projection_model;model_06_position_projection;model_evaluation;promotion_review,sync_artifact,"Stable callable conservative promotion-review wrapper for PositionProjectionModel. Fixture/local evidence must defer until real-data thresholds, baseline improvement, split stability, and leakage gates are reviewed and accepted.",2026-05-08 04:14:23.721833-04,2026-05-17 02:10:11.268482-04
scr_L7DB001,script,MODEL_07_UNDERLYING_ACTION_DATABASE_GENERATION,command,PYTHONPATH=/root/projects/trading-model/src python3 /root/projects/trading-model/scripts/models/model_07_underlying_action/generate_model_07_underlying_action.py --from-database --source-start ${START_MONTH_START_ET} --source-end ${END_MONTH_EXCLUSIVE_START_ET} --output-jsonl /root/projects/trading-model/storage/runtime/model_07_underlying_action/model_rows_${START_MONTH}.jsonl,/root/projects/trading-model/scripts/models/model_07_underlying_action/generate_model_07_underlying_action.py,model_07_underlying_action;underlying_action_model;database_workflow;safe_offline_model_training,sync_artifact,"Layer 6 SQL-backed generator reads completed Layer 4/5 rows and persists trading_model.model_07_underlying_action using local point-in-time default quote/liquidity/risk context; it remains offline planning only and performs no provider calls, model activation, broker execution, or storage lifecycle mutation.",2026-05-10 23:50:36.045721-04,2026-05-17 02:10:11.268482-04
scr_M7UAEVAL,script,MODEL_07_UNDERLYING_ACTION_EVALUATE_PROMOTION_EVIDENCE,command,python3 scripts/models/model_07_underlying_action/evaluate_model_07_underlying_action.py,/root/projects/trading-model/scripts/models/model_07_underlying_action/evaluate_model_07_underlying_action.py,trading-model;underlying_action_model;model_07_underlying_action;underlying_action_plan;model_evaluation;promotion_evidence,sync_artifact,Stable callable entrypoint for building local/fixture UnderlyingActionModel plan-quality labels and conservative promotion evidence summary. It does not write governance rows or activate configs.,2026-05-08 04:14:23.721833-04,2026-05-17 02:10:11.268482-04
scr_M7UAGEN,script,MODEL_07_UNDERLYING_ACTION_GENERATE,command,python3 scripts/models/model_07_underlying_action/generate_model_07_underlying_action.py,/root/projects/trading-model/scripts/models/model_07_underlying_action/generate_model_07_underlying_action.py,trading-model;underlying_action_model;model_07_underlying_action;underlying_action_plan;position_projection_vector,sync_artifact,Stable callable entrypoint for generating deterministic Layer 7 UnderlyingActionModel underlying_action_plan rows. Current physical script/model path is model_07_underlying_action.,2026-05-08 04:14:23.721833-04,2026-05-17 02:10:11.289438-04
scr_M7UAREV,script,MODEL_07_UNDERLYING_ACTION_REVIEW_PROMOTION,command,python3 scripts/models/model_07_underlying_action/review_underlying_action_promotion.py,/root/projects/trading-model/scripts/models/model_07_underlying_action/review_underlying_action_promotion.py,trading-model;underlying_action_model;model_07_underlying_action;model_evaluation;promotion_review,sync_artifact,"Stable callable conservative promotion-review wrapper for UnderlyingActionModel. Fixture/local evidence must defer until real-data thresholds, baseline improvement, split stability, and leakage gates are reviewed and accepted.",2026-05-08 04:14:23.721833-04,2026-05-17 02:10:11.268482-04
scr_M8ERGCPI001,script,MODEL_08_CPI_INFLATION_ASSOCIATION_READINESS_BUILD,command,PYTHONPATH=src python3 scripts/models/model_09_event_risk_governor/build_cpi_inflation_association_readiness.py,/root/projects/trading-model/scripts/models/model_09_event_risk_governor/build_cpi_inflation_association_readiness.py;/root/projects/trading-model/src/models/model_09_event_risk_governor/cpi_inflation_association_readiness.py,cpi_inflation_association_readiness_v1;cpi_inflation_release;event_control_comparison;model_09_event_risk_governor;fine_grained_event_family_association,sync_artifact,"Builds the safe local CPI/inflation association-control readiness slice. It scans existing local calendar and ETF bar artifacts, emits CPI event labels, same-month control labels, and event/control comparisons, but keeps the family underpowered until enough local event months, official-source canonicalization, market/sector/target-state controls, and accepted surprise definitions exist. It performs no provider calls, model activation, broker/account mutation, or artifact deletion.",2026-05-16 08:07:49.22901-04,2026-05-17 02:10:11.268482-04
scr_M8OEEVAL,script,MODEL_08_OPTION_EXPRESSION_EVALUATE_PROMOTION_EVIDENCE,command,python3 scripts/models/model_08_option_expression/evaluate_model_08_option_expression.py,/root/projects/trading-model/scripts/models/model_08_option_expression/evaluate_model_08_option_expression.py,trading-model;option_expression_model;model_08_option_expression;option_expression_plan;model_evaluation;promotion_evidence,sync_artifact,Stable callable entrypoint for building local/fixture OptionExpressionModel evaluation labels and conservative promotion evidence summary. It does not write governance rows or activate configs.,2026-05-08 04:14:23.721833-04,2026-05-17 02:10:11.268482-04
scr_M8OEGEN,script,MODEL_08_OPTION_EXPRESSION_GENERATE,command,python3 scripts/models/model_08_option_expression/generate_model_08_option_expression.py,/root/projects/trading-model/scripts/models/model_08_option_expression/generate_model_08_option_expression.py,trading-model;option_expression_model;model_08_option_expression;option_expression_plan;underlying_action_plan;source_05_option_expression,sync_artifact,Stable callable entrypoint for generating deterministic Layer 7 OptionExpressionModel option_expression_plan rows.,2026-05-08 04:14:23.721833-04,2026-05-17 02:10:11.268482-04
scr_M8OEREV,script,MODEL_08_OPTION_EXPRESSION_REVIEW_PROMOTION,command,python3 scripts/models/model_08_option_expression/review_option_expression_promotion.py,/root/projects/trading-model/scripts/models/model_08_option_expression/review_option_expression_promotion.py,trading-model;option_expression_model;model_08_option_expression;model_evaluation;promotion_review,sync_artifact,"Stable callable conservative promotion-review wrapper for OptionExpressionModel. Fixture/local evidence must defer until real-data thresholds, baseline improvement, split stability, and leakage gates are reviewed and accepted.",2026-05-08 04:14:23.721833-04,2026-05-17 02:10:11.268482-04
scr_M8ERGPA001,script,MODEL_08_PRICE_ANOMALY_EVENT_DISCOVERY_BUILD,command,PYTHONPATH=src python3 scripts/models/model_09_event_risk_governor/build_price_anomaly_event_discovery.py,/root/projects/trading-model/scripts/models/model_09_event_risk_governor/build_price_anomaly_event_discovery.py;/root/projects/trading-model/src/models/model_09_event_risk_governor/price_anomaly_event_discovery.py,price_anomaly_event_discovery_v1;price_anomaly_event_discovery_summary_v1;model_09_event_risk_governor;reverse_event_family_discovery,sync_artifact,"Builds the reverse price-anomaly/event-family discovery artifact. It starts from local price anomalies, scans nearby event-family mentions for enrichment/commonality, and performs no provider calls, model training, activation, broker/account mutation, destructive SQL, or artifact deletion.",2026-05-16 23:00:54.771045-04,2026-05-17 02:10:11.268482-04
scr_M8ERGRD001,script,MODEL_08_RESIDUAL_ANOMALY_EVENT_DISCOVERY_BUILD,command,PYTHONPATH=src python3 scripts/models/model_09_event_risk_governor/build_residual_anomaly_event_discovery.py,/root/projects/trading-model/scripts/models/model_09_event_risk_governor/build_residual_anomaly_event_discovery.py;/root/projects/trading-model/src/models/model_09_event_risk_governor/residual_anomaly_event_discovery.py,residual_anomaly_event_discovery_v1;residual_anomaly_event_discovery_summary_v1;event_family_strategy_promotion_review_packet_v1;model_09_event_risk_governor;event_observation_pool;event_strategy_promotion_review;event_failure_risk_model;current_physical_names,sync_artifact,"Builds the EventRiskGovernor residual-anomaly event discovery artifact from Layers 1-8 base-stack evaluation residuals. The builder searches nearby PIT event families for explanations, observation-pool candidates, and Layer 4 event-failure-risk promotion review packets. It is a registered callable integration surface under the current MODEL_09 physical namespace only: no provider calls, daemon start, model activation, broker/account mutation, destructive SQL, artifact deletion, or automatic event-family promotion.",2026-05-16 23:45:39.319039-04,2026-05-17 02:10:11.268482-04
scr_M8ERGAA001,script,MODEL_09_EVENT_FAMILY_ALL_ASSOCIATION_BUILD,command,PYTHONPATH=src python3 scripts/models/model_09_event_risk_governor/build_event_family_all_association.py,/root/projects/trading-model/scripts/models/model_09_event_risk_governor/build_event_family_all_association.py;/root/projects/trading-model/src/models/model_09_event_risk_governor/event_family_all_association.py,event_family_all_association_v1;event_family_all_association_summary_v1;model_09_event_risk_governor;event_family_price_association,sync_artifact,"Builds the local all-family event/price association measurement. It emits all 29 event-family rows, separates accepted prior risk/control associations from local keyword/proxy screening associations, no-local-label data gaps, and required-precondition blockers, and performs no provider calls, model training, activation, broker/account mutation, destructive SQL, or artifact deletion.",2026-05-16 22:10:17.303976-04,2026-05-17 02:10:11.268482-04
scr_M8ERGFAM001,script,MODEL_09_EVENT_FAMILY_BATCH_CATALOG_BUILD,command,PYTHONPATH=src python3 scripts/models/model_09_event_risk_governor/build_event_family_batch_catalog.py,/root/projects/trading-model/scripts/models/model_09_event_risk_governor/build_event_family_batch_catalog.py;/root/projects/trading-model/src/models/model_09_event_risk_governor/event_family_batch_catalog.py,event_family_batch_catalog_v1;event_family_batch_summary_v1;event_family_batch_queue;event_family_first_pass_packet_v1;event_family_blocker_queue;event_family_scouting;model_09_event_risk_governor;fine_grained_event_family_association,sync_artifact,"Builds the non-mutating fine-grained event-family batch catalog for current model_09_event_risk_governor / Layer 9 EventRiskGovernor association scouting. Routing buckets such as symbol_news, sector_news, macro_news, sec_filing, and earnings_guidance are split into mechanism-level first-pass family packets, a priority queue, and blocker queue before any price/path association study, risk promotion, or alpha claim. The helper performs no provider calls, model activation, broker/account mutation, or artifact deletion.",2026-05-16 07:45:07.30122-04,2026-05-17 02:20:25.031338-04
scr_M8ERGECS001,script,MODEL_09_EVENT_FAMILY_EMPIRICAL_COVERAGE_BUILD,command,PYTHONPATH=src python3 scripts/models/model_09_event_risk_governor/build_event_family_empirical_coverage.py,/root/projects/trading-model/scripts/models/model_09_event_risk_governor/build_event_family_empirical_coverage.py;/root/projects/trading-model/src/models/model_09_event_risk_governor/event_family_empirical_coverage.py,event_family_empirical_coverage_v1;event_family_empirical_coverage_summary_v1;model_09_event_risk_governor;fine_grained_event_family_association,sync_artifact,"Builds the safe local all-family EventRiskGovernor empirical coverage/readiness scan. It uses existing local source/study artifacts only to identify families with existing empirical artifacts, candidate events needing interpretation and matched controls, missing source/parser coverage, PIT baseline blockers, residual-detector blockers, liquidity/depth blockers, and revised-definition blockers. It performs no provider calls, training, activation, broker/account mutation, destructive SQL, artifact deletion, or final alpha/risk promotion.",2026-05-16 21:40:19.705082-04,2026-05-17 02:10:11.268482-04
scr_M8ERGPRC001,script,MODEL_09_EVENT_FAMILY_PRECONDITION_COMPLETION_BUILD,command,PYTHONPATH=src python3 scripts/models/model_09_event_risk_governor/build_event_family_precondition_completion.py,/root/projects/trading-model/scripts/models/model_09_event_risk_governor/build_event_family_precondition_completion.py;/root/projects/trading-model/src/models/model_09_event_risk_governor/event_family_precondition_completion.py,event_family_precondition_completion_v1;event_family_scouting_packet_v1;event_family_precondition_completion_summary_v1;model_09_event_risk_governor;fine_grained_event_family_association,sync_artifact,"Builds all-family EventRiskGovernor precondition packets before final association judgment. It emits one maintained event_family_scouting_packet_v1 for each of 29 fine-grained families, defining source precedence, point-in-time clocks, baselines, matched controls, label windows, residual requirements, liquidity requirements, and early-stop gates. It fills the missing-packet governance gap but performs no provider calls, training, activation, broker/account mutation, destructive SQL, artifact deletion, or final alpha/risk promotion.",2026-05-16 21:22:14.489228-04,2026-05-17 02:10:11.268482-04
scr_M8ERGREM001,script,MODEL_09_EVENT_FAMILY_REMAINING_CLOSEOUT_BUILD,command,PYTHONPATH=src python3 scripts/models/model_09_event_risk_governor/build_event_family_remaining_closeout.py,/root/projects/trading-model/scripts/models/model_09_event_risk_governor/build_event_family_remaining_closeout.py;/root/projects/trading-model/src/models/model_09_event_risk_governor/event_family_remaining_closeout.py,event_family_remaining_closeout_v1;event_family_remaining_closeout_summary_v1;model_09_event_risk_governor;fine_grained_event_family_association,sync_artifact,"Builds the safe local remaining event-family closeout artifact. It accounts for all 29 fine-grained families, separates risk/control candidates from packet/baseline/residual/liquidity blockers, defers the current option-abnormality definition as low-signal, and promotes no standalone directional alpha. It performs no provider calls, model activation, broker/account mutation, or artifact deletion.",2026-05-16 12:23:07.03466-04,2026-05-17 02:10:11.268482-04
scr_M8ERGTH001,script,MODEL_09_EVENT_FAMILY_THRESHOLD_GRADING_BUILD,command,PYTHONPATH=src python3 scripts/models/model_09_event_risk_governor/build_event_family_threshold_grading.py,/root/projects/trading-model/scripts/models/model_09_event_risk_governor/build_event_family_threshold_grading.py;/root/projects/trading-model/src/models/model_09_event_risk_governor/event_family_threshold_grading.py,event_family_threshold_grading_v1;event_family_threshold_grading_summary_v1;model_09_event_risk_governor;event_family_threshold_queue,sync_artifact,"Builds the EventRiskGovernor event-family threshold/grading queue. It removes measured no-clear families from the active threshold queue while preserving audit artifacts, keeps accepted risk/control seeds and expanded screening candidates, and performs no provider calls, model training, activation, broker/account mutation, destructive SQL, or artifact deletion.",2026-05-16 22:54:18.175719-04,2026-05-17 02:10:11.268482-04
scr_M8ERGFJ001,script,MODEL_09_EVENT_LAYER_FINAL_JUDGMENT_BUILD,command,PYTHONPATH=src python3 scripts/models/model_09_event_risk_governor/build_event_layer_final_judgment.py,/root/projects/trading-model/scripts/models/model_09_event_risk_governor/build_event_layer_final_judgment.py;/root/projects/trading-model/src/models/model_09_event_risk_governor/event_layer_final_judgment.py,event_layer_final_judgment_v1;event_layer_final_judgment_summary_v1;model_09_event_risk_governor;event_risk_governor_final_posture,sync_artifact,"Builds the final current-cycle EventRiskGovernor posture judgment from reviewed local evidence. The accepted posture is a bounded EventRiskGovernor/EventIntelligenceOverlay, not a standalone event-alpha model. It permits only risk/control outputs from current evidence, accepts CPI surprise and earnings scheduled shells for risk/control only, accepts zero standalone directional-alpha event families, and performs no provider calls, training, activation, broker/account mutation, destructive SQL, or artifact deletion.",2026-05-16 21:51:51.083875-04,2026-05-17 02:10:11.268482-04
scr_M8ERGOP001,script,MODEL_09_EVENT_OBSERVATION_POOL_POLICY_BUILD,command,PYTHONPATH=src python3 scripts/models/model_09_event_risk_governor/build_event_observation_pool_policy.py,/root/projects/trading-model/scripts/models/model_09_event_risk_governor/build_event_observation_pool_policy.py;/root/projects/trading-model/src/models/model_09_event_risk_governor/event_observation_pool_policy.py,event_observation_pool_policy_v1;event_observation_pool_policy_summary_v1;model_09_event_risk_governor;event_observation_pool;event_strategy_promotion_review,sync_artifact,"Builds the EventRiskGovernor event observation-pool and promotion policy artifact. It separates historical all-event residual-anomaly research from realtime observation-pool monitoring, and requires script-emitted evidence plus agent review before any event family is promoted from correction overlay to strategy-decision scope.",2026-05-16 23:26:07.935544-04,2026-05-17 02:10:11.268482-04
scr_M8ERGPAR001,script,MODEL_09_EVENT_PRICE_ASSOCIATION_READINESS_BUILD,command,PYTHONPATH=src python3 scripts/models/model_09_event_risk_governor/build_event_price_association_readiness.py,/root/projects/trading-model/scripts/models/model_09_event_risk_governor/build_event_price_association_readiness.py;/root/projects/trading-model/src/models/model_09_event_risk_governor/event_price_association_readiness.py,event_price_association_readiness_batch_v1;event_price_association_family_readiness;event_price_association_candidate_events;event_price_association_price_labels;model_09_event_risk_governor;fine_grained_event_family_association,sync_artifact,"Builds the safe local first event-price association readiness slice for selected high-priority EventRiskGovernor families. It inventories existing local artifacts, emits candidate-event/readiness/price-label diagnostics where possible, keeps underpowered or unstandardized families blocked, and performs no provider calls, model activation, broker/account mutation, or artifact deletion.",2026-05-16 08:00:31.342397-04,2026-05-17 02:10:11.268482-04
scr_M8ERGCLS001,script,MODEL_09_EVENT_RISK_GOVERNOR_CLOSEOUT_REPORT_BUILD,command,PYTHONPATH=src python3 scripts/models/model_09_event_risk_governor/build_event_model_closeout_report.py,/root/projects/trading-model/scripts/models/model_09_event_risk_governor/build_event_model_closeout_report.py;/root/projects/trading-model/src/models/model_09_event_risk_governor/event_model_closeout.py,event_model_closeout_report_v1;model_09_event_risk_governor;event_risk_governor;event_family_scouting;storage_lifecycle_hold,sync_artifact,"Builds the accepted event-model closeout report: Layer 9 remains a bounded EventRiskGovernor / EventIntelligenceOverlay, broad event alpha and signed earnings/guidance alpha remain blocked, diagnostic artifacts are preserved, and storage deletion stays on hold until reviewed regeneration completes.",2026-05-16 06:01:34.9292-04,2026-05-17 02:10:11.268482-04
scr_M8ERGEVAL,script,MODEL_09_EVENT_RISK_GOVERNOR_EVALUATE_PROMOTION_EVIDENCE,command,python3 scripts/models/model_09_event_risk_governor/evaluate_model_09_event_risk_governor.py,/root/projects/trading-model/scripts/models/model_09_event_risk_governor/evaluate_model_09_event_risk_governor.py,trading-model;event_risk_governor;model_09_event_risk_governor;event_context_vector;model_evaluation;promotion_evidence,sync_artifact,Stable callable entrypoint for building local/fixture EventRiskGovernor evaluation labels and conservative promotion evidence summary. It does not write governance rows or activate configs.,2026-05-08 04:14:23.721833-04,2026-05-17 02:10:11.268482-04
scr_M8ERGGEN,script,MODEL_09_EVENT_RISK_GOVERNOR_GENERATE,command,python3 scripts/models/model_09_event_risk_governor/generate_model_09_event_risk_governor.py,/root/projects/trading-model/scripts/models/model_09_event_risk_governor/generate_model_09_event_risk_governor.py,trading-model;event_risk_governor;model_09_event_risk_governor;event_context_vector;source_09_event_risk_governor,sync_artifact,Stable callable entrypoint for generating deterministic current model_09_event_risk_governor / Layer 9 EventRiskGovernor event-risk context/intervention rows from local/fixture event-risk input evidence.,2026-05-08 04:14:23.721833-04,2026-05-17 02:20:25.031338-04
scr_M8ERGREV,script,MODEL_09_EVENT_RISK_GOVERNOR_REVIEW_PROMOTION,command,python3 scripts/models/model_09_event_risk_governor/review_event_risk_governor_promotion.py,/root/projects/trading-model/scripts/models/model_09_event_risk_governor/review_event_risk_governor_promotion.py,trading-model;event_risk_governor;model_09_event_risk_governor;model_evaluation;promotion_review,sync_artifact,"Stable callable conservative promotion-review wrapper for EventRiskGovernor. Fixture/local evidence must defer until real-data thresholds, baseline improvement, split stability, and leakage gates are reviewed and accepted.",2026-05-08 04:14:23.721833-04,2026-05-17 02:10:11.268482-04
scr_EGACS001,script,MODEL_EARNINGS_GUIDANCE_ARTIFACT_COVERAGE_SCOUT,text,PYTHONPATH=src python3 scripts/models/model_09_event_risk_governor/run_earnings_guidance_artifact_coverage_scout.py,trading-model/scripts/models/model_09_event_risk_governor/run_earnings_guidance_artifact_coverage_scout.py,earnings_guidance_event_family;event_family_scouting_packet_v1;event_risk_governor;model_promotion,sync_artifact,Deterministic local coverage gate for official company filing/release/transcript text artifacts required before guidance interpretation; performs no provider calls.,2026-05-15 21:52:25.582649-04,2026-05-17 02:10:11.268482-04
scr_EGBS001,script,MODEL_EARNINGS_GUIDANCE_BASELINE_SOURCE_AUDIT,text,PYTHONPATH=src python3 scripts/models/model_09_event_risk_governor/run_earnings_guidance_baseline_source_audit.py,trading-model/scripts/models/model_09_event_risk_governor/run_earnings_guidance_baseline_source_audit.py,earnings_guidance_event_family;expectation_baseline;event_risk_governor;model_promotion,sync_artifact,Deterministic local audit of already captured calendar artifacts as point-in-time expectation baseline candidates; performs no provider calls.,2026-05-15 23:01:42.30541-04,2026-05-17 02:10:11.268482-04
scr_CPGC001,script,MODEL_EARNINGS_GUIDANCE_CURRENT_PRIOR_COMPARISON_READINESS,text,PYTHONPATH=src python3 scripts/models/model_09_event_risk_governor/run_earnings_guidance_current_prior_comparison_readiness.py,trading-model/scripts/models/model_09_event_risk_governor/run_earnings_guidance_current_prior_comparison_readiness.py,earnings_guidance_event_family;prior_company_guidance;current_guidance_comparison;event_risk_governor,sync_artifact,"No-provider readiness pass that joins prior company-guidance context, current official guidance-context review rows, and official result artifacts before any raise/cut or signed-direction claim.",2026-05-16 01:05:03.141904-04,2026-05-17 02:10:11.268482-04
scr_EGEA001,script,MODEL_EARNINGS_GUIDANCE_EVENT_ALONE_STUDY,text,PYTHONPATH=src python3 scripts/models/model_09_event_risk_governor/run_earnings_guidance_event_alone_study.py,trading-model/scripts/models/model_09_event_risk_governor/run_earnings_guidance_event_alone_study.py,earnings_guidance_event_family;event_family_scouting_packet_v1;activity_price_relationship_study;event_risk_governor,sync_artifact,Deterministic local study entrypoint that tests canonical Nasdaq earnings-calendar shells against same-symbol non-earnings controls using daily equity bars. The study itself performs no provider calls.,2026-05-15 11:26:01.543562-04,2026-05-17 02:10:11.268482-04
scr_EGSS001,script,MODEL_EARNINGS_GUIDANCE_EVENT_SCOUTING_STUDY,text,PYTHONPATH=src python3 scripts/models/model_09_event_risk_governor/run_earnings_guidance_event_scouting.py,trading-model/scripts/models/model_09_event_risk_governor/run_earnings_guidance_event_scouting.py,earnings_guidance_event_family;event_family_scouting_packet_v1;activity_price_relationship_study;event_risk_governor,sync_artifact,Deterministic local study entrypoint that joins option-abnormality windows with reviewed Nasdaq earnings-calendar shells and filters matched controls to verified non-earnings dates. It performs no provider calls.,2026-05-15 10:41:44.320405-04,2026-05-17 02:10:11.268482-04
scr_EGEB001,script,MODEL_EARNINGS_GUIDANCE_EXPECTATION_BASELINE_READINESS,text,PYTHONPATH=src python3 scripts/models/model_09_event_risk_governor/run_earnings_guidance_expectation_baseline_readiness.py,trading-model/scripts/models/model_09_event_risk_governor/run_earnings_guidance_expectation_baseline_readiness.py,earnings_guidance_event_family;event_family_scouting_packet_v1;event_risk_governor;model_promotion,sync_artifact,Deterministic local readiness gate that validates point-in-time expectation baseline artifacts before any signed earnings/guidance claim; performs no provider calls.,2026-05-15 22:47:11.4541-04,2026-05-17 02:10:11.268482-04
scr_EGIR001,script,MODEL_EARNINGS_GUIDANCE_INTERPRETATION_REVIEW,text,PYTHONPATH=src python3 scripts/models/model_09_event_risk_governor/run_earnings_guidance_interpretation_review.py,trading-model/scripts/models/model_09_event_risk_governor/run_earnings_guidance_interpretation_review.py,earnings_guidance_event_family;event_family_scouting_packet_v1;event_risk_governor;model_promotion,sync_artifact,Deterministic local review that separates partial official guidance context from rejected boilerplate/accounting/risk language; performs no provider calls and makes no signed claims.,2026-05-15 22:40:33.811655-04,2026-05-17 02:10:11.268482-04
scr_PGEE001,script,MODEL_EARNINGS_GUIDANCE_PRIOR_GUIDANCE_EXHIBIT_EXTRACTION,text,PYTHONPATH=src python3 scripts/models/model_09_event_risk_governor/run_earnings_guidance_prior_guidance_exhibit_extraction.py,trading-model/scripts/models/model_09_event_risk_governor/run_earnings_guidance_prior_guidance_exhibit_extraction.py,earnings_guidance_event_family;prior_company_guidance;expectation_baseline;event_risk_governor,sync_artifact,No-provider extraction pass that reviews official prior-quarter earnings/outlook exhibits for prior-company-guidance baseline context.,2026-05-16 00:26:02.664346-04,2026-05-17 02:10:11.268482-04
scr_POGE001,script,MODEL_EARNINGS_GUIDANCE_PRIOR_GUIDANCE_EXTRACTION,text,PYTHONPATH=src python3 scripts/models/model_09_event_risk_governor/run_earnings_guidance_prior_guidance_extraction.py,trading-model/scripts/models/model_09_event_risk_governor/run_earnings_guidance_prior_guidance_extraction.py,earnings_guidance_event_family;prior_company_guidance;expectation_baseline;event_risk_governor,sync_artifact,No-provider extraction pass that accepts explicit prior official guidance/outlook context and rejects generic forward-looking boilerplate.,2026-05-15 23:53:07.833931-04,2026-05-17 02:10:11.268482-04
scr_POGB001,script,MODEL_EARNINGS_GUIDANCE_PRIOR_OFFICIAL_BASELINE_SOURCE_AUDIT,text,PYTHONPATH=src python3 scripts/models/model_09_event_risk_governor/run_earnings_guidance_prior_official_baseline_audit.py,trading-model/scripts/models/model_09_event_risk_governor/run_earnings_guidance_prior_official_baseline_audit.py,earnings_guidance_event_family;prior_company_guidance;expectation_baseline;event_risk_governor,sync_artifact,No-provider model audit that consumes SEC submission rows and selects pre-event official filing candidates for prior-company-guidance baselines.,2026-05-15 23:29:38.290383-04,2026-05-17 02:10:11.268482-04
scr_POGB002,script,MODEL_EARNINGS_GUIDANCE_PRIOR_OFFICIAL_DOCUMENT_COVERAGE,text,PYTHONPATH=src python3 scripts/models/model_09_event_risk_governor/run_earnings_guidance_prior_official_document_coverage.py,trading-model/scripts/models/model_09_event_risk_governor/run_earnings_guidance_prior_official_document_coverage.py,earnings_guidance_event_family;prior_company_guidance;expectation_baseline;event_risk_governor,sync_artifact,No-provider coverage check that confirms selected prior official filing documents have local text artifacts before reviewed prior-guidance extraction.,2026-05-15 23:29:38.290383-04,2026-05-17 02:10:11.268482-04
scr_EGRS002,script,MODEL_EARNINGS_GUIDANCE_READINESS_SCOUT,text,PYTHONPATH=src python3 scripts/models/model_09_event_risk_governor/run_earnings_guidance_readiness_scout.py,trading-model/scripts/models/model_09_event_risk_governor/run_earnings_guidance_readiness_scout.py,earnings_guidance_event_family;event_family_scouting_packet_v1;event_risk_governor;model_promotion,sync_artifact,"Deterministic local readiness audit for official guidance interpretation, expectation baselines, and signed-direction eligibility; performs no provider calls.",2026-05-15 19:27:36.790135-04,2026-05-17 02:10:11.268482-04
scr_EGRS001,script,MODEL_EARNINGS_GUIDANCE_RESULT_ARTIFACT_SCOUT,text,PYTHONPATH=src python3 scripts/models/model_09_event_risk_governor/run_earnings_guidance_result_artifact_scout.py,trading-model/scripts/models/model_09_event_risk_governor/run_earnings_guidance_result_artifact_scout.py,earnings_guidance_event_family;event_family_scouting_packet_v1;activity_price_relationship_study;event_risk_governor,sync_artifact,Deterministic local study entrypoint that joins canonical earnings shells to official SEC submission/companyfacts artifacts and records partial result interpretation without claiming guidance surprise or signed alpha.,2026-05-15 11:59:42.586793-04,2026-05-17 02:10:11.268482-04
scr_EGTCS001,script,MODEL_EARNINGS_GUIDANCE_TEXT_CANDIDATE_SCOUT,text,PYTHONPATH=src python3 scripts/models/model_09_event_risk_governor/run_earnings_guidance_text_candidate_scout.py,trading-model/scripts/models/model_09_event_risk_governor/run_earnings_guidance_text_candidate_scout.py,earnings_guidance_event_family;event_family_scouting_packet_v1;event_risk_governor;model_promotion,sync_artifact,Deterministic local scout that extracts guidance/outlook-like candidate spans from acquired official document text; candidates remain review-required and perform no provider calls.,2026-05-15 22:12:43.899145-04,2026-05-17 02:10:11.268482-04
scr_EOAS001,script,MODEL_EARNINGS_OPTION_ABNORMALITY_SPLIT_SCOUT,text,PYTHONPATH=src python3 scripts/models/model_09_event_risk_governor/run_earnings_option_abnormality_split_scout.py,trading-model/scripts/models/model_09_event_risk_governor/run_earnings_option_abnormality_split_scout.py,earnings_guidance_event_family;option_derivatives_abnormality;event_family_scouting_packet_v1;activity_price_relationship_study;event_risk_governor,sync_artifact,Deterministic local study entrypoint that joins canonical earnings shells to reviewed option-abnormality evidence and blocks the amplifier claim when verified earnings-without-option-abnormality controls are absent.,2026-05-15 12:09:07.226656-04,2026-05-17 02:10:11.268482-04
scr_EOCV001,script,MODEL_EARNINGS_OPTION_CONTROL_VERIFICATION,text,PYTHONPATH=src python3 scripts/models/model_09_event_risk_governor/run_earnings_option_control_verification.py,trading-model/scripts/models/model_09_event_risk_governor/run_earnings_option_control_verification.py,earnings_guidance_event_family;option_derivatives_abnormality;event_family_scouting_packet_v1;activity_price_relationship_study;event_risk_governor,sync_artifact,Deterministic local summarizer for contract-level earnings option-event probes; records whether sampled earnings-without-option-abnormality controls exist without making provider calls itself.,2026-05-15 12:31:19.699744-04,2026-05-17 02:10:11.268482-04
scr_MODEL_GOV_EVAL001,script,MODEL_EVALUATION_ARTIFACT_PERSISTENCE,text,PYTHONPATH=src python3 scripts/model_governance/persist_evaluation_artifacts.py,trading-model/scripts/model_governance/persist_evaluation_artifacts.py,trading-model;model_governance;model_dataset_snapshot;model_dataset_split;model_eval_label;model_eval_run;model_promotion_metric;no_model_activation;no_broker_execution,sync_artifact,"Model-owned idempotent entrypoint for persisting evaluation artifact table rows into trading_model governance tables. It writes dataset/evaluation/metric evidence only and does not create manager decisions, activate configs, call providers, or mutate broker/account state.",2026-05-11 11:00:59.075997-04,2026-05-17 02:10:11.268482-04
scr_OANS001,script,MODEL_OPTION_ABNORMALITY_NON_EARNINGS_SATURATION,text,PYTHONPATH=src python3 scripts/models/model_09_event_risk_governor/run_option_abnormality_non_earnings_saturation.py,trading-model/scripts/models/model_09_event_risk_governor/run_option_abnormality_non_earnings_saturation.py,option_derivatives_abnormality;earnings_guidance_event_family;activity_price_relationship_study;event_risk_governor,sync_artifact,Deterministic local diagnostic that checks whether reviewed non-earnings symbol/date windows can furnish clean no-option-abnormality controls under the current option-event standard.,2026-05-15 19:14:12.03455-04,2026-05-17 02:10:11.268482-04
scr_MODEL_RTD001,script,MODEL_REALTIME_DECISION_HANDOFF_PLAN,command,PYTHONPATH=src python3 scripts/models/plan_realtime_decision_handoff.py ${DECISION_INPUT_JSON},trading-model/scripts/models/plan_realtime_decision_handoff.py,trading-model;model_realtime_decision_route_plan;execution_model_decision_input_snapshot;fixture_replay;shadow_monitoring,sync_artifact,Builds a model_realtime_decision_route_plan from an execution realtime model decision input snapshot. The script is local and does not run model generators or activate production configs.,2026-05-11 05:20:41.777044-04,2026-05-17 02:10:11.268482-04
scr_MODEL_RTD002,script,MODEL_REALTIME_DECISION_HANDOFF_VALIDATE,command,PYTHONPATH=src python3 scripts/models/validate_realtime_decision_handoff.py ${HANDOFF_JSON},trading-model/scripts/models/validate_realtime_decision_handoff.py,trading-model;model_realtime_decision_input_validation;model_realtime_decision_route_plan_validation;no_model_activation,sync_artifact,"Validates execution realtime decision input snapshots or model realtime route plans without provider calls, model activation, order construction, persistence, or account mutation.",2026-05-11 05:20:41.777044-04,2026-05-17 02:10:11.268482-04
scr_SSNEOCV001,script,MODEL_SAME_SYMBOL_NON_EARNINGS_OPTION_CONTROL_VERIFICATION,text,PYTHONPATH=src python3 scripts/models/model_09_event_risk_governor/run_same_symbol_non_earnings_option_control_verification.py,trading-model/scripts/models/model_09_event_risk_governor/run_same_symbol_non_earnings_option_control_verification.py,earnings_guidance_event_family;option_derivatives_abnormality;event_family_scouting_packet_v1;activity_price_relationship_study;event_risk_governor,sync_artifact,Deterministic local summarizer for same-symbol non-earnings option-event receipt controls; records whether clean no-option-abnormality controls exist without making provider calls itself.,2026-05-15 12:45:23.922205-04,2026-05-17 02:10:11.268482-04
scr_MPC004,script,REVIEW_LAYER_03_TARGET_STATE_VECTOR_PRODUCTION_SUBSTRATE,text,PYTHONPATH=src python3 scripts/models/model_03_target_state_vector/review_target_state_vector_production_substrate.py --write-decision,trading-model/scripts/models/model_03_target_state_vector/review_target_state_vector_production_substrate.py,model_governance;model_promotion;promotion_review;layer_3;target_state_vector;production_eval_substrate,registry_only,"Stable callable entrypoint for rebuilding the Layer 3 real production-evaluation substrate, generating model_03 rows from feature_03 rows, building labels/metrics, invoking the reviewer agent, and persisting the reviewed decision without activating deferred/rejected configs.",2026-05-08 01:25:17.308048-04,2026-05-17 02:10:11.268482-04
scr_MPC003,script,REVIEW_LAYERS_03_08_PROMOTION_CLOSEOUT,text,PYTHONPATH=src python3 scripts/models/review_layers_03_08_promotion_closeout.py --all --write-decision,trading-model/scripts/models/review_layers_03_08_promotion_closeout.py,model_governance;model_promotion;promotion_review;layers_3_8,registry_only,"Stable callable promotion-closeout entrypoint for Layers 3-8. It builds blocked evaluation artifacts where production eval substrate is missing, calls the reviewer agent, persists the decision, and never activates deferred/rejected candidates.",2026-05-08 01:11:31.299633-04,2026-05-17 02:10:11.268482-04
scr_TL2CTXREV001,script,REVIEW_TARGET_LAYER2_CONTEXT_MAPPING,command,PYTHONPATH=src python3 scripts/tasks/review_target_layer2_context_mapping.py --target-symbol ${TARGET_SYMBOL} --write,/root/projects/trading-manager/scripts/tasks/review_target_layer2_context_mapping.py,target_layer2_context_agent_review;target_layer2_context_agent_review_request;target_layer2_context_agent_review_decision;target_layer2_context_mapping_v1,sync_artifact,Stable callable script for creating or calling a reviewer-agent pass over target-to-Layer-2 context mapping rows. Actual agent invocation requires explicit reviewed runner configuration.,2026-05-14 06:02:47.364876-04,2026-05-17 02:10:11.268482-04
scr_F3TSSRC,script,SOURCE_03_TARGET_STATE_BUILD,command,trading-data-source-03-target-state,/root/projects/trading-data/src/data_source/source_03_target_state/__main__.py,trading-data;source_03_target_state;feature_03_target_state_vector;target_state_vector_model,sync_artifact,Stable callable entrypoint for normalizing Layer 3 target-local observed bars/liquidity evidence into source_03_target_state rows. Raw symbol is retained only as source/audit/routing metadata.,2026-05-05 22:20:47.22782-04,2026-05-17 02:10:11.268482-04
scr_SLC009,script,STORAGE_ARTIFACT_INDEX_BUILD,command,PYTHONPATH=src python3 scripts/lifecycle/build_artifact_index.py,/root/projects/trading-storage/scripts/lifecycle/build_artifact_index.py,storage_artifact_index_summary_v1;artifact_index;trading-storage;storage_lifecycle;protected_set_preparation,sync_artifact,"Build a conservative filesystem artifact-index inventory for storage-owned artifacts. Default scan is bounded to storage/artifacts; callers may add explicit bounded include roots. The command mutates no indexed payloads and does not authorize production deletion, archive, SQL detach/drop, model activation, broker execution, or account mutation.",2026-05-16 04:41:46.305255-04,2026-05-17 02:10:11.268482-04
scr_MTS007,script,STORAGE_COMPLETION_RECEIPT_PAYLOAD_STORE,command,PYTHONPATH=src python3 scripts/artifacts/store_completion_receipt_payload.py,/root/projects/trading-storage/scripts/artifacts/store_completion_receipt_payload.py,component_completion_receipt_payload;artifact_ref;trading-storage;task_system,sync_artifact,Store component completion receipt JSON as a storage-owned payload artifact and emit artifact_ref metadata.,2026-05-09 03:37:20.913497-04,2026-05-17 02:10:11.268482-04
scr_DASHRM006,script,STORAGE_CURRENT_SYSTEM_STATUS_REFRESH,command,PYTHONPATH=src python3 scripts/dashboard/refresh_current_system_status_read_model.py,/root/projects/trading-storage/scripts/dashboard/refresh_current_system_status_read_model.py,current_system_status_summary;trading-storage;dashboard_read_model;refresh;infrastructure_status,sync_artifact,Refresh current_system_status_summary into the storage-owned dashboard read-model layout.,2026-05-12 11:58:01.143536-04,2026-05-17 02:10:11.268482-04
scr_DASHRM001,script,STORAGE_DASHBOARD_READ_MODEL_MATERIALIZE,command,PYTHONPATH=src python3 scripts/dashboard/materialize_read_model.py,/root/projects/trading-storage/scripts/dashboard/materialize_read_model.py,dashboard_read_model;trading-storage;storage/dashboard;latest_snapshot;schema_validation;dashboard_read_model_index,sync_artifact,"Validate one producer-supplied dashboard read-model JSON envelope and materialize storage-owned snapshot/latest/schema/index files. This helper does not create semantic summaries, refresh jobs, dashboard UI, provider calls, model activation, broker execution, or account mutation.",2026-05-12 04:21:29.42226-04,2026-05-17 02:10:11.268482-04
scr_SDB004,script,STORAGE_DASHBOARD_SNAPSHOT_PRUNE,command,PYTHONPATH=src python3 scripts/dashboard/prune_dashboard_snapshots.py,/root/projects/trading-storage/scripts/dashboard/prune_dashboard_snapshots.py,dashboard_snapshot_prune_plan_v1;dashboard_snapshot_prune_receipt_v1;dashboard_snapshot_prune_summary_v1;dashboard_read_model_snapshot_metadata;storage_lifecycle;trading-storage,sync_artifact,"Plans or applies bounded deletion of old storage/dashboard/read_models/*/snapshots/**/*.json dashboard metadata snapshots. Default is dry-run; --apply deletes eligible snapshot files only. It preserves latest.json, schemas, dashboard index rows, Layer 1/2 persistent data, SQL data, model bodies, receipts, and manifests.",2026-05-16 05:35:39.78286-04,2026-05-17 02:10:11.268482-04
scr_SLC015,script,STORAGE_FILE_LIFECYCLE_CLOSEOUT_RUN,command,PYTHONPATH=src python3 scripts/lifecycle/run_file_lifecycle_closeout.py,/root/projects/trading-storage/scripts/lifecycle/run_file_lifecycle_closeout.py;/root/projects/trading-storage/src/trading_storage/file_lifecycle_closeout.py,storage_file_lifecycle_closeout_v1;storage_file_lifecycle_closeout_summary_v1;storage_artifact_index_v1;storage_protected_set_v1;storage_lifecycle_plan_v1;storage_quarantine_recheck_evidence_v1;storage_lifecycle_execution_scaffold_v1;storage_single_file_compression_result_v1;dashboard_snapshot_prune_plan_v1,sync_artifact,"Runs the complete safe file-lifecycle pass: artifact index, protected set, dry-run lifecycle plan, quarantine/recheck evidence, execution scaffold, optional compressed-copy creation for unprotected compress_candidate files, and dashboard snapshot prune dry-run. It preserves originals and performs no artifact-index mutation, quarantine move, SQL mutation, model activation, broker execution, account mutation, or dashboard snapshot deletion unless a later explicitly approved apply flag is used.",2026-05-16 06:16:28.943397-04,2026-05-17 02:10:11.268482-04
scr_DASHRM003,script,STORAGE_HISTORICAL_TASK_PROGRESS_READ_MODEL_REFRESH,command,PYTHONPATH=src python3 scripts/dashboard/refresh_historical_task_progress_read_model.py --trading-manager-root /root/projects/trading-manager --storage-root storage,/root/projects/trading-storage/scripts/dashboard/refresh_historical_task_progress_read_model.py,historical_task_progress_summary;dashboard_read_model;trading-storage;refresh;materialization;trading-manager_producer,sync_artifact,"Run the manager-owned historical_task_progress_summary semantic producer and materialize the validated dashboard read model under trading-storage storage/dashboard. Performs no provider calls, model activation, broker execution, or account mutation.",2026-05-12 04:53:27.184015-04,2026-05-17 02:10:11.268482-04
scr_SLC013,script,STORAGE_LIFECYCLE_EXECUTION_SCAFFOLD_BUILD,command,PYTHONPATH=src python3 scripts/lifecycle/build_lifecycle_execution_scaffold.py,/root/projects/trading-storage/scripts/lifecycle/build_lifecycle_execution_scaffold.py,storage_lifecycle_execution_scaffold_v1;storage_lifecycle_execution_scaffold_summary_v1;compression_manifest_draft_v1;compression_receipt_draft_v1;sql_archive_manifest_draft_v1;archive_receipt_draft_v1;restore_receipt_draft_v1;storage_lifecycle;trading-storage,sync_artifact,"Build non-mutating compression/archive/restore manifest and receipt drafts from a dry-run storage lifecycle plan. The command records planned-not-executed compression, archive, and restore evidence only; it performs no compression, archive export, restore materialization, artifact-index mutation, lifecycle mutation, quarantine move, deletion, SQL detach/drop, model activation, broker execution, or account mutation.",2026-05-16 05:16:16.619497-04,2026-05-17 02:10:11.268482-04
scr_SLC011,script,STORAGE_LIFECYCLE_PLAN_DRY_RUN,command,PYTHONPATH=src python3 scripts/lifecycle/plan_storage_lifecycle.py,/root/projects/trading-storage/scripts/lifecycle/plan_storage_lifecycle.py,storage_lifecycle_plan_v1;storage_lifecycle_plan_summary_v1;artifact_index;protected_set;storage_lifecycle;trading-storage,sync_artifact,"Build a dry-run durable-artifact lifecycle plan from storage artifact-index metadata, protected-set evidence, and reviewed policy rules. The command emits retain/compress/quarantine/archive candidate recommendations only; it performs no lifecycle mutation, deletion, archive, SQL detach/drop, model activation, broker execution, or account mutation.",2026-05-16 04:52:46.506605-04,2026-05-17 02:10:11.268482-04
scr_SLC010,script,STORAGE_PROTECTED_SET_BUILD,command,PYTHONPATH=src python3 scripts/lifecycle/build_protected_set.py,/root/projects/trading-storage/scripts/lifecycle/build_protected_set.py,storage_protected_set_v1;storage_protected_set_summary_v1;protected_set;trading-storage;storage_lifecycle,sync_artifact,"Build conservative protected-set safety evidence from storage artifact-index records plus optional protected reason refs, manual pins, and mutation candidates. The command mutates no indexed payloads and does not authorize production deletion, archive, SQL detach/drop, model activation, broker execution, or account mutation.",2026-05-16 04:48:56.323507-04,2026-05-17 02:10:11.268482-04
scr_DASHRM007,script,STORAGE_PUBLIC_DASHBOARD_READ_MODELS_REFRESH,command,PYTHONPATH=src python3 scripts/dashboard/refresh_public_dashboard_read_models.py,/root/projects/trading-storage/scripts/dashboard/refresh_public_dashboard_read_models.py,trading-storage;dashboard_read_model;refresh_batch;current_system_status_summary;historical_task_progress_summary,sync_artifact,Refresh the public dashboard read-model set served to trading-dashboard: current infrastructure status plus historical task progress.,2026-05-12 11:58:01.143536-04,2026-05-17 02:10:11.268482-04
scr_SLC012,script,STORAGE_QUARANTINE_RECHECK_EVIDENCE_BUILD,command,PYTHONPATH=src python3 scripts/lifecycle/build_quarantine_recheck_evidence.py,/root/projects/trading-storage/scripts/lifecycle/build_quarantine_recheck_evidence.py,storage_quarantine_recheck_evidence_v1;storage_quarantine_recheck_summary_v1;storage_lifecycle_plan_v1;protected_set;storage_lifecycle;trading-storage,sync_artifact,"Build report-only quarantine/recheck evidence from a dry-run storage lifecycle plan and optional final protected-set evidence. The command records quarantine candidate, initial protection, and final recheck status only; it performs no lifecycle mutation, quarantine move, deletion, archive, SQL detach/drop, model activation, broker execution, or account mutation, and it never authorizes deletion.",2026-05-16 05:02:11.63025-04,2026-05-17 02:10:11.268482-04
scr_SLC014,script,STORAGE_SINGLE_FILE_COMPRESSION_EXECUTE,command,PYTHONPATH=src python3 scripts/lifecycle/compress_single_file_candidates.py,/root/projects/trading-storage/scripts/lifecycle/compress_single_file_candidates.py,storage_single_file_compression_result_v1;storage_single_file_compression_summary_v1;compression_manifest_v1;compression_receipt_v1;restore_receipt_v1;compress_candidate;storage_lifecycle;trading-storage,sync_artifact,"Safely compress unprotected single-file storage lifecycle compress_candidate rows to zstd compressed copies under storage/archive/compressed. Default mode is dry-run; --apply writes compressed copies only, preserves originals, verifies decompression checksum smoke, and emits compression/restore receipts. The command performs no original deletion, artifact-index mutation, quarantine move, SQL archive/export, SQL detach/drop, model activation, broker execution, or account mutation.",2026-05-16 05:24:58.970536-04,2026-05-17 02:10:11.268482-04
scr_TRC001,script,TRADE_RISK_CAP_VALIDATE,command,PYTHONPATH=src python3 scripts/execution/validate_trade_risk_cap.py,/root/projects/trading-execution/scripts/execution/validate_trade_risk_cap.py,trade_risk_cap;decision_record;trading-execution;order_construction;execution_safety,sync_artifact,Validate a unified decision record trade_risk_cap before order construction. Missing or invalid caps exit non-zero and require reject_order.,2026-05-09 03:37:20.913497-04,2026-05-17 02:10:11.268482-04
out_MKTETFUNI,shared_artifact,MARKET_REGIME_ETF_UNIVERSE_SHARED_CSV,file,trading-storage/main/shared/layer_01_02_market_context_etf_universe.csv,/root/projects/trading-storage/main/shared/layer_01_02_market_context_etf_universe.csv,trading-storage;trading-data;trading-model;market_regime_model;sector_context_model,sync_artifact,"Shared curated ETF universe for Layer 1 market-state instruments and Layer 2 sector/industry/theme observation instruments. The model_layer column is the authoritative Layer 1/Layer 2 scope discriminator; universe_type remains descriptive row classification. Single-asset crypto ETFs such as IBIT, ETHA, and FSOL are target/proxy instruments by default and are intentionally excluded from this Layer 1/2 context universe.",2026-04-28 03:44:05.912602-04,2026-05-17 02:10:11.268482-04
out_MRRS001,shared_artifact,MARKET_REGIME_RELATIVE_STRENGTH_COMBINATIONS_SHARED_CSV,file,trading-storage/main/shared/layer_01_02_market_context_relative_strength_combinations.csv,/root/projects/trading-storage/main/shared/layer_01_02_market_context_relative_strength_combinations.csv,trading-storage;trading-data;trading-model;market_regime_model;sector_context_model;source_01_market_regime,sync_artifact,Shared curated relative-strength combination table for market-context feature generation. The model_layer column is the authoritative Layer 1/Layer 2 scope discriminator; Layer 1 consumes layer_01_market_regime rows and Layer 2 consumes layer_02_sector_context rows. Single-asset crypto ETF proxy pairs are excluded by default; use them only inside target-specific crypto studies.,2026-04-29 16:50:49.380922-04,2026-05-17 02:10:11.268482-04
art_SLC002,shared_artifact,STORAGE_ARTIFACT_INDEX,text,artifact_index;dependency_graph,trading-storage/docs/92_artifact_index.md,trading-storage;artifact_index;dependency_graph;protected_set;storage_lifecycle,sync_artifact,Storage-owned artifact index and dependency graph required before production lifecycle mutation.,2026-05-10 06:20:40.262444-04,2026-05-17 02:10:11.268482-04
out_TL2CTX001,shared_artifact,TARGET_LAYER2_CONTEXT_MAPPING_SHARED_CSV,file,trading-storage/main/shared/layer_02_target_context_mapping.csv,/root/projects/trading-storage/main/shared/layer_02_target_context_mapping.csv,trading-storage;trading-manager;trading-data;trading-model;target_layer2_context_mapping;target_layer2_context_mapping_v1;crypto_target_proxy;layer_03_plus_target_study;target_context_business_mapping;equity_business_context,sync_artifact,Reviewed target-to-Layer-2 context and auxiliary proxy mapping. Layer 3+ target studies use this to map non-equity or externally scoped targets such as BTC/ETH/SOL to Layer 2 context while keeping single-asset ETF proxies out of Layer 1/2 context universes. It also supports multi-row equity business mappings such as AAOI to AIQ/XLK/SMH/XLC when each row has a reviewed context role.,2026-05-14 05:41:34.037666-04,2026-05-17 02:10:11.268482-04
fld_ACMV1004,state_vector_value,ALPHA_CONFIDENCE_SCORE_BY_HORIZON,field_name,5_alpha_confidence_score_<horizon>,trading-model/docs/06_layer_05_alpha_confidence.md,alpha_confidence_vector;model_05_alpha_confidence;alpha_confidence_model;model_evaluation;promotion_evidence,registry_only,Layer 5 AlphaConfidence using current 5_* field tokens final adjusted score family for model confidence in the alpha judgment by horizon; confidence is not alpha strength and not a trade instruction.,2026-05-07 00:54:53.93801-04,2026-05-17 02:23:46.500631-04
fld_ACMV1001,state_vector_value,ALPHA_DIRECTION_SCORE_BY_HORIZON,field_name,5_alpha_direction_score_<horizon>,trading-model/docs/06_layer_05_alpha_confidence.md,alpha_confidence_vector;model_05_alpha_confidence;alpha_confidence_model;market_context_state;sector_context_state;target_context_state;event_failure_risk_vector;model_evaluation;promotion_evidence,registry_only,"Layer 5 AlphaConfidence using current 5_* field tokens signed final adjusted score family for horizon-aware alpha direction; positive is long alpha, negative is short alpha, and this is not a buy/sell/hold action.",2026-05-07 00:54:53.93801-04,2026-05-17 02:23:46.500631-04
fld_ACMV1003,state_vector_value,ALPHA_EXPECTED_RETURN_SCORE_BY_HORIZON,field_name,5_expected_return_score_<horizon>,trading-model/docs/06_layer_05_alpha_confidence.md,alpha_confidence_vector;model_05_alpha_confidence;alpha_confidence_model;model_evaluation;promotion_evidence,registry_only,Layer 5 AlphaConfidence using current 5_* field tokens signed final adjusted score family for standardized residual expected return by horizon after market/sector baseline adjustment and before position projection.,2026-05-07 00:54:53.93801-04,2026-05-17 02:23:46.500631-04
fld_ACMV1002,state_vector_value,ALPHA_STRENGTH_SCORE_BY_HORIZON,field_name,5_alpha_strength_score_<horizon>,trading-model/docs/06_layer_05_alpha_confidence.md,alpha_confidence_vector;model_05_alpha_confidence;alpha_confidence_model;model_evaluation;promotion_evidence,registry_only,Layer 5 AlphaConfidence using current 5_* field tokens final adjusted score family for absolute alpha strength by horizon regardless of long/short sign.,2026-05-07 00:54:53.93801-04,2026-05-17 02:23:46.500631-04
fld_ACMV1009,state_vector_value,ALPHA_TRADABILITY_SCORE_BY_HORIZON,field_name,5_alpha_tradability_score_<horizon>,trading-model/docs/06_layer_05_alpha_confidence.md,alpha_confidence_model;alpha_confidence_vector;model_06_position_projection;position_projection_model;position_projection_vector;model_07_underlying_action;underlying_action_model;underlying_action_plan;underlying_action_vector,registry_only,"Layer 5 AlphaConfidence using current 5_* field tokens final adjusted alpha-level suitability score for Layer 6 position projection and Layer 7 underlying-action planning by horizon; this is not target exposure, planned quantity, an order instruction, option expression, or final action.",2026-05-07 00:54:53.93801-04,2026-05-17 02:23:46.500631-04
fld_MRMV22007,state_vector_value,BREADTH_PARTICIPATION_SCORE,field_name,1_breadth_participation_score,,model_01_market_regime;market_context_state;direction_neutral_tradability,registry_only,Layer 1 MarketRegime state-vector value for broad participation and breadth support.,2026-05-05 09:41:11.670053-04,2026-05-17 02:10:11.268482-04
fld_TSV050,state_vector_value,CONTEXT_DIRECTION_ALIGNMENT_SCORE_BY_WINDOW,field_name,3_context_direction_alignment_score_<window>,trading-model/src/models/model_03_target_state_vector/contract.py,score_payload;target_context_state;model_03_target_state_vector;target_state_vector_model;model_evaluation;promotion_evidence,registry_only,Layer 3 signed target/sector/market direction-alignment score pattern by synchronized state window.,2026-05-05 22:49:28.637117-04,2026-05-17 02:10:11.268482-04
fld_TSV051,state_vector_value,CONTEXT_SUPPORT_QUALITY_SCORE_BY_WINDOW,field_name,3_context_support_quality_score_<window>,trading-model/src/models/model_03_target_state_vector/contract.py,score_payload;target_context_state;model_03_target_state_vector;target_state_vector_model;model_evaluation;promotion_evidence,registry_only,Layer 3 direction-neutral market/sector context support-quality score pattern by synchronized state window.,2026-05-05 22:49:28.637117-04,2026-05-17 02:10:11.268482-04
fld_MRMV22008,state_vector_value,CORRELATION_CROWDING_SCORE,field_name,1_correlation_crowding_score,,model_01_market_regime;market_context_state;direction_neutral_tradability,registry_only,Layer 1 MarketRegime state-vector value for correlation/crowding and risk-on/risk-off background.,2026-05-05 09:41:11.670053-04,2026-05-17 02:10:11.268482-04
fld_PPV1007,state_vector_value,COST_TO_ADJUST_POSITION_SCORE_BY_HORIZON,field_name,6_cost_to_adjust_position_score_<horizon>,trading-model/docs/07_layer_06_position_projection.md,position_projection_vector;position_projection_model;position_level_friction_context;position_gap;model_evaluation;promotion_evidence,registry_only,Layer 5 high-is-bad score family for relative cost pressure required to close the position gap by horizon. It is not a no-trade action.,2026-05-07 02:36:52.773746-04,2026-05-17 02:10:11.268482-04
fld_PPV1003,state_vector_value,CURRENT_POSITION_ALIGNMENT_SCORE_BY_HORIZON,field_name,6_current_position_alignment_score_<horizon>,trading-model/docs/07_layer_06_position_projection.md,position_projection_vector;position_projection_model;current_position_state;pending_position_state;model_evaluation;promotion_evidence,registry_only,Layer 6 high-is-good score family for how closely current plus pending exposure already matches projected target exposure by horizon.,2026-05-07 02:36:52.773746-04,2026-05-17 02:10:11.268482-04
fld_MRMV22009,state_vector_value,DISPERSION_OPPORTUNITY_SCORE,field_name,1_dispersion_opportunity_score,,model_01_market_regime;market_context_state;direction_neutral_tradability,registry_only,Layer 1 MarketRegime state-vector value for broad dispersion/opportunity context.,2026-05-05 09:41:11.670053-04,2026-05-17 02:10:11.268482-04
fld_ACMV1008,state_vector_value,DRAWDOWN_RISK_SCORE_BY_HORIZON,field_name,5_drawdown_risk_score_<horizon>,trading-model/docs/06_layer_05_alpha_confidence.md,alpha_confidence_vector;model_05_alpha_confidence;alpha_confidence_model;model_evaluation;promotion_evidence,registry_only,"Layer 5 AlphaConfidence using current 5_* field tokens high-is-bad final adjusted score family for adverse excursion, MAE, or drawdown risk by horizon.",2026-05-07 00:54:53.93801-04,2026-05-17 02:23:46.500631-04
fld_EOMV1010,state_vector_value,EVENT_CONTAGION_RISK_SCORE_BY_HORIZON,field_name,9_event_contagion_risk_score_<horizon>,trading-model/docs/10_layer_09_event_risk_governor.md,event_context_vector;model_09_event_risk_governor;event_risk_governor;model_evaluation;promotion_evidence,registry_only,current model_09_event_risk_governor / Layer 9 EventRiskGovernor high-is-bad score family for cross-scope event transmission or contagion risk by horizon.,2026-05-07 00:33:21.983536-04,2026-05-17 02:20:25.031338-04
fld_EOMV1005,state_vector_value,EVENT_CONTEXT_ALIGNMENT_SCORE_BY_HORIZON,field_name,9_event_context_alignment_score_<horizon>,trading-model/docs/10_layer_09_event_risk_governor.md,event_context_vector;model_09_event_risk_governor;event_risk_governor;target_context_state;model_evaluation;promotion_evidence,registry_only,current model_09_event_risk_governor / Layer 9 EventRiskGovernor score family for whether event evidence supports or conflicts with current target_context_state by horizon.,2026-05-07 00:33:21.983536-04,2026-05-17 02:20:25.031338-04
fld_EOMV1011,state_vector_value,EVENT_CONTEXT_QUALITY_SCORE_BY_HORIZON,field_name,9_event_context_quality_score_<horizon>,trading-model/docs/10_layer_09_event_risk_governor.md,event_context_vector;model_09_event_risk_governor;event_risk_governor;model_evaluation;promotion_evidence,registry_only,current model_09_event_risk_governor / Layer 9 EventRiskGovernor high-is-good score family for event evidence quality by horizon.,2026-05-07 00:33:21.983536-04,2026-05-17 02:20:25.031338-04
fld_EOMV1004,state_vector_value,EVENT_DIRECTION_BIAS_SCORE_BY_HORIZON,field_name,9_event_direction_bias_score_<horizon>,trading-model/docs/10_layer_09_event_risk_governor.md,event_context_vector;model_09_event_risk_governor;event_risk_governor;model_evaluation;promotion_evidence,registry_only,current model_09_event_risk_governor / Layer 9 EventRiskGovernor score family for signed target-conditioned event direction bias by horizon; this is not alpha confidence.,2026-05-07 00:33:21.983536-04,2026-05-17 02:20:25.031338-04
fld_EOMV1007,state_vector_value,EVENT_GAP_RISK_SCORE_BY_HORIZON,field_name,9_event_gap_risk_score_<horizon>,trading-model/docs/10_layer_09_event_risk_governor.md,event_context_vector;model_09_event_risk_governor;event_risk_governor;model_evaluation;promotion_evidence,registry_only,current model_09_event_risk_governor / Layer 9 EventRiskGovernor high-is-bad score family for event-driven gap or discrete jump risk by horizon.,2026-05-07 00:33:21.983536-04,2026-05-17 02:20:25.031338-04
fld_EOMV1014,state_vector_value,EVENT_INDUSTRY_IMPACT_SCORE_BY_HORIZON,field_name,9_event_industry_impact_score_<horizon>,trading-model/docs/10_layer_09_event_risk_governor.md,event_context_vector;model_09_event_risk_governor;event_risk_governor;model_evaluation;promotion_evidence,registry_only,current model_09_event_risk_governor / Layer 9 EventRiskGovernor score family for industry impact strength by horizon.,2026-05-07 00:33:21.983536-04,2026-05-17 02:20:25.031338-04
fld_EOMV1003,state_vector_value,EVENT_INTENSITY_SCORE_BY_HORIZON,field_name,9_event_intensity_score_<horizon>,trading-model/docs/10_layer_09_event_risk_governor.md,event_context_vector;model_09_event_risk_governor;event_risk_governor;model_evaluation;promotion_evidence,registry_only,current model_09_event_risk_governor / Layer 9 EventRiskGovernor score family for event information-shock or attention intensity by horizon.,2026-05-07 00:33:21.983536-04,2026-05-17 02:20:25.031338-04
fld_EOMV1009,state_vector_value,EVENT_LIQUIDITY_DISRUPTION_SCORE_BY_HORIZON,field_name,9_event_liquidity_disruption_score_<horizon>,trading-model/docs/10_layer_09_event_risk_governor.md,event_context_vector;model_09_event_risk_governor;event_risk_governor;model_evaluation;promotion_evidence,registry_only,"current model_09_event_risk_governor / Layer 9 EventRiskGovernor high-is-bad score family for event-driven spread, depth, slippage, or liquidity-disruption risk by horizon.",2026-05-07 00:33:21.983536-04,2026-05-17 02:20:25.031338-04
fld_EOMV1012,state_vector_value,EVENT_MARKET_IMPACT_SCORE_BY_HORIZON,field_name,9_event_market_impact_score_<horizon>,trading-model/docs/10_layer_09_event_risk_governor.md,event_context_vector;model_09_event_risk_governor;event_risk_governor;market_context_state;model_evaluation;promotion_evidence,registry_only,current model_09_event_risk_governor / Layer 9 EventRiskGovernor score family for broad-market impact strength by horizon.,2026-05-07 00:33:21.983536-04,2026-05-17 02:20:25.031338-04
fld_EOMV1018,state_vector_value,EVENT_MICROSTRUCTURE_IMPACT_SCORE_BY_HORIZON,field_name,9_event_microstructure_impact_score_<horizon>,trading-model/docs/10_layer_09_event_risk_governor.md,event_context_vector;model_09_event_risk_governor;event_risk_governor;model_evaluation;promotion_evidence,registry_only,"current model_09_event_risk_governor / Layer 9 EventRiskGovernor score family for spread, depth, halt, borrow, option-liquidity, IV, or order-flow microstructure impact by horizon.",2026-05-07 00:33:21.983536-04,2026-05-17 02:20:25.031338-04
fld_EOMV1016,state_vector_value,EVENT_PEER_GROUP_IMPACT_SCORE_BY_HORIZON,field_name,9_event_peer_group_impact_score_<horizon>,trading-model/docs/10_layer_09_event_risk_governor.md,event_context_vector;model_09_event_risk_governor;event_risk_governor;model_evaluation;promotion_evidence,registry_only,current model_09_event_risk_governor / Layer 9 EventRiskGovernor score family for peer-group impact strength by horizon.,2026-05-07 00:33:21.983536-04,2026-05-17 02:20:25.031338-04
fld_EOMV1001,state_vector_value,EVENT_PRESENCE_SCORE_BY_HORIZON,field_name,9_event_presence_score_<horizon>,trading-model/docs/10_layer_09_event_risk_governor.md,event_context_vector;model_09_event_risk_governor;event_risk_governor;model_evaluation;promotion_evidence,registry_only,current model_09_event_risk_governor / Layer 9 EventRiskGovernor score family for relevant event presence by horizon; presence is not good/bad by itself.,2026-05-07 00:33:21.983536-04,2026-05-17 02:20:25.031338-04
fld_EOMV1008,state_vector_value,EVENT_REVERSAL_RISK_SCORE_BY_HORIZON,field_name,9_event_reversal_risk_score_<horizon>,trading-model/docs/10_layer_09_event_risk_governor.md,event_context_vector;model_09_event_risk_governor;event_risk_governor;target_context_state;model_evaluation;promotion_evidence,registry_only,current model_09_event_risk_governor / Layer 9 EventRiskGovernor high-is-bad score family for event-driven reversal risk against current target context by horizon.,2026-05-07 00:33:21.983536-04,2026-05-17 02:20:25.031338-04
fld_EOMV1019,state_vector_value,EVENT_SCOPE_CONFIDENCE_SCORE_BY_HORIZON,field_name,9_event_scope_confidence_score_<horizon>,trading-model/docs/10_layer_09_event_risk_governor.md,event_context_vector;model_09_event_risk_governor;event_risk_governor;model_evaluation;promotion_evidence,registry_only,current model_09_event_risk_governor / Layer 9 EventRiskGovernor score family for confidence in event impact-scope classification by horizon.,2026-05-07 00:33:21.983536-04,2026-05-17 02:20:25.031338-04
fld_EOMV1020,state_vector_value,EVENT_SCOPE_ESCALATION_RISK_SCORE_BY_HORIZON,field_name,9_event_scope_escalation_risk_score_<horizon>,trading-model/docs/10_layer_09_event_risk_governor.md,event_context_vector;model_09_event_risk_governor;event_risk_governor;model_evaluation;promotion_evidence,registry_only,current model_09_event_risk_governor / Layer 9 EventRiskGovernor high-is-bad score family for lower-scope event escalation into higher-scope impact by horizon.,2026-05-07 00:33:21.983536-04,2026-05-17 02:20:25.031338-04
fld_EOMV1013,state_vector_value,EVENT_SECTOR_IMPACT_SCORE_BY_HORIZON,field_name,9_event_sector_impact_score_<horizon>,trading-model/docs/10_layer_09_event_risk_governor.md,event_context_vector;model_09_event_risk_governor;event_risk_governor;sector_context_state;model_evaluation;promotion_evidence,registry_only,current model_09_event_risk_governor / Layer 9 EventRiskGovernor score family for sector impact strength by horizon.,2026-05-07 00:33:21.983536-04,2026-05-17 02:20:25.031338-04
fld_EOMV1017,state_vector_value,EVENT_SYMBOL_IMPACT_SCORE_BY_HORIZON,field_name,9_event_symbol_impact_score_<horizon>,trading-model/docs/10_layer_09_event_risk_governor.md,event_context_vector;model_09_event_risk_governor;event_risk_governor;model_evaluation;promotion_evidence,registry_only,current model_09_event_risk_governor / Layer 9 EventRiskGovernor score family for target/symbol-scope impact strength by horizon; raw ticker identity remains outside fitting vectors.,2026-05-07 00:33:21.983536-04,2026-05-17 02:20:25.031338-04
fld_EOMV1021,state_vector_value,EVENT_TARGET_RELEVANCE_SCORE_BY_HORIZON,field_name,9_event_target_relevance_score_<horizon>,trading-model/docs/10_layer_09_event_risk_governor.md,event_context_vector;model_09_event_risk_governor;event_risk_governor;target_context_state;model_evaluation;promotion_evidence,registry_only,current model_09_event_risk_governor / Layer 9 EventRiskGovernor score family for event relevance to the current anonymous target candidate by horizon.,2026-05-07 00:33:21.983536-04,2026-05-17 02:20:25.031338-04
fld_EOMV1015,state_vector_value,EVENT_THEME_FACTOR_IMPACT_SCORE_BY_HORIZON,field_name,9_event_theme_factor_impact_score_<horizon>,trading-model/docs/10_layer_09_event_risk_governor.md,event_context_vector;model_09_event_risk_governor;event_risk_governor;model_evaluation;promotion_evidence,registry_only,current model_09_event_risk_governor / Layer 9 EventRiskGovernor score family for cross-industry theme/factor impact strength by horizon.,2026-05-07 00:33:21.983536-04,2026-05-17 02:20:25.031338-04
fld_EOMV1002,state_vector_value,EVENT_TIMING_PROXIMITY_SCORE_BY_HORIZON,field_name,9_event_timing_proximity_score_<horizon>,trading-model/docs/10_layer_09_event_risk_governor.md,event_context_vector;model_09_event_risk_governor;event_risk_governor;model_evaluation;promotion_evidence,registry_only,current model_09_event_risk_governor / Layer 9 EventRiskGovernor score family for proximity to a sensitive event window by horizon.,2026-05-07 00:33:21.983536-04,2026-05-17 02:20:25.031338-04
fld_EOMV1006,state_vector_value,EVENT_UNCERTAINTY_SCORE_BY_HORIZON,field_name,9_event_uncertainty_score_<horizon>,trading-model/docs/10_layer_09_event_risk_governor.md,event_context_vector;model_09_event_risk_governor;event_risk_governor;model_evaluation;promotion_evidence,registry_only,current model_09_event_risk_governor / Layer 9 EventRiskGovernor high-is-bad score family for event-driven information uncertainty by horizon.,2026-05-07 00:33:21.983536-04,2026-05-17 02:20:25.031338-04
fld_PPV1006,state_vector_value,EXPECTED_POSITION_UTILITY_SCORE_BY_HORIZON,field_name,6_expected_position_utility_score_<horizon>,trading-model/docs/07_layer_06_position_projection.md,position_projection_vector;position_projection_model;position_level_friction_context;risk_budget_context;model_evaluation;promotion_evidence,registry_only,Layer 5 signed score family for expected risk-adjusted net utility of the projected target holding state after position-level friction and risk penalties.,2026-05-07 02:36:52.773746-04,2026-05-17 02:10:11.268482-04
fld_SCMV22005,state_vector_value,MARKET_CONTEXT_SUPPORT_SCORE,field_name,2_market_context_support_score,trading-model/src/models/model_02_sector_context/sector_context_state_contract.md,model_02_sector_context;sector_context_state;sector_context_model;model_01_market_regime,registry_only,Layer 2 SectorContext state-vector value for market-context support quality inherited from Layer 1 conditioning.,2026-05-05 21:48:48.569953-04,2026-05-17 02:10:11.268482-04
fld_MRMV22001,state_vector_value,MARKET_DIRECTION_SCORE,field_name,1_market_direction_score,,model_01_market_regime;market_context_state;direction_neutral_tradability,registry_only,Layer 1 MarketRegime state-vector value for signed broad market direction evidence; sign is not a trade instruction or quality score.,2026-05-05 09:41:11.670053-04,2026-05-17 02:10:11.268482-04
fld_MRMV22002,state_vector_value,MARKET_DIRECTION_STRENGTH_SCORE,field_name,1_market_direction_strength_score,,model_01_market_regime;market_context_state;direction_neutral_tradability,registry_only,"Layer 1 MarketRegime state-vector value for broad market direction-evidence magnitude, separated from signed direction and trend quality.",2026-05-05 09:41:11.670053-04,2026-05-17 02:10:11.268482-04
fld_MRMV22010,state_vector_value,MARKET_LIQUIDITY_PRESSURE_SCORE,field_name,1_market_liquidity_pressure_score,,model_01_market_regime;market_context_state;direction_neutral_tradability,registry_only,Layer 1 MarketRegime state-vector value for market-wide liquidity pressure or cost stress.,2026-05-05 09:41:11.670053-04,2026-05-17 02:10:11.268482-04
fld_MRMV22011,state_vector_value,MARKET_LIQUIDITY_SUPPORT_SCORE,field_name,1_market_liquidity_support_score,,model_01_market_regime;market_context_state;direction_neutral_tradability,registry_only,Layer 1 MarketRegime state-vector value for market-wide liquidity support and practical tradability.,2026-05-05 09:41:11.670053-04,2026-05-17 02:10:11.268482-04
fld_MRMV22005,state_vector_value,MARKET_RISK_STRESS_SCORE,field_name,1_market_risk_stress_score,,model_01_market_regime;market_context_state;direction_neutral_tradability,registry_only,Layer 1 MarketRegime state-vector value for broad risk/stress pressure; higher values indicate worse stress.,2026-05-05 09:41:11.670053-04,2026-05-17 02:10:11.268482-04
fld_MRMV22004,state_vector_value,MARKET_STABILITY_SCORE,field_name,1_market_stability_score,,model_01_market_regime;market_context_state;direction_neutral_tradability,registry_only,Layer 1 MarketRegime state-vector value for broad market stability and resistance to whipsaw/noise.,2026-05-05 09:41:11.670053-04,2026-05-17 02:10:11.268482-04
fld_MRMV22006,state_vector_value,MARKET_TRANSITION_RISK_SCORE,field_name,1_market_transition_risk_score,,model_01_market_regime;market_context_state;direction_neutral_tradability,registry_only,Layer 1 MarketRegime state-vector value for transition/decay/fragility risk in the broad market state.,2026-05-05 09:41:11.670053-04,2026-05-17 02:10:11.268482-04
fld_MRMV22003,state_vector_value,MARKET_TREND_QUALITY_SCORE,field_name,1_market_trend_quality_score,,model_01_market_regime;market_context_state;direction_neutral_tradability,registry_only,Layer 1 MarketRegime state-vector value for direction-neutral broad market trend clarity and structural quality.,2026-05-05 09:41:11.670053-04,2026-05-17 02:10:11.268482-04
fld_OEV1003,state_vector_value,OPTION_CONTRACT_FIT_SCORE_BY_HORIZON,field_name,8_option_contract_fit_score_<horizon>,trading-model/docs/09_layer_08_trading_guidance.md,expression_vector;option_expression_model;model_08_option_expression;option_expression_plan;model_evaluation;promotion_evidence,registry_only,Current 8_* score-family token for Layer 8 option-expression: selected contract fit to the Layer 7 path thesis and option-expression constraints by horizon.,2026-05-07 10:47:23.517802-04,2026-05-17 02:23:05.952793-04
fld_OEV1010,state_vector_value,OPTION_EXPRESSION_CONFIDENCE_SCORE_BY_HORIZON,field_name,8_option_expression_confidence_score_<horizon>,trading-model/docs/09_layer_08_trading_guidance.md,expression_vector;option_expression_model;model_08_option_expression;option_expression_plan;model_evaluation;promotion_evidence,registry_only,Current 8_* score-family token for Layer 8 option-expression: calibrated confidence in the complete offline option-expression plan by horizon. This is not final approval or execution authorization.,2026-05-07 10:47:23.517802-04,2026-05-17 02:23:05.952793-04
fld_OEV1002,state_vector_value,OPTION_EXPRESSION_DIRECTION_SCORE_BY_HORIZON,field_name,8_option_expression_direction_score_<horizon>,trading-model/docs/09_layer_08_trading_guidance.md,expression_vector;option_expression_model;model_08_option_expression;option_expression_plan;model_evaluation;promotion_evidence,registry_only,"Current 8_* signed score-family token for Layer 8 option-expression direction by horizon. Positive is call-side/bullish expression, negative is put-side/bearish expression, near zero is no-option expression; this is not order routing.",2026-05-07 10:47:23.517802-04,2026-05-17 02:23:05.952793-04
fld_OEV1001,state_vector_value,OPTION_EXPRESSION_ELIGIBILITY_SCORE_BY_HORIZON,field_name,8_option_expression_eligibility_score_<horizon>,trading-model/docs/09_layer_08_trading_guidance.md,expression_vector;option_expression_model;model_08_option_expression;option_expression_plan;model_evaluation;promotion_evidence,registry_only,"Current 8_* high-is-good score-family token for Layer 8 option-expression admissibility after Layer 7 thesis, policy, option-chain, liquidity, IV, and risk constraints by horizon. This is not final approval.",2026-05-07 10:47:23.517802-04,2026-05-17 02:23:05.952793-04
fld_OEV1009,state_vector_value,OPTION_FILL_QUALITY_SCORE_BY_HORIZON,field_name,8_option_fill_quality_score_<horizon>,trading-model/docs/09_layer_08_trading_guidance.md,expression_vector;option_expression_model;model_08_option_expression;option_expression_plan;model_evaluation;promotion_evidence,registry_only,Layer 8 high-is-good score family for conservative fill-quality estimate by horizon. This is not route or order type.,2026-05-07 10:47:23.517802-04,2026-05-17 02:23:05.952793-04
fld_OEV1006,state_vector_value,OPTION_GREEK_FIT_SCORE_BY_HORIZON,field_name,8_option_greek_fit_score_<horizon>,trading-model/docs/09_layer_08_trading_guidance.md,expression_vector;option_expression_model;model_08_option_expression;option_expression_plan;model_evaluation;promotion_evidence,registry_only,Layer 8 high-is-good score family for delta/Greek fit by horizon.,2026-05-07 10:47:23.517802-04,2026-05-17 02:23:05.952793-04
fld_OEV1005,state_vector_value,OPTION_IV_FIT_SCORE_BY_HORIZON,field_name,8_option_iv_fit_score_<horizon>,trading-model/docs/09_layer_08_trading_guidance.md,expression_vector;option_expression_model;model_08_option_expression;option_expression_plan;model_evaluation;promotion_evidence,registry_only,Layer 8 high-is-good score family for implied-volatility and IV-rank fit by horizon.,2026-05-07 10:47:23.517802-04,2026-05-17 02:23:05.952793-04
fld_OEV1004,state_vector_value,OPTION_LIQUIDITY_FIT_SCORE_BY_HORIZON,field_name,8_option_liquidity_fit_score_<horizon>,trading-model/docs/09_layer_08_trading_guidance.md,expression_vector;option_expression_model;model_08_option_expression;option_expression_plan;model_evaluation;promotion_evidence,registry_only,"Layer 8 high-is-good score family for option bid/ask, volume, and open-interest fit by horizon.",2026-05-07 10:47:23.517802-04,2026-05-17 02:23:05.952793-04
fld_OEV1007,state_vector_value,OPTION_REWARD_RISK_SCORE_BY_HORIZON,field_name,8_option_reward_risk_score_<horizon>,trading-model/docs/09_layer_08_trading_guidance.md,expression_vector;option_expression_model;model_08_option_expression;option_expression_plan;model_evaluation;promotion_evidence,registry_only,Layer 8 high-is-good score family for premium-adjusted reward/risk quality by horizon.,2026-05-07 10:47:23.517802-04,2026-05-17 02:23:05.952793-04
fld_OEV1008,state_vector_value,OPTION_THETA_RISK_SCORE_BY_HORIZON,field_name,8_option_theta_risk_score_<horizon>,trading-model/docs/09_layer_08_trading_guidance.md,expression_vector;option_expression_model;model_08_option_expression;option_expression_plan;model_evaluation;promotion_evidence,registry_only,Layer 8 high-is-bad score family for theta-decay pressure by horizon.,2026-05-07 10:47:23.517802-04,2026-05-17 02:23:05.952793-04
fld_ACMV1006,state_vector_value,PATH_QUALITY_SCORE_BY_HORIZON,field_name,5_path_quality_score_<horizon>,trading-model/docs/06_layer_05_alpha_confidence.md,alpha_confidence_vector;model_05_alpha_confidence;alpha_confidence_model;model_evaluation;promotion_evidence,registry_only,Layer 5 AlphaConfidence using current 5_* field tokens high-is-good final adjusted score family for expected forward path quality/tradability by horizon.,2026-05-07 00:54:53.93801-04,2026-05-17 02:23:46.500631-04
fld_PPV1005,state_vector_value,POSITION_GAP_MAGNITUDE_SCORE_BY_HORIZON,field_name,6_position_gap_magnitude_score_<horizon>,trading-model/docs/07_layer_06_position_projection.md,position_projection_vector;position_projection_model;effective_current_exposure;model_evaluation;promotion_evidence,registry_only,Layer 6 high-is-large score family for absolute normalized distance between target exposure and effective current exposure by horizon.,2026-05-07 02:36:52.773746-04,2026-05-17 02:10:11.268482-04
fld_PPV1004,state_vector_value,POSITION_GAP_SCORE_BY_HORIZON,field_name,6_position_gap_score_<horizon>,trading-model/docs/07_layer_06_position_projection.md,position_projection_vector;position_projection_model;effective_current_exposure;current_position_state;pending_position_state;model_evaluation;promotion_evidence,registry_only,"Layer 5 signed score family for target exposure minus effective current exposure by horizon. This is a state gap, not an execution instruction.",2026-05-07 02:36:52.773746-04,2026-05-17 02:10:11.268482-04
fld_PPV1010,state_vector_value,POSITION_PROJECTION_CONFIDENCE_SCORE_BY_HORIZON,field_name,6_projection_confidence_score_<horizon>,trading-model/docs/07_layer_06_position_projection.md,position_projection_vector;position_projection_model;model_06_position_projection;model_evaluation;promotion_evidence,registry_only,Layer 6 using current 6_* field tokens high-is-good score family for confidence in mapping alpha confidence plus position/cost/risk state into target holding-state projection. This is separate from Layer 5 alpha confidence.,2026-05-07 02:36:52.773746-04,2026-05-17 02:23:46.500631-04
fld_PPV1009,state_vector_value,POSITION_STATE_STABILITY_SCORE_BY_HORIZON,field_name,6_position_state_stability_score_<horizon>,trading-model/docs/07_layer_06_position_projection.md,position_projection_vector;position_projection_model;alpha_confidence_vector;current_position_state;pending_position_state;model_evaluation;promotion_evidence,registry_only,"Layer 6 high-is-good score family for stability of the projected target holding state across alpha, horizon, cost, risk-budget, and pending-order uncertainty.",2026-05-07 02:36:52.773746-04,2026-05-17 02:10:11.268482-04
fld_PPV1002,state_vector_value,POSITION_TARGET_EXPOSURE_SCORE_BY_HORIZON,field_name,6_target_exposure_score_<horizon>,trading-model/docs/07_layer_06_position_projection.md,position_projection_vector;position_projection_model;model_06_position_projection;risk_budget_context;model_evaluation;promotion_evidence,registry_only,"Layer 6 using current 6_* field tokens signed normalized abstract target risk exposure by horizon. This is not shares, contracts, position size, order quantity, or final action.",2026-05-07 02:36:52.773746-04,2026-05-17 02:10:11.268482-04
fld_PPV1001,state_vector_value,POSITION_TARGET_POSITION_BIAS_SCORE_BY_HORIZON,field_name,6_target_position_bias_score_<horizon>,trading-model/docs/07_layer_06_position_projection.md,position_projection_vector;position_projection_model;model_06_position_projection;alpha_confidence_vector;model_evaluation;promotion_evidence,registry_only,Layer 6 using current 6_* field tokens signed target holding-direction bias by horizon. Positive is long exposure bias and negative is short exposure bias; this is not buy/sell/hold.,2026-05-07 02:36:52.773746-04,2026-05-17 02:10:11.268482-04
fld_ACMV1007,state_vector_value,REVERSAL_RISK_SCORE_BY_HORIZON,field_name,5_reversal_risk_score_<horizon>,trading-model/docs/06_layer_05_alpha_confidence.md,alpha_confidence_vector;model_05_alpha_confidence;alpha_confidence_model;model_evaluation;promotion_evidence,registry_only,Layer 5 AlphaConfidence using current 5_* field tokens high-is-bad final adjusted score family for risk that the alpha direction is interrupted or reversed by horizon.,2026-05-07 00:54:53.93801-04,2026-05-17 02:23:46.500631-04
fld_PPV1008,state_vector_value,RISK_BUDGET_FIT_SCORE_BY_HORIZON,field_name,6_risk_budget_fit_score_<horizon>,trading-model/docs/07_layer_06_position_projection.md,position_projection_vector;position_projection_model;risk_budget_context;portfolio_exposure_context;model_evaluation;promotion_evidence,registry_only,"Layer 6 high-is-good score family for target exposure compatibility with current risk budget, drawdown, concentration, and portfolio exposure constraints.",2026-05-07 02:36:52.773746-04,2026-05-17 02:10:11.268482-04
fld_SCMV22006,state_vector_value,SECTOR_BREADTH_CONFIRMATION_SCORE,field_name,2_sector_breadth_confirmation_score,trading-model/src/models/model_02_sector_context/sector_context_state_contract.md,model_02_sector_context;sector_context_state;sector_context_model;feature_02_sector_context,registry_only,Layer 2 SectorContext state-vector value for internal/peer confirmation that sector movement is broad rather than isolated.,2026-05-05 21:48:48.569953-04,2026-05-17 02:10:11.268482-04
fld_SCMV22020,state_vector_value,SECTOR_CROWDING_RISK_SCORE,field_name,2_sector_crowding_risk_score,trading-model/src/models/model_02_sector_context/sector_context_state_contract.md,model_02_sector_context;sector_context_state;sector_context_model;feature_02_sector_context,registry_only,"Layer 2 SectorContext state-vector value for sector crowding/co-movement pressure. Higher values indicate more one-factor/crowding risk, separate from internal dispersion.",2026-05-06 05:10:55.495183-04,2026-05-17 02:10:11.268482-04
fld_SCMV22007,state_vector_value,SECTOR_INTERNAL_DISPERSION_SCORE,field_name,2_sector_internal_dispersion_score,trading-model/src/models/model_02_sector_context/sector_context_state_contract.md,model_02_sector_context;sector_context_state;sector_context_model;feature_02_sector_context,registry_only,"Layer 2 SectorContext state-vector value for sector internal dispersion/fragmentation evidence. Higher values indicate a less-clean handoff context, separate from crowding risk.",2026-05-05 21:48:48.569953-04,2026-05-17 02:10:11.268482-04
fld_SCMV22008,state_vector_value,SECTOR_LIQUIDITY_TRADABILITY_SCORE,field_name,2_sector_liquidity_tradability_score,trading-model/src/models/model_02_sector_context/sector_context_state_contract.md,model_02_sector_context;sector_context_state;sector_context_model,registry_only,"Layer 2 SectorContext state-vector value for basket/candidate-pool liquidity, spread, and capacity support.",2026-05-05 21:48:48.569953-04,2026-05-17 02:10:11.268482-04
fld_SCMV22001,state_vector_value,SECTOR_RELATIVE_DIRECTION_SCORE,field_name,2_sector_relative_direction_score,trading-model/src/models/model_02_sector_context/sector_context_state_contract.md,model_02_sector_context;sector_context_state;sector_context_model,registry_only,"Layer 2 SectorContext state-vector value for signed current sector-vs-market direction evidence; sign is not quality, weight, or action.",2026-05-05 21:48:48.569953-04,2026-05-17 02:10:11.268482-04
fld_SCMV22009,state_vector_value,SECTOR_TRADABILITY_SCORE,field_name,2_sector_tradability_score,trading-model/src/models/model_02_sector_context/sector_context_state_contract.md,model_02_sector_context;sector_context_state;sector_context_model;anonymous_target_candidate_builder,registry_only,Layer 2 SectorContext state-vector value for direction-neutral sector tradability and handoff quality.,2026-05-05 21:48:48.569953-04,2026-05-17 02:10:11.268482-04
fld_SCMV22004,state_vector_value,SECTOR_TRANSITION_RISK_SCORE,field_name,2_sector_transition_risk_score,trading-model/src/models/model_02_sector_context/sector_context_state_contract.md,model_02_sector_context;sector_context_state;sector_context_model,registry_only,Layer 2 SectorContext state-vector value for sector transition/decay/fragility risk; higher values indicate more risk.,2026-05-05 21:48:48.569953-04,2026-05-17 02:10:11.268482-04
fld_SCMV22002,state_vector_value,SECTOR_TREND_QUALITY_SCORE,field_name,2_sector_trend_quality_score,trading-model/src/models/model_02_sector_context/sector_context_state_contract.md,model_02_sector_context;sector_context_state;sector_context_model,registry_only,Layer 2 SectorContext state-vector value for direction-neutral sector trend clarity and structural quality.,2026-05-05 21:48:48.569953-04,2026-05-17 02:10:11.268482-04
fld_SCMV22003,state_vector_value,SECTOR_TREND_STABILITY_SCORE,field_name,2_sector_trend_stability_score,trading-model/src/models/model_02_sector_context/sector_context_state_contract.md,model_02_sector_context;sector_context_state;sector_context_model,registry_only,Layer 2 SectorContext state-vector value for sector trend persistence/smoothness and resistance to whipsaw.,2026-05-05 21:48:48.569953-04,2026-05-17 02:10:11.268482-04
fld_ACMV1005,state_vector_value,SIGNAL_RELIABILITY_SCORE_BY_HORIZON,field_name,5_signal_reliability_score_<horizon>,trading-model/docs/06_layer_05_alpha_confidence.md,alpha_confidence_vector;model_05_alpha_confidence;alpha_confidence_model;model_evaluation;promotion_evidence,registry_only,Layer 5 AlphaConfidence using current 5_* field tokens final adjusted score family for historical out-of-sample reliability of similar signals by horizon.,2026-05-07 00:54:53.93801-04,2026-05-17 02:23:46.500631-04
fld_TSV044,state_vector_value,TARGET_DIRECTION_SCORE_BY_WINDOW,field_name,3_target_direction_score_<window>,trading-model/src/models/model_03_target_state_vector/contract.py,score_payload;target_context_state;model_03_target_state_vector;target_state_vector_model;model_evaluation;promotion_evidence,registry_only,"Layer 3 signed current target-state direction score pattern by synchronized state window. Sign is state evidence, not quality, alpha confidence, or position instruction.",2026-05-05 22:49:28.637117-04,2026-05-17 02:10:11.268482-04
fld_TSV066,state_vector_value,TARGET_DIRECTION_STRENGTH_SCORE_BY_WINDOW,field_name,3_target_direction_strength_score_<window>,trading-model/src/models/model_03_target_state_vector/target_state_vector_contract.md,score_payload;target_context_state;model_03_target_state_vector;target_state_vector_model;model_evaluation;promotion_evidence,registry_only,TargetStateVector score family for absolute target direction-evidence strength by window. High can describe either a clean long or clean short state.,2026-05-06 05:10:55.495183-04,2026-05-17 02:10:11.268482-04
fld_TSV068,state_vector_value,TARGET_EXHAUSTION_RISK_SCORE_BY_WINDOW,field_name,3_target_exhaustion_risk_score_<window>,trading-model/src/models/model_03_target_state_vector/target_state_vector_contract.md,score_payload;target_context_state;model_03_target_state_vector;target_state_vector_model;model_evaluation;promotion_evidence,registry_only,TargetStateVector score family for direction-neutral late-trend/exhaustion/decay risk by window. Higher values indicate worse risk.,2026-05-06 05:10:55.495183-04,2026-05-17 02:10:11.268482-04
fld_TSV049,state_vector_value,TARGET_LIQUIDITY_TRADABILITY_SCORE,field_name,3_target_liquidity_tradability_score,trading-model/src/models/model_03_target_state_vector/contract.py,score_payload;target_context_state;model_03_target_state_vector;target_state_vector_model;model_evaluation;promotion_evidence,registry_only,"Layer 3 target liquidity, spread, capacity, borrow/shortability, and practical tradability support score.",2026-05-05 22:49:28.637117-04,2026-05-17 02:10:11.268482-04
fld_TSV047,state_vector_value,TARGET_NOISE_SCORE_BY_WINDOW,field_name,3_target_noise_score_<window>,trading-model/src/models/model_03_target_state_vector/contract.py,score_payload;target_context_state;model_03_target_state_vector;target_state_vector_model;model_evaluation;promotion_evidence,registry_only,"Layer 3 target bar-to-bar chop, wick/noise, abnormal jump, and execution-disruptive path-noise score pattern. Higher means worse noise.",2026-05-05 22:49:28.637117-04,2026-05-17 02:10:11.268482-04
fld_TSV046,state_vector_value,TARGET_PATH_STABILITY_SCORE_BY_WINDOW,field_name,3_target_path_stability_score_<window>,trading-model/src/models/model_03_target_state_vector/contract.py,score_payload;target_context_state;model_03_target_state_vector;target_state_vector_model;model_evaluation;promotion_evidence,registry_only,Layer 3 direction-neutral target path smoothness/persistence score pattern by synchronized state window.,2026-05-05 22:49:28.637117-04,2026-05-17 02:10:11.268482-04
fld_TSV067,state_vector_value,TARGET_STATE_PERSISTENCE_SCORE_BY_WINDOW,field_name,3_target_state_persistence_score_<window>,trading-model/src/models/model_03_target_state_vector/target_state_vector_contract.md,score_payload;target_context_state;model_03_target_state_vector;target_state_vector_model;model_evaluation;promotion_evidence,registry_only,TargetStateVector score family for direction-neutral state/trend persistence support by window.,2026-05-06 05:10:55.495183-04,2026-05-17 02:10:11.268482-04
fld_TSV052,state_vector_value,TARGET_STATE_TRADABILITY_SCORE_BY_WINDOW,field_name,3_tradability_score_<window>,trading-model/src/models/model_03_target_state_vector/contract.py,score_payload;target_context_state;model_03_target_state_vector;target_state_vector_model;model_evaluation;promotion_evidence,registry_only,"TargetStateVector score family for direction-neutral state tradability by window. Stable short states can score highly; validation should use path/tradability outcomes, MFE/MAE balance, path efficiency, direction flips, transition rate, and liquidity/cost degradation rather than only forward return.",2026-05-05 22:49:28.637117-04,2026-05-17 02:10:11.268482-04
fld_TSV048,state_vector_value,TARGET_TRANSITION_RISK_SCORE_BY_WINDOW,field_name,3_target_transition_risk_score_<window>,trading-model/src/models/model_03_target_state_vector/contract.py,score_payload;target_context_state;model_03_target_state_vector;target_state_vector_model;model_evaluation;promotion_evidence,registry_only,Layer 3 target transition/decay/fragility risk score pattern by synchronized state window. Higher means more risk.,2026-05-05 22:49:28.637117-04,2026-05-17 02:10:11.268482-04
fld_TSV045,state_vector_value,TARGET_TREND_QUALITY_SCORE_BY_WINDOW,field_name,3_target_trend_quality_score_<window>,trading-model/src/models/model_03_target_state_vector/contract.py,score_payload;target_context_state;model_03_target_state_vector;target_state_vector_model;model_evaluation;promotion_evidence,registry_only,Layer 3 direction-neutral target trend clarity/structure score pattern by synchronized state window.,2026-05-05 22:49:28.637117-04,2026-05-17 02:10:11.268482-04
fld_UAV1010,state_vector_value,UNDERLYING_ACTION_CONFIDENCE_SCORE_BY_HORIZON,field_name,7_underlying_action_confidence_score_<horizon>,trading-model/docs/08_layer_07_underlying_action.md,underlying_action_vector;underlying_action_model;model_07_underlying_action;underlying_action_plan;model_evaluation;promotion_evidence,registry_only,Layer 7 high-is-good score family for calibrated confidence in the complete offline direct-underlying action plan by horizon.,2026-05-07 09:17:56.60825-04,2026-05-17 02:10:11.268482-04
fld_UAV1002,state_vector_value,UNDERLYING_ACTION_DIRECTION_SCORE_BY_HORIZON,field_name,7_underlying_action_direction_score_<horizon>,trading-model/docs/08_layer_07_underlying_action.md,underlying_action_vector;underlying_action_model;model_07_underlying_action;underlying_action_plan;model_evaluation;promotion_evidence,registry_only,"Layer 6 signed score family for planned direct-underlying side by horizon. Positive is long-side plan, negative is short-side plan, near zero is maintain/no_trade; this is not buy/sell order routing.",2026-05-07 09:17:56.60825-04,2026-05-17 02:23:46.500631-04
fld_UAV1006,state_vector_value,UNDERLYING_ADVERSE_RISK_SCORE_BY_HORIZON,field_name,7_underlying_adverse_risk_score_<horizon>,trading-model/docs/08_layer_07_underlying_action.md,underlying_action_vector;underlying_action_model;model_07_underlying_action;underlying_action_plan;model_evaluation;promotion_evidence,registry_only,Layer 7 high-is-bad score family for expected adverse move / stop-risk pressure in the planned direct-underlying action by horizon.,2026-05-07 09:17:56.60825-04,2026-05-17 02:10:11.268482-04
fld_UAV1004,state_vector_value,UNDERLYING_ENTRY_QUALITY_SCORE_BY_HORIZON,field_name,7_underlying_entry_quality_score_<horizon>,trading-model/docs/08_layer_07_underlying_action.md,underlying_action_vector;underlying_action_model;model_07_underlying_action;underlying_action_plan;model_evaluation;promotion_evidence,registry_only,Layer 7 high-is-good score family for side-neutral planned entry quality by horizon. Entry plan fields are not broker order types.,2026-05-07 09:17:56.60825-04,2026-05-17 02:10:11.268482-04
fld_UAV1005,state_vector_value,UNDERLYING_EXPECTED_RETURN_SCORE_BY_HORIZON,field_name,7_underlying_expected_return_score_<horizon>,trading-model/docs/08_layer_07_underlying_action.md,underlying_action_vector;underlying_action_model;model_07_underlying_action;underlying_action_plan;model_evaluation;promotion_evidence,registry_only,Layer 6 signed score family for expected direct-underlying favorable return quality by horizon after context adjustment.,2026-05-07 09:17:56.60825-04,2026-05-17 02:23:46.500631-04
fld_UAV1009,state_vector_value,UNDERLYING_HOLDING_TIME_FIT_SCORE_BY_HORIZON,field_name,7_underlying_holding_time_fit_score_<horizon>,trading-model/docs/08_layer_07_underlying_action.md,underlying_action_vector;underlying_action_model;model_07_underlying_action;underlying_action_plan;model_evaluation;promotion_evidence,registry_only,Layer 7 high-is-good score family for compatibility between planned holding time and the alpha/projection/path evidence by horizon.,2026-05-07 09:17:56.60825-04,2026-05-17 02:10:11.268482-04
fld_UAV1008,state_vector_value,UNDERLYING_LIQUIDITY_FIT_SCORE_BY_HORIZON,field_name,7_underlying_liquidity_fit_score_<horizon>,trading-model/docs/08_layer_07_underlying_action.md,underlying_action_vector;underlying_action_model;model_07_underlying_action;underlying_action_plan;model_evaluation;promotion_evidence,registry_only,Layer 7 high-is-good score family for direct-underlying liquidity/spread fit by horizon.,2026-05-07 09:17:56.60825-04,2026-05-17 02:10:11.268482-04
fld_UAV1007,state_vector_value,UNDERLYING_REWARD_RISK_SCORE_BY_HORIZON,field_name,7_underlying_reward_risk_score_<horizon>,trading-model/docs/08_layer_07_underlying_action.md,underlying_action_vector;underlying_action_model;model_07_underlying_action;underlying_action_plan;model_evaluation;promotion_evidence,registry_only,Layer 7 high-is-good score family for planned reward/risk quality of the direct-underlying thesis by horizon.,2026-05-07 09:17:56.60825-04,2026-05-17 02:10:11.268482-04
fld_UAV1001,state_vector_value,UNDERLYING_TRADE_ELIGIBILITY_SCORE_BY_HORIZON,field_name,7_underlying_trade_eligibility_score_<horizon>,trading-model/docs/08_layer_07_underlying_action.md,underlying_action_vector;underlying_action_model;model_07_underlying_action;underlying_action_plan;model_evaluation;promotion_evidence,registry_only,Layer 7 high-is-good score family for direct-underlying trade eligibility after point-in-time hard/soft gates by horizon. This is not final approval or a broker order.,2026-05-07 09:17:56.60825-04,2026-05-17 02:10:11.268482-04
fld_UAV1003,state_vector_value,UNDERLYING_TRADE_INTENSITY_SCORE_BY_HORIZON,field_name,7_underlying_trade_intensity_score_<horizon>,trading-model/docs/08_layer_07_underlying_action.md,underlying_action_vector;underlying_action_model;model_07_underlying_action;underlying_action_plan;model_evaluation;promotion_evidence,registry_only,"Layer 7 high-is-more score family for planned adjustment intensity after confidence, risk, cost, stability, and liquidity compression by horizon. This is not final order quantity.",2026-05-07 09:17:56.60825-04,2026-05-17 02:10:11.268482-04
asp_R4K8M2QJ,status_value,ARTIFACT_SYNC_POLICY_TYPE_REGISTRY_ONLY,status_value,registry_only,,artifact_sync_policy_type,sync_artifact,registry row edits normally do not require code/template/docs artifact follow-up when durable consumers use stable ids and no row is merged or deleted,2026-04-27 01:08:42.574835-04,2026-05-17 02:10:11.268482-04
asp_K2M8P5LD,status_value,ARTIFACT_SYNC_POLICY_TYPE_REVIEW_ON_MERGE,status_value,review_on_merge,,artifact_sync_policy_type,sync_artifact,"registry row edits may be registry-only for simple label changes but require downstream review when merged, deleted, or semantically repurposed",2026-04-27 01:08:42.574835-04,2026-05-17 02:10:11.268482-04
asp_Z7N3Q9TV,status_value,ARTIFACT_SYNC_POLICY_TYPE_SYNC_ARTIFACT,status_value,sync_artifact,,artifact_sync_policy_type,sync_artifact,registry row edits must be followed by matching code/template/docs artifact updates before acceptance,2026-04-27 01:08:42.574835-04,2026-05-17 02:10:11.268482-04
sts_MSH005,status_value,MANAGER_CONTRACT_STATUS_BLOCKED,text,blocked,trading-manager/docs/93_contracts.md,manager_contract_lifecycle_status;manager_request;ready_signal,registry_only,Work cannot proceed until a blocker is resolved.,2026-05-08 10:50:33.011237-04,2026-05-17 02:10:11.268482-04
sts_MSH006,status_value,MANAGER_CONTRACT_STATUS_CANCELLED,text,cancelled,trading-manager/docs/93_contracts.md,manager_contract_lifecycle_status;manager_request;run_manifest;run_step,registry_only,Work was cancelled before successful completion.,2026-05-08 10:50:33.011237-04,2026-05-17 02:10:11.268482-04
sts_MSH011,status_value,MANAGER_CONTRACT_STATUS_DELETED,text,deleted,trading-manager/docs/93_contracts.md,manager_contract_lifecycle_status;artifact_ref,registry_only,Payload was deleted while durable reference metadata remains.,2026-05-08 10:50:33.011237-04,2026-05-17 02:10:11.268482-04
sts_MSH010,status_value,MANAGER_CONTRACT_STATUS_EXPIRED,text,expired,trading-manager/docs/93_contracts.md,manager_contract_lifecycle_status;artifact_ref;ready_signal,registry_only,Reference is past its retention or validity window.,2026-05-08 10:50:33.011237-04,2026-05-17 02:10:11.268482-04
sts_MSH004,status_value,MANAGER_CONTRACT_STATUS_FAILED,text,failed,trading-manager/docs/93_contracts.md,manager_contract_lifecycle_status;run_manifest;run_step;ready_signal,registry_only,"Run, step, or signal failed.",2026-05-08 10:50:33.011237-04,2026-05-17 02:10:11.268482-04
sts_MSH008,status_value,MANAGER_CONTRACT_STATUS_PARTIAL,text,partial,trading-manager/docs/93_contracts.md,manager_contract_lifecycle_status;ready_signal,registry_only,Only a reviewed partial output is consumable.,2026-05-08 10:50:33.011237-04,2026-05-17 02:10:11.268482-04
sts_MSH007,status_value,MANAGER_CONTRACT_STATUS_READY,text,ready,trading-manager/docs/93_contracts.md,manager_contract_lifecycle_status;ready_signal,registry_only,Output is explicitly ready for its declared consumer scope.,2026-05-08 10:50:33.011237-04,2026-05-17 02:10:11.268482-04
sts_MSH001,status_value,MANAGER_CONTRACT_STATUS_REQUESTED,text,requested,trading-manager/docs/93_contracts.md,manager_contract_lifecycle_status;manager_request,registry_only,Manager request has been recorded but not started.,2026-05-08 10:50:33.011237-04,2026-05-17 02:10:11.268482-04
sts_MSH002,status_value,MANAGER_CONTRACT_STATUS_RUNNING,text,running,trading-manager/docs/93_contracts.md,manager_contract_lifecycle_status;run_manifest;run_step,registry_only,Run or step is in progress.,2026-05-08 10:50:33.011237-04,2026-05-17 02:10:11.268482-04
sts_MSH003,status_value,MANAGER_CONTRACT_STATUS_SUCCEEDED,text,succeeded,trading-manager/docs/93_contracts.md,manager_contract_lifecycle_status;run_manifest;run_step,registry_only,Run or step completed successfully.,2026-05-08 10:50:33.011237-04,2026-05-17 02:10:11.268482-04
sts_MSH009,status_value,MANAGER_CONTRACT_STATUS_SUPERSEDED,text,superseded,trading-manager/docs/93_contracts.md,manager_contract_lifecycle_status;ready_signal;artifact_ref,registry_only,A newer artifact or signal replaces this one.,2026-05-08 10:50:33.011237-04,2026-05-17 02:10:11.268482-04
sts_RFP001,status_value,ROLLING_FOLD_PROMOTION_RESULT_APPROVED,status_value,approved,trading-manager/docs/81_decision.md;trading-manager/docs/98_automation_scheduler.md,rolling_fold_promotion_task;promotion_result;agent_model_promotion_decision,sync_artifact,Scheduler-level rolling-fold promotion result meaning the model candidate passed promotion review; it still does not activate live trading by itself.,2026-05-14 04:09:03.208983-04,2026-05-17 02:10:11.268482-04
sts_RFP002,status_value,ROLLING_FOLD_PROMOTION_RESULT_DEFERRED,status_value,deferred,trading-manager/docs/81_decision.md;trading-manager/docs/98_automation_scheduler.md,rolling_fold_promotion_task;promotion_result;agent_model_promotion_decision,sync_artifact,Scheduler-level rolling-fold promotion result meaning evidence is insufficient or gates remain open; no activation or pointer switch is allowed.,2026-05-14 04:09:03.208983-04,2026-05-17 02:10:11.268482-04
sts_RFP003,status_value,ROLLING_FOLD_PROMOTION_RESULT_REJECTED,status_value,rejected,trading-manager/docs/81_decision.md;trading-manager/docs/98_automation_scheduler.md,rolling_fold_promotion_task;promotion_result;agent_model_promotion_decision,sync_artifact,Scheduler-level rolling-fold promotion result meaning the candidate failed promotion review; no activation or pointer switch is allowed.,2026-05-14 04:09:03.208983-04,2026-05-17 02:10:11.268482-04
tpl_DASHRM001,template,STORAGE_DASHBOARD_READ_MODEL_REFRESH_SYSTEMD_SERVICE,text,trading-storage-dashboard-read-model-refresh.service,/root/projects/trading-storage/deploy/systemd/trading-storage-dashboard-read-model-refresh.service,dashboard_read_model;trading-storage;systemd;service;periodic_refresh_template,sync_artifact,Reviewed systemd oneshot service template for storage-owned dashboard read-model refresh. Checked in only; installing or enabling remains operator-controlled.,2026-05-12 04:53:27.184015-04,2026-05-17 02:10:11.268482-04
tpl_DASHRM002,template,STORAGE_DASHBOARD_READ_MODEL_REFRESH_SYSTEMD_TIMER,text,trading-storage-dashboard-read-model-refresh.timer,/root/projects/trading-storage/deploy/systemd/trading-storage-dashboard-read-model-refresh.timer,dashboard_read_model;trading-storage;systemd;timer;periodic_refresh_template,sync_artifact,Reviewed systemd timer template for periodic storage-owned dashboard read-model refresh. Checked in only; installing or enabling remains operator-controlled.,2026-05-12 04:53:27.184015-04,2026-05-17 02:10:11.268482-04
fld_ETFH003,temporal_field,AS_OF_DATE,field_name,as_of_date,,source_02_target_candidate_holdings,sync_artifact,canonical as-of date field for point-in-time data snapshots and derived exposures Temporal value format: ISO 8601; dates use YYYY-MM-DD and datetimes/times include explicit timezone or ET suffix semantics.,2026-04-27 16:51:02.179007-04,2026-05-17 02:10:11.268482-04
fld_STKEX011,temporal_field,AVAILABLE_TIME,field_name,available_time,,source_09_event_risk_governor;source_02_target_candidate_holdings;model_03_target_state_vector;feature_03_target_state_vector;target_state_vector_model;source_03_target_state,sync_artifact,"Timestamp when evidence, source rows, feature rows, or model outputs became visible for point-in-time use. source_03_target_state carries available_time separately from observed data timestamp. Temporal value format: ISO 8601; normalized final outputs use America/New_York semantics unless explicitly reviewed otherwise.",2026-04-28 00:44:02.799166-04,2026-05-17 02:10:11.268482-04
fld_DASHTASK006,temporal_field,DASHBOARD_TASK_CREATED_AT,field_name,created_at_utc,trading-manager/docs/81_decision.md;trading-dashboard/docs/09_dashboard_read_models.md,historical_task_progress_summary;task_timeline;dashboard_tasks;task_lifecycle_timestamps,sync_artifact,Owner-facing task timeline timestamp for when the dashboard task/stage row was generated or first available from manager evidence.,2026-05-13 22:43:49.079236-04,2026-05-17 02:10:11.268482-04
fld_DASHTASK008,temporal_field,DASHBOARD_TASK_ENDED_AT,field_name,ended_at_utc,trading-manager/docs/81_decision.md;trading-dashboard/docs/09_dashboard_read_models.md,historical_task_progress_summary;task_timeline;dashboard_tasks;task_lifecycle_timestamps,sync_artifact,"Owner-facing task timeline timestamp for when execution or terminal status ended, derived from sanitized workflow or receipt timing metadata when available.",2026-05-13 22:43:49.079236-04,2026-05-17 02:10:11.268482-04
fld_DASHTASK007,temporal_field,DASHBOARD_TASK_STARTED_AT,field_name,started_at_utc,trading-manager/docs/81_decision.md;trading-dashboard/docs/09_dashboard_read_models.md,historical_task_progress_summary;task_timeline;dashboard_tasks;task_lifecycle_timestamps,sync_artifact,"Owner-facing task timeline timestamp for when execution started, derived from sanitized workflow or receipt timing metadata when available.",2026-05-13 22:43:49.079236-04,2026-05-17 02:10:11.268482-04
fld_DASHTASK009,temporal_field,DASHBOARD_TASK_STATUS_UPDATED_AT,field_name,status_updated_at_utc,trading-manager/docs/81_decision.md;trading-dashboard/docs/09_dashboard_read_models.md,historical_task_progress_summary;task_timeline;dashboard_tasks;task_lifecycle_timestamps,sync_artifact,Owner-facing task timeline timestamp for the latest status update/recalculation used to judge whether a task is still moving.,2026-05-13 22:43:49.079236-04,2026-05-17 02:10:11.268482-04
fld_OPT013,temporal_field,DATA_TIMESTAMP,field_name,timestamp,,source_01_market_regime;source_06_position_execution;source_03_target_state,sync_artifact,canonical timestamp shared by final bar outputs and nested quote/snapshot contexts. Temporal value format: ISO 8601; normalized final outputs use America/New_York semantics unless explicitly reviewed otherwise.,2026-04-26 21:55:13.803407-04,2026-05-17 02:10:11.268482-04
fld_EVT013,temporal_field,EVENT_TIME,field_name,event_time,,source_09_event_risk_governor,registry_only,"canonical source publication, detection, or calendar event timestamp normalized for model use. Temporal value format: ISO 8601; normalized final outputs use America/New_York semantics unless explicitly reviewed otherwise.",2026-04-27 12:30:45.493818-04,2026-05-17 02:10:11.268482-04
fld_OPT002,temporal_field,OPTION_EXPIRATION,field_name,expiration,,source_05_option_expression;source_06_position_execution,sync_artifact,option contract expiration date Temporal value format: ISO 8601; dates use YYYY-MM-DD and datetimes/times include explicit timezone or ET suffix semantics.,2026-04-26 21:55:13.803407-04,2026-05-17 02:10:11.268482-04
fld_P8L2C4TY,temporal_field,REGISTRY_ITEM_CREATED_AT,field_name,created_at,,trading_registry,sync_artifact,canonical created-at timestamp field shared by registry rows and event/detail templates. Temporal value format: ISO 8601 with explicit timezone semantics when a datetime is emitted.,2026-04-25 21:10:25.004346-04,2026-05-17 02:10:11.268482-04
fld_Q5F9M2NZ,temporal_field,REGISTRY_ITEM_UPDATED_AT,field_name,updated_at,,trading_registry,sync_artifact,canonical updated-at timestamp field shared by registry rows and event/detail templates. Temporal value format: ISO 8601 with explicit timezone semantics when a datetime is emitted.,2026-04-25 21:10:25.004346-04,2026-05-17 02:10:11.268482-04
fld_OPT005,temporal_field,SNAPSHOT_TIME,field_name,snapshot_time,,source_05_option_expression;feature_01_market_regime;trading-data;market_regime_model,sync_artifact,Point-in-time snapshot timestamp. Used by option-expression source snapshots and by the Layer 1 MarketRegimeModel feature table. Temporal value format: ISO 8601; normalized final outputs use America/New_York semantics unless explicitly reviewed otherwise.,2026-04-26 21:55:13.803407-04,2026-05-17 02:10:11.268482-04
fld_TSV001,temporal_field,TRADEABLE_TIME,field_name,tradeable_time,,model_03_target_state_vector;feature_03_target_state_vector;target_state_vector_model,registry_only,Earliest realistic time a downstream decision may trade from a TargetStateVectorModel state row. Temporal value format: ISO 8601; normalized final outputs use America/New_York semantics unless explicitly reviewed otherwise.,2026-05-05 00:11:23.309929-04,2026-05-17 02:10:11.268482-04
fld_OPT058,temporal_field,UNDERLYING_TIMESTAMP,field_name,underlying_timestamp,,source_05_option_expression,sync_artifact,underlying price timestamp. Temporal value format: ISO 8601; normalized final outputs use America/New_York semantics unless explicitly reviewed otherwise.,2026-04-26 21:55:13.803407-04,2026-05-17 02:10:11.268482-04
term_AGENTPROMO001,term,AGENT_MODEL_PROMOTION_DECISION,text,agent_model_promotion_decision,trading-manager/docs/96_model_promotion.md,model_promotion_review;activation_record;production_promotion;agent_decision_evidence,sync_artifact,"Script-called agent decision artifact used before production model activation. The agent approves, defers, rejects, revokes, or supersedes from evidence; this is not a routine owner approval prompt. Current review_decision artifacts are advisory/evidence scaffolding unless converted through this agent decision boundary.",2026-05-11 02:05:54.926974-04,2026-05-17 02:10:11.268482-04
term_STORLIFE001,term,AGENT_STORAGE_LIFECYCLE_DECISION,text,agent_storage_lifecycle_decision,trading-manager/docs/95_task_system.md,storage_lifecycle_request;storage_lifecycle;archive;delete;compress;restore;agent_decision_evidence,sync_artifact,"Storage lifecycle policy/agent decision evidence for storage lifecycle mutation. Routine lifecycle work follows accepted policy, protected-set checks, quarantine/recheck rules where applicable, and storage receipts; this is not a human approval prompt.",2026-05-11 02:05:54.926974-04,2026-05-17 02:10:11.268482-04
trm_ACM001,term,ALPHA_CONFIDENCE_MODEL,text,alpha_confidence_model,trading-model/docs/06_layer_05_alpha_confidence.md,trading-model;market_context_state;sector_context_state;target_context_state;event_failure_risk_vector;model_05_alpha_confidence;alpha_confidence_vector;current_physical_names,registry_only,"Accepted canonical Layer 5 model id. AlphaConfidenceModel builds base/no-event alpha diagnostics from the Layer 1/2/3 state stack, consumes Layer 4 event_failure_risk_vector when applicable, and emits alpha_confidence_vector; current physical surface is model_05_alpha_confidence.",2026-05-05 09:41:11.670053-04,2026-05-17 02:10:11.268482-04
trm_ASV001,term,ALPHA_CONFIDENCE_VECTOR,text,alpha_confidence_vector,trading-model/docs/06_layer_05_alpha_confidence.md,trading-model;alpha_confidence_model;model_05_alpha_confidence;market_context_state;sector_context_state;target_context_state;event_failure_risk_vector;current_physical_names,registry_only,"Layer 5 AlphaConfidenceModel final adjusted output vector with horizon-aware alpha direction, strength, expected residual return, confidence, reliability, path quality, reversal risk, drawdown risk, and alpha-level tradability; current physical surface is model_05_alpha_confidence.",2026-05-06 09:19:50.080899-04,2026-05-17 02:10:11.268482-04
trm_ATCB001,term,ANONYMOUS_TARGET_CANDIDATE_BUILDER,text,anonymous_target_candidate_builder,trading-model/src/models/model_03_target_state_vector/anonymous_target_candidate_builder/target_candidate_builder_contract.md,trading-model;trading-data;sector_context_model;model_03_target_state_vector;target_state_vector_model,registry_only,Layer 3 candidate-preparation sub-boundary before TargetStateVectorModel. It expands selected/prioritized sector or industry baskets from SectorContextModel into anonymous target candidates while keeping real ticker/company identity in audit/routing metadata outside model-facing fitting vectors.,2026-05-02 23:02:56.230747-04,2026-05-17 02:10:11.268482-04
trm_ATF001,term,ANONYMOUS_TARGET_FEATURE_VECTOR,text,anonymous_target_feature_vector,trading-model/docs/92_vector_taxonomy.md,trading-model;model_03_target_state_vector;target_state_vector_model;anonymous_target_candidate_builder;direction_neutral_tradability,registry_only,Layer 3 preprocessing/input feature vector consumed by TargetStateVectorModel. It excludes ticker/company identity and is not the model output context state; target_context_state is the Layer 3 conceptual output.,2026-05-02 03:17:58.449633-04,2026-05-17 02:10:11.268482-04
trm_EGFM002,term,APPROVED_CALENDAR_SOURCE_PRIORITY,text,approved_calendar,trading-data/src/data_source/source_09_event_risk_governor/pipeline.py,source_priority;source_09_event_risk_governor;calendar_discovery;earnings_guidance_event_family,sync_artifact,Source priority value for reviewed/approved calendar shells such as Nasdaq earnings calendar. It is weaker than official result disclosure and must not carry result facts.,2026-05-15 09:58:22.667114-04,2026-05-17 02:10:11.268482-04
trm_BAV001,term,BASE_ALPHA_VECTOR,text,base_alpha_vector,trading-model/docs/06_layer_05_alpha_confidence.md,trading-model;alpha_confidence_model;model_05_alpha_confidence;market_context_state;sector_context_state;target_context_state;diagnostics;event_adjustment_attribution,registry_only,"Layer 4 base/unadjusted alpha diagnostic vector built from Layer 1/2/3 state evidence. Used for research, audit, and debugging; not the default Layer 5-facing alpha_confidence_vector output and not an EventRiskGovernor intervention.",2026-05-07 01:37:00.888169-04,2026-05-17 02:23:46.500631-04
trm_BROKEROUT001,term,BROKER_ACCOUNT_MUTATION_OUT_OF_HISTORICAL_MODELING_SCOPE,text,broker_order_fill_account_mutation_execution_library_scope,trading-manager/docs/81_decision.md,historical_backfill;model_training_workflow;execution_library,sync_artifact,Broker/order/fill/account mutation is not part of current historical modeling automation and belongs to execution-library work.,2026-05-11 02:05:54.926974-04,2026-05-17 02:10:11.268482-04
term_BRWSCRAPE001,term,BROWSER_SCRAPE_SESSION_COOKIE_POLICY,text,browser_scrape_session_cookie_policy,trading-manager/docs/81_decision.md;trading-data/docs/91_data_feed.md;trading-data/docs/93_feed_availability.md,browser_scraped_source;provider_acquisition;cookie_session;trading_economics_calendar_web,sync_artifact,"Browser-scraped provider routes keep authenticated browser session maintenance separate from normal bounded feed tasks, which consume exported local cookies and task-specific filters without per-task browser login or mutable-tab dependence.",2026-05-15 02:01:25.149797-04,2026-05-17 02:10:11.268482-04
trm_ATCAN003,term,CANDIDATE_ANONYMITY_FAIL,text,fail,trading-model/src/models/model_03_target_state_vector/anonymous_target_candidate_builder/target_candidate_builder_contract.md,candidate_anonymity_check_state;anonymous_target_candidate_builder;target_state_vector_model,registry_only,Candidate anonymity check value: identity-leakage checks failed and the candidate must be excluded from fitting vectors.,2026-05-05 23:20:27.193526-04,2026-05-17 02:10:11.268482-04
trm_ATCAN001,term,CANDIDATE_ANONYMITY_PASS,text,pass,trading-model/src/models/model_03_target_state_vector/anonymous_target_candidate_builder/target_candidate_builder_contract.md,candidate_anonymity_check_state;anonymous_target_candidate_builder;target_state_vector_model,registry_only,Candidate anonymity check value: no registered identity-leakage issue was detected.,2026-05-05 23:20:27.193526-04,2026-05-17 02:10:11.268482-04
trm_ATCAN002,term,CANDIDATE_ANONYMITY_WATCH,text,watch,trading-model/src/models/model_03_target_state_vector/anonymous_target_candidate_builder/target_candidate_builder_contract.md,candidate_anonymity_check_state;anonymous_target_candidate_builder;target_state_vector_model,registry_only,Candidate anonymity check value: structural bucket combinations or evidence patterns require caution before promotion.,2026-05-05 23:20:27.193526-04,2026-05-17 02:10:11.268482-04
trm_ATCEL001,term,CANDIDATE_ELIGIBILITY_ELIGIBLE,text,eligible,trading-model/src/models/model_03_target_state_vector/anonymous_target_candidate_builder/target_candidate_builder_contract.md,candidate_eligibility_state;anonymous_target_candidate_builder;target_state_vector_model,registry_only,Candidate eligibility value: candidate has enough point-in-time evidence to flow downstream.,2026-05-05 23:20:27.193526-04,2026-05-17 02:10:11.268482-04
trm_ATCEL003,term,CANDIDATE_ELIGIBILITY_EXCLUDED,text,excluded,trading-model/src/models/model_03_target_state_vector/anonymous_target_candidate_builder/target_candidate_builder_contract.md,candidate_eligibility_state;anonymous_target_candidate_builder;target_state_vector_model,registry_only,Candidate eligibility value: candidate is blocked from downstream target-state vector generation.,2026-05-05 23:20:27.193526-04,2026-05-17 02:10:11.268482-04
trm_ATCEL004,term,CANDIDATE_ELIGIBILITY_INSUFFICIENT_DATA,text,insufficient_data,trading-model/src/models/model_03_target_state_vector/anonymous_target_candidate_builder/target_candidate_builder_contract.md,candidate_eligibility_state;anonymous_target_candidate_builder;target_state_vector_model,registry_only,Candidate eligibility value: available point-in-time evidence is not sufficient for candidate construction.,2026-05-05 23:20:27.193526-04,2026-05-17 02:10:11.268482-04
trm_ATCEL002,term,CANDIDATE_ELIGIBILITY_WATCH,text,watch,trading-model/src/models/model_03_target_state_vector/anonymous_target_candidate_builder/target_candidate_builder_contract.md,candidate_eligibility_state;anonymous_target_candidate_builder;target_state_vector_model,registry_only,Candidate eligibility value: candidate may be retained for observation but needs caution or additional review/evidence.,2026-05-05 23:20:27.193526-04,2026-05-17 02:10:11.268482-04
trm_ATCRC009,term,CANDIDATE_REASON_ANONYMITY_BUCKET_WATCH,text,3_ANONYMITY_BUCKET_WATCH,trading-model/src/models/model_03_target_state_vector/anonymous_target_candidate_builder/builder.py,candidate_generation_reason_codes;anonymous_target_candidate_builder;target_state_vector_model,registry_only,Anonymous target candidate reason code: anonymity bucket combination requires watch-state handling.,2026-05-05 23:20:27.193526-04,2026-05-17 02:10:11.268482-04
trm_ATCRC010,term,CANDIDATE_REASON_ANONYMITY_CHECK_FAILED,text,3_ANONYMITY_CHECK_FAILED,trading-model/src/models/model_03_target_state_vector/anonymous_target_candidate_builder/builder.py,candidate_generation_reason_codes;anonymous_target_candidate_builder;target_state_vector_model,registry_only,Anonymous target candidate reason code: identity-leakage/anonymity checks failed.,2026-05-05 23:20:27.193526-04,2026-05-17 02:10:11.268482-04
trm_ATCRC011,term,CANDIDATE_REASON_DUPLICATE_CANDIDATE_COLLAPSED,text,3_DUPLICATE_CANDIDATE_COLLAPSED,trading-model/src/models/model_03_target_state_vector/anonymous_target_candidate_builder/builder.py,candidate_generation_reason_codes;anonymous_target_candidate_builder;target_state_vector_model,registry_only,Anonymous target candidate reason code: duplicate candidate rows were collapsed during candidate preparation.,2026-05-05 23:20:27.193526-04,2026-05-17 02:10:11.268482-04
trm_ATCRC008,term,CANDIDATE_REASON_INSUFFICIENT_TARGET_EVIDENCE,text,3_INSUFFICIENT_TARGET_EVIDENCE,trading-model/src/models/model_03_target_state_vector/anonymous_target_candidate_builder/builder.py,candidate_generation_reason_codes;anonymous_target_candidate_builder;target_state_vector_model,registry_only,Anonymous target candidate reason code: target-local evidence was insufficient.,2026-05-05 23:20:27.193526-04,2026-05-17 02:10:11.268482-04
trm_ATCRC003,term,CANDIDATE_REASON_LAYER2_SECTOR_NOT_SELECTED_OR_WATCH,text,3_LAYER2_SECTOR_NOT_SELECTED_OR_WATCH,trading-model/src/models/model_03_target_state_vector/anonymous_target_candidate_builder/builder.py,candidate_generation_reason_codes;anonymous_target_candidate_builder;target_state_vector_model,registry_only,Anonymous target candidate reason code: upstream Layer 2 sector state was not selected/watch and candidate was excluded.,2026-05-05 23:20:27.193526-04,2026-05-17 02:10:11.268482-04
trm_ATCRC001,term,CANDIDATE_REASON_LAYER2_SECTOR_TRANSMISSION,text,3_LAYER2_SECTOR_TRANSMISSION,trading-model/src/models/model_03_target_state_vector/anonymous_target_candidate_builder/builder.py,candidate_generation_reason_codes;anonymous_target_candidate_builder;target_state_vector_model,registry_only,Anonymous target candidate reason code: candidate originated from accepted Layer 2 sector/basket transmission.,2026-05-05 23:20:27.193526-04,2026-05-17 02:10:11.268482-04
trm_ATCRC007,term,CANDIDATE_REASON_LAYER2_TRANSMISSION_TARGET_CANDIDATE,text,3_LAYER2_TRANSMISSION_TARGET_CANDIDATE,trading-model/src/models/model_03_target_state_vector/anonymous_target_candidate_builder/builder.py,candidate_generation_reason_codes;anonymous_target_candidate_builder;target_state_vector_model,registry_only,Anonymous target candidate reason code: normal candidate produced from Layer 2 transmission and target evidence.,2026-05-05 23:20:27.193526-04,2026-05-17 02:10:11.268482-04
trm_ATCRC005,term,CANDIDATE_REASON_LOW_EVIDENCE_COVERAGE,text,3_LOW_CANDIDATE_EVIDENCE_COVERAGE,trading-model/src/models/model_03_target_state_vector/anonymous_target_candidate_builder/builder.py,candidate_generation_reason_codes;anonymous_target_candidate_builder;target_state_vector_model,registry_only,Anonymous target candidate reason code: available evidence coverage was below candidate-preparation requirements.,2026-05-05 23:20:27.193526-04,2026-05-17 02:10:11.268482-04
trm_ATCRC004,term,CANDIDATE_REASON_MISSING_EXPOSURE_TRANSMISSION,text,3_MISSING_EXPOSURE_TRANSMISSION,trading-model/src/models/model_03_target_state_vector/anonymous_target_candidate_builder/builder.py,candidate_generation_reason_codes;anonymous_target_candidate_builder;target_state_vector_model,registry_only,Anonymous target candidate reason code: required exposure transmission evidence was missing.,2026-05-05 23:20:27.193526-04,2026-05-17 02:10:11.268482-04
trm_ATCRC002,term,CANDIDATE_REASON_TARGET_LOCAL_EVIDENCE_JOINED,text,3_TARGET_LOCAL_EVIDENCE_JOINED,trading-model/src/models/model_03_target_state_vector/anonymous_target_candidate_builder/builder.py,candidate_generation_reason_codes;anonymous_target_candidate_builder;target_state_vector_model,registry_only,Anonymous target candidate reason code: target-local evidence was joined to the candidate row.,2026-05-05 23:20:27.193526-04,2026-05-17 02:10:11.268482-04
trm_ATCRC006,term,CANDIDATE_REASON_WIDE_SPREAD_WATCH,text,3_WIDE_SPREAD_WATCH,trading-model/src/models/model_03_target_state_vector/anonymous_target_candidate_builder/builder.py,candidate_generation_reason_codes;anonymous_target_candidate_builder;target_state_vector_model,registry_only,Anonymous target candidate reason code: spread/cost evidence puts the candidate into watch state.,2026-05-05 23:20:27.193526-04,2026-05-17 02:10:11.268482-04
trm_RXUP2T7D,term,CODEX,text,Coding executor used for bounded implementation tasks under OpenClaw supervision.,,,registry_only,canonical shared definition for Codex in this workspace,2026-04-25 21:10:25.004346-04,2026-05-17 02:10:11.268482-04
term_HISTCUT001,term,COMPLETED_HISTORICAL_MONTH_CUTOFF,text,completed_historical_month_cutoff,trading-manager/src/trading_manager_tasks/scheduler_daemon.py;trading-manager/src/trading_manager_tasks/dashboard_read_models.py;trading-manager/docs/81_decision.md,historical_scheduler;month_selection;provider_download_guard;dashboard_task_visibility_guard,sync_artifact,Runtime selector and dashboard read-model boundary that prevents month-ingest workers or dashboard task rows from selecting/exposing the current incomplete month for provider-backed historical work.,2026-05-14 10:14:01.494105-04,2026-05-17 02:10:11.268482-04
term_CTP001,term,CRYPTO_SINGLE_ASSET_ETF_TARGET_PROXY_BOUNDARY,text,ibit_etha_fsol_target_proxy_only;bitw_layer_01_broad_crypto_market_state;bkch_layer_02_crypto_sector_context,trading-storage/docs/81_decision.md;trading-storage/main/shared/layer_01_02_market_context_etf_universe.csv;trading-storage/main/shared/layer_01_02_market_context_relative_strength_combinations.csv,market_regime_etf_universe;market_regime_relative_strength_combinations;crypto_target_proxy;layer_01_market_regime;layer_02_sector_context;layer_03_plus_target_study,sync_artifact,"Accepted boundary: single-asset crypto ETFs such as IBIT, ETHA, and FSOL are not default Layer 1/2 context rows. Use BITW for broad Layer 1 crypto-basket market state, BKCH for Layer 2 blockchain/crypto-related equity sector context, and single-asset ETFs only as auxiliary target/proxy instruments when studying BTC/ETH/SOL-like targets.",2026-05-14 05:29:50.322336-04,2026-05-17 02:10:11.268482-04
trm_CPS001,term,CURRENT_POSITION_STATE,text,current_position_state,trading-model/docs/07_layer_06_position_projection.md,position_projection_model;position_projection_vector;point_in_time_position_context,registry_only,"Layer 5 point-in-time current position state input. It describes current abstract exposure, direction, age, liquidity, and risk/concentration context; it is not an order or execution record.",2026-05-07 02:36:52.773229-04,2026-05-17 02:10:11.268482-04
trm_CUPS01,term,CURRENT_UNDERLYING_POSITION_STATE,text,current_underlying_position_state,trading-model/docs/08_layer_07_underlying_action.md,underlying_action_model;underlying_action_plan;underlying_action_vector;point_in_time_underlying_position_context,registry_only,Layer 6 point-in-time current direct-underlying position state input. It describes current stock/ETF exposure state for action planning; it is not an order or execution record.,2026-05-07 09:17:56.607601-04,2026-05-17 02:10:11.268482-04
trm_EGACS001,term,EARNINGS_GUIDANCE_ARTIFACT_COVERAGE_SCOUT_Q4_2025,text,earnings_guidance_artifact_coverage_scout_v1,trading-model/storage/earnings_guidance_artifact_coverage_scout_q4_2025_20260515,earnings_guidance_event_family;event_family_scouting_packet_v1;event_risk_governor;model_promotion,sync_artifact,"Eighth itemized earnings/guidance scout: 12 SEC result filing references, but zero local official filing/release/transcript text artifacts, zero accepted guidance interpretations, zero expectation baselines, and zero signed-direction-ready rows.",2026-05-15 21:52:25.582649-04,2026-05-17 02:10:11.268482-04
trm_EGACS002,term,EARNINGS_GUIDANCE_ARTIFACT_COVERAGE_WITH_DOCUMENTS_Q4_2025,text,earnings_guidance_artifact_coverage_scout_v1,trading-model/storage/earnings_guidance_artifact_coverage_with_documents_q4_2025_20260515,earnings_guidance_event_family;event_family_scouting_packet_v1;event_risk_governor;model_promotion,sync_artifact,"Ninth itemized earnings/guidance scout: bounded SEC document acquisition produced 12/12 official filing text artifacts, but guidance interpretation, expectation baselines, and signed-direction readiness remain zero.",2026-05-15 22:06:56.908705-04,2026-05-17 02:10:11.268482-04
trm_EGBS001,term,EARNINGS_GUIDANCE_BASELINE_SOURCE_AUDIT_Q4_2025,text,earnings_guidance_baseline_source_audit_v1,trading-model/storage/earnings_guidance_baseline_source_audit_q4_2025_20260515,earnings_guidance_event_family;expectation_baseline;event_risk_governor;model_promotion,sync_artifact,"Thirteenth itemized earnings/guidance scout: 12 matched Nasdaq calendar rows, 12 EPS forecast-like fields, zero PIT-accepted baseline rows, zero revenue forecast rows, and zero signed-direction-ready rows.",2026-05-15 23:01:42.30541-04,2026-05-17 02:10:11.268482-04
trm_CPGC001,term,EARNINGS_GUIDANCE_CURRENT_PRIOR_COMPARISON_READINESS_Q4_2025,text,earnings_guidance_current_prior_comparison_readiness_v1,trading-model/storage/earnings_guidance_current_prior_comparison_readiness_q4_2025_20260516,earnings_guidance_event_family;prior_company_guidance;current_guidance_comparison;event_risk_governor,sync_artifact,"Eighteenth itemized scout: 7 accepted prior-guidance baseline events, 9 current partial guidance-context events, 0 current comparable guidance events, 0 accepted guidance raise/cut rows, and 0 signed-direction-ready rows.",2026-05-16 01:05:03.141904-04,2026-05-17 02:10:11.268482-04
trm_EGEA001,term,EARNINGS_GUIDANCE_EVENT_ALONE_Q4_2025_SCOUTING_STUDY,text,earnings_guidance_event_alone_scouting_study_v1,trading-model/storage/earnings_guidance_event_alone_q4_2025_20260515,earnings_guidance_event_family;event_family_scouting_packet_v1;activity_price_relationship_study;event_risk_governor,sync_artifact,"First itemized earnings/guidance event-alone scout: 12 Q4 2025 earnings-shell events, 36 same-symbol non-earnings controls, positive direction-neutral path expansion, and weak/negative directional evidence. Diagnostic only; family remains scouting.",2026-05-15 11:26:01.543562-04,2026-05-17 02:10:11.268482-04
trm_EGFP001,term,EARNINGS_GUIDANCE_EVENT_FAMILY,text,earnings_guidance_event_family,trading-model/docs/101_earnings_guidance_event_family_packet.md,event_family_scouting_packet_v1;event_interpretation_v1;event_activity_bridge;event_risk_governor,sync_artifact,"Dedicated event family for scheduled earnings results, guidance updates, and narrative residuals linked to canonical earnings/report artifacts. Current status is scouting, not promotion evidence.",2026-05-15 09:46:46.514775-04,2026-05-17 02:10:11.268482-04
trm_ELFJ002,term,EARNINGS_GUIDANCE_EVENT_FAMILY_STATUS_AFTER_CANONICAL_SCOUTING,text,scouting,trading-model/docs/101_earnings_guidance_event_family_packet.md,earnings_guidance_event_family;event_family_scouting_packet_v1,sync_artifact,The canonical calendar shell/control pass supports continued scouting only; it is underpowered and lacks official result/guidance interpretation plus verified no-option-abnormality controls.,2026-05-15 10:46:16.871459-04,2026-05-17 02:10:11.268482-04
trm_EGFM001,term,EARNINGS_GUIDANCE_EVENT_OVERVIEW_ROW,text,earnings_guidance,trading-data/src/data_source/source_09_event_risk_governor,source_09_event_risk_governor;earnings_guidance_event_family;event_family_scouting_packet_v1,sync_artifact,Event-risk source category for earnings/guidance overview rows. Calendar rows are scheduled shells only; official SEC/company artifacts are result/guidance evidence.,2026-05-15 09:58:22.667114-04,2026-05-17 02:10:11.268482-04
trm_EGSS001,term,EARNINGS_GUIDANCE_EVENT_SCOUTING_20260515,text,earnings_guidance_event_family_scouting_study_v1,trading-model/storage/earnings_guidance_event_scouting_20260515,earnings_guidance_event_family;event_family_scouting_packet_v1;event_activity_bridge;activity_price_relationship_study,sync_artifact,"Canonical-calendar scouting artifact: 10 target-symbol earnings shells, 152 abnormal windows, 9 canonical earnings-shell windows across 2 symbols, and verified non-earnings controls for all windows. Diagnostic only; not promotion evidence.",2026-05-15 10:41:44.320405-04,2026-05-17 02:10:11.268482-04
trm_EGEB001,term,EARNINGS_GUIDANCE_EXPECTATION_BASELINE_READINESS_Q4_2025,text,earnings_guidance_expectation_baseline_readiness_v1,trading-model/storage/earnings_guidance_expectation_baseline_readiness_q4_2025_20260515,earnings_guidance_event_family;event_family_scouting_packet_v1;event_risk_governor;model_promotion,sync_artifact,"Twelfth itemized earnings/guidance scout: 12 events, zero supplied baseline artifacts, 12 missing point-in-time expectation baselines, and zero signed-direction-ready rows.",2026-05-15 22:47:11.4541-04,2026-05-17 02:10:11.268482-04
trm_EGIR001,term,EARNINGS_GUIDANCE_INTERPRETATION_REVIEW_Q4_2025,text,earnings_guidance_interpretation_review_v1,trading-model/storage/earnings_guidance_interpretation_review_q4_2025_20260515,earnings_guidance_event_family;event_family_scouting_packet_v1;event_risk_governor;model_promotion,sync_artifact,"Eleventh itemized earnings/guidance scout: 9 partial official guidance-context events, 3 reviewed no accepted guidance-context events, zero accepted guidance raise/cut rows, zero expectation baselines, and zero signed-direction-ready rows.",2026-05-15 22:40:33.811655-04,2026-05-17 02:10:11.268482-04
trm_PGEE001,term,EARNINGS_GUIDANCE_PRIOR_GUIDANCE_EXHIBIT_EXTRACTION_Q4_2025,text,earnings_guidance_prior_guidance_exhibit_extraction_v1,trading-model/storage/earnings_guidance_prior_guidance_exhibit_extraction_q4_2025_20260515,earnings_guidance_event_family;prior_company_guidance;expectation_baseline;event_risk_governor,sync_artifact,"Seventeenth itemized scout: 7 accepted prior-company-guidance baseline-context events, 8 accepted exhibit documents, 42 accepted spans, 5 reviewed no prior guidance context events, and zero signed-direction-ready rows.",2026-05-16 00:26:02.664346-04,2026-05-17 02:10:11.268482-04
trm_POGE001,term,EARNINGS_GUIDANCE_PRIOR_GUIDANCE_EXTRACTION_Q4_2025,text,earnings_guidance_prior_guidance_extraction_v1,trading-model/storage/earnings_guidance_prior_guidance_extraction_q4_2025_20260515,earnings_guidance_event_family;prior_company_guidance;expectation_baseline;event_risk_governor,sync_artifact,"Sixteenth itemized scout: 1 accepted prior-company-guidance baseline-context event, 3 accepted spans, 11 reviewed no prior guidance context, and zero signed-direction-ready rows.",2026-05-15 23:53:07.833931-04,2026-05-17 02:10:11.268482-04
trm_POGB001,term,EARNINGS_GUIDANCE_PRIOR_OFFICIAL_BASELINE_SOURCE_AUDIT_Q4_2025,text,earnings_guidance_prior_official_baseline_source_audit_v1,trading-model/storage/earnings_guidance_prior_official_baseline_source_audit_q4_2025_20260515,earnings_guidance_event_family;prior_company_guidance;expectation_baseline;event_risk_governor,sync_artifact,Fifteenth itemized source audit: selected 12/12 prior official SEC filing candidates after consuming bounded SEC submission artifacts; no signed claims unlocked.,2026-05-15 23:29:38.290383-04,2026-05-17 02:10:11.268482-04
trm_POGB002,term,EARNINGS_GUIDANCE_PRIOR_OFFICIAL_DOCUMENT_COVERAGE_Q4_2025,text,earnings_guidance_prior_official_document_coverage_v1,trading-model/storage/earnings_guidance_prior_official_document_coverage_q4_2025_20260515,earnings_guidance_event_family;prior_company_guidance;expectation_baseline;event_risk_governor,sync_artifact,"Fifteenth itemized document coverage: 12/12 prior official document texts present, zero accepted prior-guidance baselines, zero signed-direction-ready rows.",2026-05-15 23:29:38.290383-04,2026-05-17 02:10:11.268482-04
trm_EGRS002,term,EARNINGS_GUIDANCE_READINESS_SCOUT_Q4_2025,text,earnings_guidance_readiness_scout_v1,trading-model/storage/earnings_guidance_readiness_scout_q4_2025_20260515,earnings_guidance_event_family;event_family_scouting_packet_v1;event_risk_governor;model_promotion,sync_artifact,"Seventh itemized earnings/guidance scout: 12 official SEC result artifacts and 11 partial result-context rows, but zero official guidance interpretations, zero expectation baselines, and zero signed-direction-ready rows.",2026-05-15 19:27:36.790135-04,2026-05-17 02:10:11.268482-04
trm_EGRS001,term,EARNINGS_GUIDANCE_RESULT_ARTIFACT_Q4_2025_SCOUTING_STUDY,text,earnings_guidance_result_artifact_scout_v1,trading-model/storage/earnings_guidance_result_artifact_scout_q4_2025_20260515,earnings_guidance_event_family;event_family_scouting_packet_v1;activity_price_relationship_study;event_risk_governor,sync_artifact,Second itemized earnings/guidance scout: 12 official SEC result artifacts found and 11 partial XBRL metric-direction interpretations. Guidance interpretation remains missing; result direction is not signed-alpha evidence.,2026-05-15 11:59:42.586793-04,2026-05-17 02:10:11.268482-04
trm_EGTCS001,term,EARNINGS_GUIDANCE_TEXT_CANDIDATE_SCOUT_Q4_2025,text,earnings_guidance_text_candidate_scout_v1,trading-model/storage/earnings_guidance_text_candidate_scout_q4_2025_20260515,earnings_guidance_event_family;event_family_scouting_packet_v1;event_risk_governor;model_promotion,sync_artifact,"Tenth itemized earnings/guidance scout: 12 official document text events, 11 candidate guidance-text events requiring review, one boilerplate-only event, zero accepted guidance interpretations, zero expectation baselines, and zero signed-direction-ready rows.",2026-05-15 22:12:43.899145-04,2026-05-17 02:10:11.268482-04
trm_EOAS001,term,EARNINGS_OPTION_ABNORMALITY_SPLIT_SCOUT_20260515,text,earnings_option_abnormality_split_scout_v1,trading-model/storage/earnings_option_abnormality_split_scout_20260515,earnings_guidance_event_family;option_derivatives_abnormality;event_family_scouting_packet_v1;activity_price_relationship_study;event_risk_governor,sync_artifact,"Third itemized earnings/guidance scout: existing reviewed option matrix overlapped two canonical earnings rows, both with verified option abnormality and zero verified earnings-without-option-abnormality controls; amplifier comparison remains blocked.",2026-05-15 12:09:07.226656-04,2026-05-17 02:10:11.268482-04
trm_EOCV001,term,EARNINGS_OPTION_NO_ABNORMALITY_CONTROL_PROBE_20260515,text,earnings_option_control_verification_v1,trading-model/storage/earnings_option_no_abnormality_control_probe_20260515,earnings_guidance_event_family;option_derivatives_abnormality;event_family_scouting_packet_v1;activity_price_relationship_study;event_risk_governor,sync_artifact,"Fourth itemized earnings/guidance scout: sampled five candidate strikes and both CALL/PUT for earnings rows missing option coverage; found zero verified no sampled option-abnormality controls, so amplifier comparison remains blocked.",2026-05-15 12:31:19.699744-04,2026-05-17 02:10:11.268482-04
trm_ECE001,term,EFFECTIVE_CURRENT_EXPOSURE,text,effective_current_exposure,trading-model/docs/07_layer_06_position_projection.md,position_projection_model;current_position_state;pending_position_state;position_projection_vector;diagnostics,registry_only,Layer 5 model-local exposure construct: current_position_exposure plus pending_exposure_size times pending_order_fill_probability_estimate. Used to compute position gap; not an execution instruction.,2026-05-07 02:36:52.773229-04,2026-05-17 02:10:11.268482-04
trm_ECUE01,term,EFFECTIVE_CURRENT_UNDERLYING_EXPOSURE,text,effective_current_underlying_exposure,trading-model/docs/08_layer_07_underlying_action.md,underlying_action_model;current_underlying_position_state;pending_underlying_order_state;underlying_action_plan;underlying_action_vector;diagnostics,registry_only,Layer 6 model-local exposure construct: current direct-underlying exposure plus pending underlying exposure times pending fill probability estimate. Used to compute underlying exposure gap and avoid duplicate plans; not an execution instruction.,2026-05-07 09:17:56.607601-04,2026-05-17 02:10:11.268482-04
dki_H1NIJOXE,term,ETF_CONSTITUENT_WEIGHT,text,etf_constituent_weight,,06_feed_etf_holdings,review_on_merge,ETF constituent weight/proportion value Registry cleanup 2026-04-28: restored from deleted data_kind history as term; not an active final saved data_kind.,2026-04-28 04:58:26.898545-04,2026-05-17 02:10:11.268482-04
dki_LU1O02ID,term,ETF_FUND_METADATA,text,etf_fund_metadata,,06_feed_etf_holdings,review_on_merge,ETF issuer fund metadata used with holdings files Registry cleanup 2026-04-28: restored from deleted data_kind history as term; not an active final saved data_kind.,2026-04-28 04:58:26.898545-04,2026-05-17 02:10:11.268482-04
dki_YDPFX3FL,term,ETF_HOLDING,text,etf_holding,,06_feed_etf_holdings,review_on_merge,ETF issuer-published constituent holding row Registry cleanup 2026-04-28: restored from deleted data_kind history as term; not an active final saved data_kind.,2026-04-28 04:58:26.898545-04,2026-05-17 02:10:11.268482-04
trm_EAB001,term,EVENT_ACTIVITY_BRIDGE,text,event_activity_bridge,trading-model/docs/10_layer_09_event_risk_governor.md,event_risk_governor;event_interpretation_v1;event_abnormal_activity_residual_policy;prediction_market;polymarket;source_09_event_risk_governor,sync_artifact,"Contract connecting event evidence to price, liquidity, option, and prediction-market activity. Useful when raw news is difficult to standardize semantically but activity gives stable point-in-time lead/lag or confirmation/divergence evidence.",2026-05-15 04:51:25.330742-04,2026-05-17 02:10:11.268482-04
trm_ECV001,term,EVENT_CONTEXT_VECTOR,text,event_context_vector,trading-model/docs/10_layer_09_event_risk_governor.md,trading-model;event_risk_governor;model_09_event_risk_governor;alpha_confidence_model,registry_only,"Layer 8 point-in-time event-context / event-risk-governor evidence output. It contains event timing, scope, type, intensity, directional context, risk context, and quality context without action or execution instructions; it is not a hard upstream alpha prerequisite.",2026-05-06 09:19:50.080899-04,2026-05-17 02:23:46.500631-04
trm_EFRM001,term,EVENT_FAILURE_RISK_MODEL,text,event_failure_risk_model,trading-model/docs/05_layer_04_event_failure_risk.md,trading-model;event_failure_risk_vector;event_risk_governor;alpha_confidence_model;model_architecture,registry_only,"Accepted canonical Layer 4 model id. EventFailureRiskModel converts agent-accepted event/strategy-failure relationships into pre-alpha failure-risk conditioning; it is not raw event alpha, discovery, action selection, sizing, execution, or broker/account mutation.",2026-05-17 00:24:56.974942-04,2026-05-17 02:23:46.500631-04
trm_EFRV001,term,EVENT_FAILURE_RISK_VECTOR,text,event_failure_risk_vector,trading-model/docs/05_layer_04_event_failure_risk.md,trading-model;event_failure_risk_model;alpha_confidence_model;event_strategy_promotion_review,registry_only,"Layer 4 EventFailureRiskModel output vector for reviewed event/strategy-failure conditioning before AlphaConfidenceModel. It carries failure-risk, block/cap/disable pressure, path-risk amplification, evidence quality, applicability confidence, and reason refs; it is not standalone directional alpha or an order instruction.",2026-05-17 00:24:56.974942-04,2026-05-17 02:23:46.500631-04
trm_EFSC001,term,EVENT_FAMILY_SCOUTING_PACKET,text,event_family_scouting_packet_v1,trading-model/docs/100_event_family_scouting.md,event_interpretation_v1;event_activity_bridge;event_risk_governor;model_promotion,sync_artifact,"Reviewed packet required before an event family enters model training, event-risk intervention promotion, or EventActivityBridgeModel promotion work.",2026-05-15 09:29:46.110589-04,2026-05-17 02:10:11.268482-04
trm_ELFJ001,term,EVENT_LAYER_FINAL_JUDGMENT_20260515,text,event_layer_accepted_as_bounded_event_risk_governor_not_broad_event_alpha,trading-model/docs/102_event_layer_final_judgment.md,event_risk_governor;event_family_scouting;event_activity_bridge;model_promotion,sync_artifact,"Final judgment after option abnormality, matched-control, raw-news, and canonical earnings/guidance scouting: keep/build EventRiskGovernor as bounded risk/intelligence overlay; do not promote broad event alpha, standalone option abnormality, or EventActivityBridgeModel.",2026-05-15 10:46:16.871459-04,2026-05-17 02:10:11.268482-04
trm_ELC001,term,EVENT_LIFECYCLE_CONTRACT,text,event_lifecycle_contract,trading-model/docs/10_layer_09_event_risk_governor.md,event_risk_governor;event_interpretation_v1;source_09_event_risk_governor;trading-manager;trading-data;trading-model,sync_artifact,Contract requiring event intelligence to preserve lifecycle class and clocks so scheduled-known catalysts are not trained or evaluated as unscheduled surprise events.,2026-05-15 04:27:58.466454-04,2026-05-17 02:10:11.268482-04
trm_ERG001,term,EVENT_RISK_GOVERNOR,text,event_risk_governor,trading-model/docs/10_layer_09_event_risk_governor.md,trading-model;trading-data;source_09_event_risk_governor;model_09_event_risk_governor;event_context_vector;event_risk_intervention;event_failure_risk_model;current_physical_names,sync_artifact,"Accepted Layer 9 event-risk governor. It consumes point-in-time residual event evidence after base Layer 8 trading guidance, may warn/block/cap/review or emit promotion packets, and remains bounded to risk governance unless reviewed evidence moves a family into Layer 4 EventFailureRiskModel.",2026-05-15 03:40:42.121188-04,2026-05-17 02:20:25.031338-04
trm_ERI001,term,EVENT_RISK_INTERVENTION,text,event_risk_intervention,trading-model/docs/10_layer_09_event_risk_governor.md,event_risk_governor;layer_09_event_risk_governor;legacy_layer_09_event_risk_governor;trading_guidance_record;execution_risk_control;current_physical_names,sync_artifact,"Layer 9 output that modifies the decision/risk record consumed by execution risk-control. It is not a broker order, route, time-in-force, or account mutation.",2026-05-15 03:40:42.121188-04,2026-05-17 02:10:11.291447-04
trm_EXEC_BRK001,term,EXECUTION_BROKER_INTERFACE,text,execution_broker_interface,trading-execution/src/trading_execution/broker/contracts.py,trading-execution;broker_interface;exchange_interface;execution_runtime;okx;firstrade,sync_artifact,Execution broker/exchange interface catalog. OKX is accepted for crypto adapter scaffolding with live mutation disabled; Firstrade is recorded as deferred because no official trading API is accepted.,2026-05-11 03:40:27.03612-04,2026-05-17 02:10:11.268482-04
trm_EOC003,term,EXECUTION_BROKER_ORDER_INTENT,text,execution_broker_order_intent,trading-execution/src/trading_execution/broker/order_construction.py,trading-execution;okx;broker_order_payload;idempotency_key;constructed_not_submitted;no_broker_submission;no_account_mutation,sync_artifact,Broker-shaped order intent produced after approval and trade-risk-cap validation. It is constructed but not submitted.,2026-05-11 06:07:09.032057-04,2026-05-17 02:10:11.268482-04
trm_EOC004,term,EXECUTION_BROKER_ORDER_INTENT_RESULT,text,execution_broker_order_intent_result,trading-execution/src/trading_execution/broker/order_construction.py,trading-execution;broker_order_construction;approval_validation;risk_cap_validation;broker_order_intent,sync_artifact,"Result envelope for broker order-intent construction, including approval validation, risk-cap validation, and the constructed intent when allowed.",2026-05-11 06:07:09.032057-04,2026-05-17 02:10:11.268482-04
trm_EXEC_RT008,term,EXECUTION_MODEL_DECISION_INPUT_SNAPSHOT,text,execution_model_decision_input_snapshot,trading-execution/src/trading_execution/market_data/features.py,trading-execution;trading-model;historical_model_decision_handoff;model_decision_input;layers_1_9;no_model_activation;no_broker_calls,sync_artifact,Execution-side bridge from realtime feature snapshots to historical model data decision inputs. It packages all Layer 1-8 feature refs and frozen historical model/data refs for fixture or shadow decision routing without activating models or constructing orders.,2026-05-11 05:06:32.475085-04,2026-05-17 02:10:11.268482-04
trm_EXEC_RT009,term,EXECUTION_MODEL_DECISION_INPUT_VALIDATION,text,execution_model_decision_input_validation,trading-execution/src/trading_execution/market_data/features.py,trading-execution;execution_model_decision_input_snapshot;validation;layers_1_9;no_model_activation;no_broker_mutation,sync_artifact,"Local validation result for realtime-to-model decision input handoff envelopes. It checks all Layer 1-8 input refs and nested feature snapshot validation without model activation, provider calls, order construction, or account mutation.",2026-05-11 05:06:32.475085-04,2026-05-17 02:10:11.268482-04
trm_EOC001,term,EXECUTION_ORDER_CONSTRUCTION_APPROVAL,text,execution_order_construction_approval,trading-execution/src/trading_execution/broker/order_construction.py,trading-execution;broker_order_construction;trade_risk_cap;okx;no_broker_submission;no_account_mutation,sync_artifact,Reviewed approval artifact required before constructing a broker-shaped order intent. It does not authorize broker submission or account mutation.,2026-05-11 06:07:09.032057-04,2026-05-17 02:10:11.268482-04
trm_EOC002,term,EXECUTION_ORDER_CONSTRUCTION_APPROVAL_VALIDATION,text,execution_order_construction_approval_validation,trading-execution/src/trading_execution/broker/order_construction.py,trading-execution;broker_order_construction;approval_validation;instrument_scope;side_scope;order_type_scope;expiry_check,sync_artifact,Validation result for broker order-construction approvals before an order intent can be built.,2026-05-11 06:07:09.032057-04,2026-05-17 02:10:11.268482-04
trm_RTLV002,term,EXECUTION_REALTIME_CAPTURE_FIXTURE_SET,text,execution_realtime_capture_fixture_set,trading-execution/src/trading_execution/market_data/live_observe.py,trading-execution;realtime_capture_contract;shadow_monitoring;forward_holdout;fixture_replay;no_persistence_by_default,sync_artifact,"Fixture capture row bundle for provider/account/event realtime routes. Rows satisfy realtime capture validation for shadow rehearsal while preserving zero provider calls, zero broker calls, zero model activation, and zero account mutation.",2026-05-11 05:46:23.602968-04,2026-05-17 02:10:11.268482-04
trm_EXEC_RT001,term,EXECUTION_REALTIME_DATA_INTERFACE,text,execution_realtime_data_interface,trading-execution/src/trading_execution/market_data/contracts.py,trading-execution;realtime_market_data;execution_runtime;okx;alpaca;thetadata,sync_artifact,"Execution-side realtime market-data interface catalog. Realtime routes may share canonical providers with historical data, but use distinct realtime transports such as WebSocket streams or realtime HTTP snapshots.",2026-05-11 03:40:27.03612-04,2026-05-17 02:10:11.268482-04
trm_EXEC_RT002,term,EXECUTION_REALTIME_INPUT_COVERAGE_MATRIX,text,execution_realtime_input_coverage,trading-execution/src/trading_execution/market_data/contracts.py,trading-execution;realtime_market_data;model_01_market_regime;model_02_sector_context;model_03_target_state_vector;model_09_event_risk_governor;model_05_alpha_confidence;model_06_position_projection;model_07_underlying_action;model_08_option_expression,sync_artifact,"Side-effect-free Layers 1-8 realtime model-input coverage matrix. It records required realtime observation groups, primary sources, required capture fields, current coverage status, and known provider/account/restriction gaps without opening streams or calling providers.",2026-05-11 04:35:24.928247-04,2026-05-17 02:10:11.268482-04
trm_RTLV001,term,EXECUTION_REALTIME_LIVE_OBSERVE_ADAPTER_PLAN,text,execution_realtime_live_observe_adapter_plan,trading-execution/src/trading_execution/market_data/live_observe.py,trading-execution;alpaca;thetadata;okx;calendar_discovery;execution_account_state;derived_model_context;live_observe_fixture;no_provider_calls;no_broker_calls,sync_artifact,"Concrete side-effect-free realtime adapter plan row covering provider, event, account-context, and derived-model-context routes. It is fixture/shadow planning only and opens no sockets, calls no providers, resolves no secrets, activates no models, and mutates no broker/account state.",2026-05-11 05:46:23.602968-04,2026-05-17 02:10:11.268482-04
trm_RTLF003,term,EXECUTION_REALTIME_LIVE_OBSERVE_RESULT,text,execution_realtime_live_observe_result,trading-execution/src/trading_execution/market_data/live_provider.py,trading-execution;realtime_live_observe_approval;alpaca;thetadata;okx;read_only_provider_observation;realtime_capture_row;realtime_feature_snapshot;execution_model_decision_input_snapshot,sync_artifact,"Formal execution-side read-only provider observation result. It may include provider market-data calls only after validated approval and explicit execute flag; it still forbids model activation, broker execution, order construction, and account mutation.",2026-05-11 06:02:14.685027-04,2026-05-17 02:10:11.268482-04
trm_EXEC_RT_MONITOR003,term,EXECUTION_REALTIME_MONITOR_CYCLE_SUMMARY,text,execution_realtime_monitor_cycle_summary,trading-execution/src/trading_execution/market_data/realtime_monitor.py,trading-execution;realtime_monitoring;runtime_loop;cycle_summary;reconnect_backoff_observability,sync_artifact,"Per-cycle monitor summary with request/approval ids, provider observation summary, cycle status, timing, and next-cycle delay for reconnect/backoff observability.",2026-05-11 11:18:34.128932-04,2026-05-17 02:10:11.268482-04
trm_EXEC_RT_MONITOR002,term,EXECUTION_REALTIME_MONITOR_LOOP_RECEIPT,text,execution_realtime_monitor_loop_receipt,trading-execution/src/trading_execution/market_data/realtime_monitor.py,trading-execution;realtime_monitoring;runtime_loop;cycle_receipts;provider_status_summary;safety_invariants,sync_artifact,"Loop-level receipt for supervised execution-owned realtime monitoring. Aggregates per-cycle provider calls, cycle status, receipt paths, and invariant flags while leaving manager as evidence consumer only.",2026-05-11 11:18:34.128932-04,2026-05-17 02:10:11.268482-04
trm_EXEC_RT_MONITOR001,term,EXECUTION_REALTIME_MONITOR_SMOKE_RECEIPT,text,execution_realtime_monitor_smoke_receipt,trading-execution/src/trading_execution/market_data/realtime_monitor.py,trading-execution;realtime_monitoring;runtime_smoke;receipt;provider_status_summary;safety_invariants,sync_artifact,"Receipt envelope for a bounded execution-owned realtime monitor smoke. Includes request, approval, live-observe result, and a credential-free summary of provider calls, observations, capture counts, and invariant flags.",2026-05-11 10:22:55.878154-04,2026-05-17 02:10:11.268482-04
trm_RTEB001,term,EXECUTION_REALTIME_RUNTIME_CONTROLLER,text,execution_realtime_runtime_controller,trading-execution/docs/09_realtime_data.md,trading-execution;realtime_monitoring;runtime_control;provider_stream_lifecycle;not_manager_controlled,sync_artifact,"Execution-owned realtime monitoring runtime boundary. Trading-execution owns live observe processes, subscriptions, throttling, reconnect/backoff, provider stream lifecycle, and runtime health for realtime market monitoring.",2026-05-11 09:39:26.397107-04,2026-05-17 02:10:11.268482-04
trm_RTLV003,term,EXECUTION_REALTIME_SHADOW_FIXTURE_BUNDLE,text,execution_realtime_shadow_fixture_bundle,trading-execution/src/trading_execution/market_data/live_observe.py,trading-execution;execution_realtime_live_observe_adapter_plan;execution_realtime_capture_fixture_set;realtime_feature_snapshot;execution_model_decision_input_snapshot,sync_artifact,"Execution-side realtime shadow bundle that builds adapter plans, capture fixtures, realtime feature snapshots, and model decision input snapshots without live provider calls, model activation, order construction, persistence, or account mutation.",2026-05-11 05:46:23.602968-04,2026-05-17 02:10:11.268482-04
trm_EXEC_RT003,term,EXECUTION_REALTIME_SUBSCRIPTION_PLAN,text,execution_realtime_subscription_plan,trading-execution/src/trading_execution/market_data/adapters.py,trading-execution;realtime_market_data;alpaca;okx;thetadata;derived_model_context;calendar_discovery;execution_account_state;no_provider_calls,sync_artifact,"Side-effect-free realtime subscription plan row for dry-run, fixture-replay, and approval-blocked live-observe routes. It plans source/interface/model-layer/instrument coverage without opening sockets, calling providers, resolving secrets, activating models, or mutating broker/account state.",2026-05-11 04:49:57.410566-04,2026-05-17 02:10:11.268482-04
trm_EXEC_RT004,term,EXECUTION_REALTIME_SUBSCRIPTION_PLAN_SET,text,execution_realtime_subscription_plan_set,trading-execution/src/trading_execution/market_data/adapters.py,trading-execution;realtime_market_data;subscription_planning;no_provider_calls;no_broker_calls,sync_artifact,Serializable side-effect-free plan set emitted by realtime capture planning. Provider and broker call counts must remain zero.,2026-05-11 04:49:57.410566-04,2026-05-17 02:10:11.268482-04
trm_EXV001,term,EXPRESSION_VECTOR,text,expression_vector,trading-model/docs/09_layer_08_trading_guidance.md,trading-model;option_expression_model;model_08_option_expression;option_expression_plan;underlying_action_plan;model_evaluation,registry_only,"Layer 8 scalar/vector output for option-expression quality by horizon. It carries eligibility, signed expression direction, contract fit, liquidity fit, IV, Greek fit, reward/risk, theta risk, fill quality, and expression confidence; it is not an order instruction.",2026-05-07 10:47:23.517198-04,2026-05-17 02:23:46.500631-04
term_FOLDMAT001,term,FOLD_SCOPED_LAYER_03_TARGET_STATE_INPUTS,text,source_03_target_state task key spans fold_start through fold_end and reuses all reviewed Layer 2 feed artifacts in that range,trading-manager/src/trading_manager_tasks/layer_three_target_state.py;trading-manager/tests/test_layer_three_target_state.py,layer_03_target_state_vector;source_03_target_state;fold_materialization,sync_artifact,Layer 3 target-state input materialization uses one target candidate per symbol across the fold and merges all month-scoped reviewed Layer 2 bars into the six-month source task key.,2026-05-14 10:56:47.647426-04,2026-05-17 02:10:11.268482-04
term_FOLDMAT002,term,FOLD_SCOPED_LAYER_09_EVENT_RISK_GOVERNOR_INPUTS,text,source_09_event_risk_governor detector/source task keys span fold_start through fold_end and keep detector runs separated by symbol and month,trading-manager/src/trading_manager_tasks/layer_nine_event_risk_governor.py;trading-manager/tests/test_layer_nine_event_risk_governor.py,layer_09_event_risk_governor;source_09_event_risk_governor;fold_materialization,sync_artifact,"Current source_09 / Layer 9 event-risk-governor materialization accepts six-month folds, prepares detector task keys per symbol-month, and writes one fold-scoped source_09 task key for the event index.",2026-05-14 10:56:47.647426-04,2026-05-17 02:10:11.291775-04
term_RFP004,term,FROZEN_ROLLING_FOLD_INPUT_MANIFEST,text,frozen_rolling_fold_input_manifest,trading-manager/docs/81_decision.md;trading-manager/docs/98_automation_scheduler.md,historical_scheduler;rolling_fold;model_worker;input_manifest;ready_signal,sync_artifact,"Versioned explicit manifest consumed by the model/promotion worker; it freezes fold input artifacts, ready signals, coverage evidence, and split scope so model work never reads unqualified latest or partial staging rows.",2026-05-14 04:09:03.208983-04,2026-05-17 02:10:11.268482-04
trm_WMIVZRL2,term,GITHUB,text,GitHub code hosting reference,,git_operations,registry_only,code-hosting platform reference for repository operations; not a trading-data/source-interface provider row,2026-04-26 00:23:32.872061-04,2026-05-17 02:10:11.268482-04
trm_MBKALOPT,term,HISTORICAL_DATA_ACQUISITION,text,Historical-only data acquisition scope for trading-data; realtime market data belongs to trading-execution unless later re-scoped by contract,,trading-data,registry_only,scope boundary term; prevents source connector scripts from drifting into realtime execution behavior,2026-04-26 02:29:51.139366-04,2026-05-17 02:10:11.268482-04
term_DU001,term,HISTORICAL_DATASET_UNIT_POLICY,text,layers_01_02_six_month_panel;layers_03_08_target_symbol_six_month;layer_09_event_risk_governor_six_month_overlay,trading-manager/docs/98_automation_scheduler.md;trading-manager/docs/99_historical_scheduler_runtime.md;trading-manager/docs/100_dataset_expansion.md,historical_scheduler;model_training_workflow;dataset_expansion;manager_model_training_workflow_plan;manager_model_training_workflow_state,sync_artifact,Accepted dataset-unit policy: Layers 1-2 use one six-month panel; Layers 3-8 use one selected target symbol over one six-month window; Layer 9 EventRiskGovernor is a separate event-risk overlay. Current physical stage tokens use the nine-layer numbering.,2026-05-14 04:33:13.334024-04,2026-05-17 02:10:11.268482-04
trm_HMSR001,term,HISTORICAL_MODELING_SYSTEM_SERVICE_RUNTIME,text,manager_historical_modeling_system_service_runtime,trading-manager/docs/99_historical_scheduler_runtime.md,historical_backfill;model_training_workflow;automation_scheduler;systemd;manager_scheduler_daemon_state,sync_artifact,"Historical data/modeling workflow is owned by a resident system service. Chat/manual CLI runs are fallback inspection, repair, smoke-test, or emergency-intervention tools, not the normal operating path.",2026-05-11 02:39:27.298709-04,2026-05-17 02:10:11.268482-04
term_HIST381D,term,HISTORICAL_SUBSTRATE_REUSE_POLICY,text,downloaded_cleaned_feature_substrate_reusable_when_contract_valid,trading-manager/docs/99_historical_scheduler_runtime.md,historical_data;feature_generation;artifact_reuse;layer_01_02_foundation_catch_up,sync_artifact,"Downloaded provider data, cleaned rows, and deterministic feature substrate can be reused when point-in-time rules, schema, and source contracts remain valid.",2026-05-14 07:49:51.980496-04,2026-05-17 02:10:11.268482-04
term_MDSE003,term,HISTORICAL_TRAINING_SAMPLING_UNIVERSE,text,historical_training_sampling_universe,trading-model/docs/97_historical_dataset_scope.md,trading-model;trading-manager;dataset_expansion;historical_training,sync_artifact,"Rows collected to fit, calibrate, validate, and test a model layer; may be broader than live routing when point-in-time and leakage-safe.",2026-05-10 02:11:21.935109-04,2026-05-17 02:10:11.268482-04
term_HIST381B,term,LAYER_01_02_HISTORICAL_CATCH_UP_TO_CURRENT_REQUIRED,text,layer_01_02_historical_catch_up_to_current_required,trading-manager/src/trading_manager_tasks/model_training_workflow.py,workflow_blocker;historical_scheduler;layer_03_plus_target_work,sync_artifact,Workflow blocker used to park ordinary Layer 3+ target-symbol work until Layer 1/2 historical data acquisition and feature generation are caught up to current.,2026-05-14 07:49:51.980496-04,2026-05-17 02:10:11.268482-04
term_L8FEATSKIP001,term,LAYER_08_OPTION_EXPRESSION_FEATURE_NO_PROVIDER_SKIP_RECEIPT,text,layer_08_option_expression_feature_generation_no_provider_skip_receipt,trading-manager/docs/95_task_system.md,layer_08_option_expression;feature_08_option_expression;manager_model_training_workflow_state,sync_artifact,Component completion receipt proving Layer 7 feature generation is a reviewed no-op when the Layer 7 gate accepted no active target chain and therefore no source_05/feature_07 rows are required before deterministic no-option model generation.,2026-05-11 00:50:42.703115-04,2026-05-17 02:10:11.268482-04
term_L8EVTDIS001,term,LAYER_NINE_EVENT_FEED_BACKFILL_DISPATCH,text,layer_nine_event_feed_backfill_dispatch,trading-manager/src/trading_manager_tasks/event_feed_dispatch.py;trading-manager/docs/81_decision.md,historical_modeling;source_09_event_risk_governor;event_feed_artifacts;provider_acquisition,sync_artifact,Manager-owned bounded dispatch surface for the reviewed event-feed task keys consumed by source_09_event_risk_governor event_artifact_paths.,2026-05-15 01:23:58.162607-04,2026-05-17 02:10:11.268482-04
term_L8EVTBF001,term,LAYER_NINE_EVENT_FEED_BACKFILL_PREPARATION,text,layer_nine_event_feed_backfill_preparation,trading-manager/src/trading_manager_tasks/event_feed_backfill.py;trading-manager/docs/81_decision.md,historical_modeling;source_09_event_risk_governor;event_feed_artifacts,sync_artifact,Manager-owned preparation surface for the monthly event-feed artifacts consumed by source_09_event_risk_governor event_artifact_paths.,2026-05-15 00:20:46.434584-04,2026-05-17 02:10:11.268482-04
term_L8EVTCOV002,term,LAYER_NINE_EVENT_FEED_IN_WINDOW_ROW_COVERAGE,text,layer_nine_event_feed_in_window_row_coverage,trading-manager/src/trading_manager_tasks/layer_nine_event_risk_governor.py;trading-manager/docs/81_decision.md;trading-manager/docs/95_task_system.md,layer_09_event_risk_governor;source_09_event_risk_governor;event_source_coverage;event_feed_coverage;requested_window,sync_artifact,"Current source_09 / Layer 9 event-risk write-mode materialization requires each required reviewed event-feed artifact family to contain at least one row in the requested [start_month, end_month_next) window. Artifact presence alone is not sufficient.",2026-05-15 02:15:20.720683-04,2026-05-17 02:10:11.292078-04
term_L8EVTCOV001,term,LAYER_NINE_EVENT_SOURCE_COVERAGE_GATE,text,layer_eight_event_source_coverage_gate,trading-manager/src/trading_manager_tasks/layer_nine_event_risk_governor.py;trading-data/src/data_source/source_09_event_risk_governor/feed_event_extraction.py;trading-manager/docs/81_decision.md,legacy_layer_09_event_risk_governor;source_09_event_risk_governor;historical_modeling;event_source_coverage;layer_09_event_risk_governor;current_physical_names,sync_artifact,"Current source_09 / Layer 9 event-source coverage requires reviewed local artifacts with requested-window row coverage for Alpaca news, GDELT news, SEC company financials, and Trading Economics calendar rows before event-governor-dependent outputs may advance.",2026-05-15 00:11:55.556601-04,2026-05-17 02:10:11.292409-04
trm_L1HT001,term,LAYER_ONE_HISTORICAL_TRAINING_BATCH,text,layer_01_market_regime_historical_training,trading-manager/docs/94_monthly_backfill.md,layer_01_market_regime;market_regime_model;monthly_backfill;manager_request;historical_training,sync_artifact,"Manager-owned historical-training preparation phase for Layer 1 MarketRegimeModel. It expands the reviewed Layer 1 ETF universe into component requests and handoff payloads without provider dispatch, model activation, or broker execution.",2026-05-09 11:45:20.700908-04,2026-05-17 02:10:11.268482-04
term_L5L7DB001,term,LAYERS_FOUR_TO_SEVEN_DATABASE_OFFLINE_WORKFLOW,text,layers_04_05_06_07_database_safe_offline_workflow,trading-manager/docs/95_task_system.md,model_05_alpha_confidence;model_06_position_projection;model_07_underlying_action;manager_stage_execution_summary,sync_artifact,"Manager-safe offline workflow for conceptual Layers 4-7 after upstream Layer 3 completes. Generation/evaluation/review stages may run without provider approval because provider_calls=0, activation=false, broker_execution=false, and promotion review remains deferred unless separately approved.",2026-05-10 23:50:36.045721-04,2026-05-17 02:10:11.268482-04
trm_L2HT001,term,LAYER_TWO_HISTORICAL_TRAINING_BATCH,text,layer_02_sector_context_historical_training,trading-manager/docs/94_monthly_backfill.md,layer_02_sector_context;sector_context_model;monthly_backfill;manager_request;historical_training,sync_artifact,"Manager-owned historical-training preparation phase for Layer 2 SectorContextModel. It expands the reviewed sector/industry ETF universe into component requests and handoff payloads without provider dispatch, model activation, or broker execution.",2026-05-10 10:47:37.400359-04,2026-05-17 02:10:11.268482-04
term_MDSE004,term,LIVE_INFERENCE_ROUTING_UNIVERSE,text,live_inference_routing_universe,trading-model/docs/97_historical_dataset_scope.md,trading-model;trading-manager;dataset_expansion;live_routing,sync_artifact,Rows that reach a model layer in actual decision flow after upstream gates and prioritization; may be narrower than the historical training sampling universe.,2026-05-10 02:11:21.935109-04,2026-05-17 02:10:11.268482-04
term_HIST381A,term,MANAGER_FOUNDATION_CATCH_UP_PRIORITY,text,layer_01_02_foundation_catch_up_priority,trading-manager/src/trading_manager_tasks/model_training_workflow.py,historical_scheduler;model_training_workflow;layer_01_market_regime;layer_02_sector_context,sync_artifact,Scheduler priority policy: catch up Layer 1 market/cross-asset and Layer 2 sector/industry historical substrate from 2016-01 to current before ordinary Layer 3+ target-symbol work.,2026-05-14 07:49:51.980496-04,2026-05-17 02:10:11.268482-04
trm_MHSS001,term,MANAGER_HISTORICAL_SCHEDULER_STATUS,text,manager_historical_scheduler_status,trading-manager/src/trading_manager_tasks/scheduler_status.py,trading-manager;scheduler;historical_training;daemon;observability;manager_scheduler_daemon_state;manager_scheduler_decision,sync_artifact,"Read-only service status contract for the historical scheduler runtime. It reports service readiness, selected month/stage, lock state, latest decision, provider gate posture, failure evidence, gated mutation boundaries, and the next operator action without mutating runtime state.",2026-05-11 03:05:59.925698-04,2026-05-17 02:10:11.268482-04
trm_MHWS001,term,MANAGER_HISTORICAL_WORK_SELECTION,text,manager_historical_work_selection,trading-manager/src/trading_manager_tasks/scheduler_daemon.py,trading-manager;scheduler;historical_training;daemon;workflow_state;chronological_forward,sync_artifact,Service bootstrap decision contract for choosing the next historical workflow month from durable completed/open workflow state before running scheduler ticks.,2026-05-11 02:49:18.420516-04,2026-05-17 02:10:11.268482-04
term_L8GATE001,term,MANAGER_LAYER_08_OPTION_EXPRESSION_GATE_REVIEW,text,manager_layer_08_option_expression_gate_review,trading-manager/docs/95_task_system.md,layer_08_option_expression;option_expression_model;source_05_option_expression;autonomous_historical_provider_acquisition;manager_stage_coverage,sync_artifact,Manager-owned review for current layer_08_option_expression acquisition at the Layer 8 option-expression boundary. Active target chains are prepared for autonomous option-snapshot acquisition; no manual provider gate is required.,2026-05-11 00:01:34.042188-04,2026-05-17 02:23:05.952793-04
trm_L8ERGMAT001,term,MANAGER_LAYER_NINE_EVENT_RISK_INPUT_MATERIALIZATION,text,manager_layer_nine_event_risk_governor_input_materialization,trading-manager/docs/95_task_system.md,layer_09_event_risk_governor;source_09_event_risk_governor;model_training_workflow;local_input_materialization,sync_artifact,"Manager receipt for building current source_09 / Layer 9 event-risk overview rows from local source-detector outputs over already-reviewed Layer 2 bar artifacts. It performs no provider calls, model activation, broker execution, or storage lifecycle mutation.",2026-05-10 23:42:48.184739-04,2026-05-17 02:10:11.292733-04
trm_L3TSM001,term,MANAGER_LAYER_THREE_TARGET_STATE_INPUT_MATERIALIZATION,text,manager_layer_three_target_state_input_materialization,trading-manager/docs/95_task_system.md,layer_03_target_state_vector;source_03_target_state;model_training_workflow;local_input_materialization,sync_artifact,"Manager receipt for reusing already-approved Layer 2 Alpaca bar artifacts as local Layer 3 target-state source inputs. It performs no provider calls, model activation, broker execution, or storage lifecycle mutation.",2026-05-10 23:25:08.427596-04,2026-05-17 02:10:11.268482-04
term_MWFSTATE002,term,MANAGER_MODEL_TRAINING_MONTH_SCOPED_CHECKPOINT,text,storage/runtime/model_training_workflow_state_YYYY-MM.json,trading-manager/docs/80_task.md,manager_model_training_workflow_state;historical_backfill;automation_scheduler,sync_artifact,"Default scheduler-owned month-scoped checkpoint path for the Layer 1-8 historical-training workflow, preventing chronological months from sharing a mutable global workflow state file.",2026-05-11 00:50:42.703115-04,2026-05-17 02:10:11.268482-04
trm_RECON001,term,MANAGER_PROVIDER_STAGE_RECONCILE,text,manager_provider_stage_reconcile,trading-manager/docs/95_task_system.md,manager_request;component_completion_receipt;run_manifest;artifact_ref;ready_signal;manager_stage_coverage;manager_model_training_workflow_state,sync_artifact,"Safe manager-owned post-dispatch reconciliation contract: discovers existing provider completion receipts, normalizes manager control-plane rows, refreshes stage coverage, and optionally advances workflow state without provider calls.",2026-05-10 11:33:34.296809-04,2026-05-17 02:10:11.268482-04
trm_RTEB002,term,MANAGER_REALTIME_OBSERVATION_CONSUMER,text,manager_realtime_observation_consumer,trading-manager/docs/95_task_system.md,trading-manager;realtime_receipts;append_only_evidence;shadow_handoff;not_runtime_controller,sync_artifact,"Manager may consume execution-produced realtime receipts, summaries, coverage rows, and shadow evidence, but must not own or schedule the realtime monitoring runtime.",2026-05-11 09:39:26.397107-04,2026-05-17 02:10:11.268482-04
trm_MRTD003,term,MANAGER_REALTIME_SHADOW_HANDOFF_CONTROL_PLANE_BUNDLE,text,manager_realtime_shadow_handoff_control_plane_bundle,trading-manager/src/trading_manager_tasks/realtime_shadow_handoff.py,trading-manager;manager_control_plane;run_manifest;artifact_ref;ready_signal;task_summary;shadow_monitoring;fixture_replay,sync_artifact,Bundle containing a realtime shadow handoff receipt plus normalized manager run/artifact/ready rows. It is side-effect-free by default and makes execution->model shadow progress visible to task-summary consumers once persisted through the generic receipt path.,2026-05-11 05:34:25.958335-04,2026-05-17 02:10:11.268482-04
trm_RTLF005,term,MANAGER_REALTIME_SHADOW_HANDOFF_PERSISTENCE,text,manager_realtime_shadow_handoff_explicit_persistence,trading-manager/src/trading_manager_tasks/realtime_shadow_handoff.py,trading-manager;manager_realtime_shadow_handoff_control_plane_bundle;persist_completion_rows;run_manifest;artifact_ref;ready_signal,sync_artifact,Manager realtime shadow handoff can now explicitly persist normalized run/artifact/ready rows when --persist-normalized-rows is supplied with a durable receipt URI/database context.,2026-05-11 06:02:14.685027-04,2026-05-17 02:10:11.268482-04
trm_MRTD002,term,MANAGER_REALTIME_SHADOW_HANDOFF_RECEIPT,text,manager_realtime_shadow_handoff_receipt,trading-manager/src/trading_manager_tasks/realtime_shadow_handoff.py,trading-manager;component_completion_receipt;run_manifest;artifact_ref;ready_signal;realtime_shadow_decision_handoff;no_provider_calls,sync_artifact,"Standard component completion receipt shape for realtime shadow decision handoffs. It records execution input refs, model route-plan refs, validation refs, and zero-call/zero-mutation safety facts before optional control-plane persistence.",2026-05-11 05:34:25.958335-04,2026-05-17 02:10:11.268482-04
trm_RTLV004,term,MANAGER_REALTIME_SHADOW_HANDOFF_REHEARSAL,text,manager_realtime_shadow_handoff_rehearsal,trading-manager/scripts/tasks/rehearse_realtime_shadow_handoff.py,trading-manager;trading-execution;trading-model;execution_realtime_shadow_fixture_bundle;model_realtime_decision_route_plan;manager_realtime_shadow_handoff_control_plane_bundle,sync_artifact,Cross-repository side-effect-free rehearsal: execution realtime fixture bundle -> model realtime route plan -> manager realtime shadow handoff receipt/control-plane bundle.,2026-05-11 05:46:23.602968-04,2026-05-17 02:10:11.268482-04
trm_MRTD001,term,MANAGER_REALTIME_SHADOW_HANDOFF_VALIDATION,text,manager_realtime_shadow_handoff_validation,trading-manager/src/trading_manager_tasks/realtime_shadow_handoff.py,trading-manager;trading-execution;trading-model;execution_model_decision_input_snapshot;model_realtime_decision_route_plan;validation;no_model_activation;no_broker_calls,sync_artifact,"Manager-side validation for paired realtime execution decision-input snapshots and model realtime route plans. It checks ids, timing refs, Layer 1-8 overlap, readiness, and forbidden actions without provider calls, model activation, order construction, persistence, or account mutation.",2026-05-11 05:34:25.958335-04,2026-05-17 02:10:11.268482-04
trm_MSWL001,term,MANAGER_SCHEDULER_WORK_LOOP,text,inspect_summary_find_safe_work_check_gates_dispatch_allowed_request_record_receipt_continue_or_backoff,trading-manager/docs/98_automation_scheduler.md,trading-manager;scheduler;task_summary;manager_request;ready_signal;artifact_ref,sync_artifact,"Durable manager scheduler loop semantics: inspect state, choose the next safe dependency-ready item, check approval/resource/market-hour gates, dispatch only allowed work, record receipts, and back off with an explicit reason when no safe work exists.",2026-05-10 00:45:35.136004-04,2026-05-17 02:10:11.268482-04
trm_RECON002,term,MANAGER_STAGE_FAILURE_REGISTER_PROPOSAL,text,manager_failure_register rows with failure_status=agent_review_required generated from failed provider receipts,trading-manager/docs/95_task_system.md,manager_provider_stage_reconcile;manager_failure_register;component_completion_receipt;agent_failure_review,sync_artifact,"Provider-stage reconciliation may propose or persist observed failures as agent_review_required failure-register rows. These rows preserve failed facts but do not accept, skip, correct, or retry failures until reviewed.",2026-05-10 11:35:56.329723-04,2026-05-17 02:10:11.268482-04
trm_SRCT001,term,MANAGER_STAGE_RUN_CONTROLLER_RECEIPT,text,manager_stage_run_controller_receipt,trading-manager/docs/95_task_system.md,manager_stage_run_dashboard;autonomous_historical_provider_acquisition;stage_control_loop,sync_artifact,"Receipt for one manager stage-run controller step. The controller may execute a bounded autonomous provider-dispatch slice, while model activation, broker/order/account mutation, and storage lifecycle mutation remain forbidden here.",2026-05-10 22:11:40.860535-04,2026-05-17 02:10:11.268482-04
trm_SRDB001,term,MANAGER_STAGE_RUN_DASHBOARD,text,manager_stage_run_dashboard,trading-manager/docs/95_task_system.md,manager_stage_coverage;autonomous_historical_provider_acquisition;manager_provider_dispatch_summary;manager_provider_stage_reconcile;trading_manager.failure_register,sync_artifact,"Single operator-facing dashboard/receipt for one manager provider-stage/month. It summarizes coverage, the next autonomous dispatch preview, observed provider calls, and evidence refs.",2026-05-10 21:39:13.776101-04,2026-05-17 02:10:11.268482-04
term_MWFSTATE003,term,MANAGER_WORKFLOW_PROVIDER_CALLS_OBSERVED,text,provider_calls_observed,trading-manager/docs/95_task_system.md,manager_model_training_workflow_state;autonomous_historical_provider_acquisition;provider_dispatch,sync_artifact,"Workflow-state counter for historical provider calls observed from ingested receipts, kept separate from offline/local stage counters so dashboards do not hide acquisition calls.",2026-05-11 00:50:42.703115-04,2026-05-17 02:10:11.268482-04
trm_MCS001,term,MARKET_CONTEXT_STATE,text,market_context_state,trading-model/docs/02_layer_01_market_regime.md,trading-model;market_regime_model;model_01_market_regime;direction_neutral_tradability,registry_only,"Conceptual Layer 1 downstream state wrapping the current MarketRegimeModel V2.2 direction-neutral market-context scores. It is conditioning context only, not sector/ETF/stock ranking, strategy choice, option contract choice, position sizing, or final action.",2026-05-02 03:17:58.449633-04,2026-05-17 02:23:46.500631-04
dki_MRMV001,term,MODEL_01_MARKET_REGIME,text,model_01_market_regime,trading-model/docs/02_layer_01_market_regime.md,trading-model;trading-data;market_regime_model;feature_01_market_regime;direction_neutral_tradability,registry_only,"Accepted Layer 1 MarketRegimeModel V2.2 model-output term for the direction-neutral market-context state vector written to trading_model.model_01_market_regime. It does not rank sectors, ETFs, stocks, strategies, option contracts, position sizes, or final actions and does not require clustering or human-readable regime labels.",2026-04-29 22:55:40.326395-04,2026-05-17 02:10:11.268482-04
trm_MRMDIAG,term,MODEL_01_MARKET_REGIME_DIAGNOSTICS,text,model_01_market_regime_diagnostics,trading-model/docs/02_layer_01_market_regime.md,trading-model;market_regime_model;model_01_market_regime,registry_only,"Accepted Layer 1 MarketRegimeModel diagnostics artifact/table name. Owns acceptance, monitoring, and gating evidence such as freshness, missingness, minimum-history, standardization, feature coverage, stability, baseline comparison, downstream usefulness, and no-future-leak checks.",2026-05-03 03:15:44.446323-04,2026-05-17 02:10:11.268482-04
trm_MRMEXPL,term,MODEL_01_MARKET_REGIME_EXPLAINABILITY,text,model_01_market_regime_explainability,trading-model/docs/02_layer_01_market_regime.md,trading-model;market_regime_model;model_01_market_regime,registry_only,"Accepted Layer 1 MarketRegimeModel explainability artifact/table name. Owns human-review detail such as state-score attribution, source signal-group contributions, bucket-level scores, evidence-role references, config/spec references, and accepted reason-code detail; downstream layers should not hard-depend on this artifact.",2026-05-03 03:15:44.446323-04,2026-05-17 02:10:11.268482-04
trm_M2S001,term,MODEL_02_SECTOR_CONTEXT,text,model_02_sector_context,trading-model/docs/03_layer_02_sector_context.md,trading-model;trading-data;trading-manager;trading-storage;sector_context_model;feature_02_sector_context;anonymous_target_candidate_builder,registry_only,"Accepted Layer 2 SectorContextModel model-output term for direction-neutral sector_context_state. Primary physical output table is trading_model.model_02_sector_context and contains signed sector direction evidence, direction-neutral trend/tradability, transition risk, separate handoff state/bias, and row quality fields. It does not select final stocks, strategies, option contracts, position sizes, or final actions.",2026-05-02 03:17:58.449633-04,2026-05-17 02:10:11.268482-04
trm_SCMDIAG,term,MODEL_02_SECTOR_CONTEXT_DIAGNOSTICS,text,model_02_sector_context_diagnostics,trading-model/docs/03_layer_02_sector_context.md,trading-model;sector_context_model;model_02_sector_context,registry_only,"Accepted Layer 2 SectorContextModel diagnostics artifact/table name. Owns acceptance, monitoring, and gating evidence such as tradability, event/gap/volatility/correlation stress, freshness, missingness, baseline comparison, refit stability, and no-future-leak checks.",2026-05-03 08:35:55.373284-04,2026-05-17 02:10:11.268482-04
trm_SCMEXPL,term,MODEL_02_SECTOR_CONTEXT_EXPLAINABILITY,text,model_02_sector_context_explainability,trading-model/docs/03_layer_02_sector_context.md,trading-model;sector_context_model;model_02_sector_context,registry_only,"Accepted Layer 2 SectorContextModel explainability artifact/table name. Owns human-review behavior internals, inferred attributes, conditional behavior, contributing evidence, and reason-code detail; downstream production logic should not hard-depend on this artifact.",2026-05-03 08:35:55.373284-04,2026-05-17 02:10:11.268482-04
trm_M3TSV01,term,MODEL_03_TARGET_STATE_VECTOR,text,model_03_target_state_vector,trading-model/docs/04_layer_03_target_state_vector.md,trading-model;target_state_vector_model;feature_03_target_state_vector,registry_only,Accepted Layer 3 TargetStateVectorModel model-output surface name; primary physical output is expected under trading_model.model_03_target_state_vector after implementation acceptance.,2026-05-04 23:43:23.098031-04,2026-05-17 02:10:11.268482-04
trm_MAC001,term,MODEL_05_ALPHA_CONFIDENCE,text,model_05_alpha_confidence,trading-model/docs/06_layer_05_alpha_confidence.md,trading-model;alpha_confidence_model;market_context_state;sector_context_state;target_context_state;event_failure_risk_vector;alpha_confidence_vector;current_physical_names,registry_only,"Accepted current physical model_05_alpha_confidence model-output surface name for Layer 5 AlphaConfidenceModel final adjusted alpha_confidence_vector outputs. Base/no-event alpha fields are diagnostics, not the default downstream surface.",2026-05-05 09:41:11.670053-04,2026-05-17 02:23:46.500631-04
trm_MTP001,term,MODEL_06_POSITION_PROJECTION,text,model_06_position_projection,trading-model/docs/07_layer_06_position_projection.md,trading-model;position_projection_model;alpha_confidence_model;alpha_confidence_vector;position_projection_vector,registry_only,Accepted current model_06_position_projection physical model-output surface name for Layer 6 PositionProjectionModel position_projection_vector outputs.,2026-05-05 09:41:11.670053-04,2026-05-17 02:10:11.268482-04
trm_M7UAM01,term,MODEL_07_UNDERLYING_ACTION,text,model_07_underlying_action,trading-model/docs/08_layer_07_underlying_action.md,trading-model;underlying_action_model;underlying_action_plan;underlying_action_vector;position_projection_vector;option_expression_model;model_08_option_expression,registry_only,Accepted current model_07_underlying_action physical model-output surface name for Layer 7 UnderlyingActionModel underlying_action_plan and underlying_action_vector outputs.,2026-05-07 09:17:56.607601-04,2026-05-17 02:10:11.268482-04
trm_M7OEM01,term,MODEL_08_OPTION_EXPRESSION,text,model_08_option_expression,trading-model/docs/09_layer_08_trading_guidance.md,trading-model;option_expression_model;source_05_option_expression;underlying_action_plan;underlying_action_vector;option_expression_plan;expression_vector,registry_only,Accepted current model_08_option_expression model-output surface name for Layer 8 OptionExpressionModel option_expression_plan and expression_vector outputs. This is not live execution.,2026-05-06 09:19:50.080899-04,2026-05-17 02:10:11.268482-04
trm_M8ERG01,term,MODEL_09_EVENT_RISK_GOVERNOR,text,model_09_event_risk_governor,trading-model/docs/10_layer_09_event_risk_governor.md,trading-model;event_risk_governor;event_context_vector;source_09_event_risk_governor,registry_only,Accepted current physical model_09_event_risk_governor implementation surface for bounded Layer 9 event-risk evidence and intervention review.,2026-05-06 09:19:50.080899-04,2026-05-17 02:10:11.268482-04
trm_MDPROM001,term,MODEL_CONFIG_VERSION_TABLE,text,model_config_version,trading-model/docs/81_decision.md,trading-model;model_governance;model_promotion;model_config_version,registry_only,Accepted generic trading_model governance table name for model configuration versions. Config versions are evidence inputs for promotion candidates; concrete columns are intentionally not registered yet.,2026-04-30 02:23:25.061915-04,2026-05-17 02:10:11.268482-04
trm_MDGOV001,term,MODEL_DATASET_REQUEST_TABLE,text,model_dataset_request,trading-model/docs/81_decision.md,trading-model;trading-manager;model_governance;model_data_request,registry_only,Accepted generic trading_model governance table name for model-originated data coverage requests. The table records required source/derived data windows such as required_data_start_time and required_data_end_time; model-local label horizons and split rules are intentionally outside the control-plane-facing request contract.,2026-04-29 23:57:15.734562-04,2026-05-17 02:10:11.268482-04
trm_MDGOV002,term,MODEL_DATASET_SNAPSHOT_TABLE,text,model_dataset_snapshot,trading-model/docs/81_decision.md,trading-model;model_governance;model_dataset_snapshot,registry_only,Accepted generic trading_model governance table name for freezing the data/config version used by an evaluation or model comparison. Concrete columns are intentionally not registered yet.,2026-04-29 23:57:15.734562-04,2026-05-17 02:10:11.268482-04
trm_MDGOV003,term,MODEL_DATASET_SPLIT_TABLE,text,model_dataset_split,trading-model/docs/81_decision.md,trading-model;model_governance;model_dataset_split,registry_only,Accepted generic trading_model governance table name for train/validation/test/holdout split windows attached to a dataset snapshot. Concrete columns are intentionally not registered yet.,2026-04-29 23:57:15.734562-04,2026-05-17 02:10:11.268482-04
trm_MDGOV004,term,MODEL_EVAL_LABEL_TABLE,text,model_eval_label,trading-model/docs/81_decision.md,trading-model;model_governance;model_evaluation,registry_only,"Accepted generic trading_model governance table name for model-owned evaluation labels. Label horizons, targets, and label construction rules are model semantics, not control-plane-facing data request fields. Concrete columns are intentionally not registered yet.",2026-04-29 23:57:15.734562-04,2026-05-17 02:10:11.268482-04
trm_MDGOV005,term,MODEL_EVAL_RUN_TABLE,text,model_eval_run,trading-model/docs/81_decision.md,trading-model;model_governance;model_evaluation,registry_only,Accepted generic trading_model governance table name for evaluation run metadata across model layers. Concrete columns are intentionally not registered yet.,2026-04-29 23:57:15.734562-04,2026-05-17 02:10:11.268482-04
trm_MODEL_GOV_EVAL001,term,MODEL_EVALUATION_ARTIFACT_TABLE_ROWS,text,model_evaluation_artifact_table_rows,trading-model/src/model_governance/evaluation/persistence.py,trading-model;model_governance;evaluation_artifacts;promotion_evidence;sql_persistence,sync_artifact,"JSON payload shape containing model_dataset_request, model_dataset_snapshot, model_dataset_split, model_eval_label, model_eval_run, and model_promotion_metric table rows for model-side governance persistence.",2026-05-11 11:00:59.075997-04,2026-05-17 02:10:11.268482-04
mlv_L1MR001,term,MODEL_LAYER_LAYER_01_MARKET_REGIME,text,layer_01_market_regime,trading-storage/main/shared/layer_01_02_market_context_etf_universe.csv,model_layer;market_regime_etf_universe;market_regime_relative_strength_combinations;market_regime_model;feature_01_market_regime,sync_artifact,Reviewed model_layer value for rows consumed by Layer 1 MarketRegimeModel market-context source/feature construction.,2026-05-05 11:59:24.979482-04,2026-05-17 02:10:11.268482-04
mlv_L2SC001,term,MODEL_LAYER_LAYER_02_SECTOR_CONTEXT,text,layer_02_sector_context,trading-storage/main/shared/layer_01_02_market_context_etf_universe.csv,model_layer;market_regime_etf_universe;market_regime_relative_strength_combinations;sector_context_model;feature_02_sector_context,sync_artifact,Reviewed model_layer value for rows consumed by Layer 2 SectorContextModel sector/industry context construction.,2026-05-05 11:59:24.979482-04,2026-05-17 02:10:11.268482-04
trm_MDPROM005,term,MODEL_PROMOTION_ACTIVATION_TABLE,text,model_promotion_activation,trading-model/docs/81_decision.md,trading-model;model_governance;model_promotion;model_activation,registry_only,Accepted generic trading_model governance table name for immutable activation events that record actual model configuration replacement after an accepted promotion decision. Concrete columns are intentionally not registered yet.,2026-05-03 06:23:40.662137-04,2026-05-17 02:10:11.268482-04
trm_MDPROM002,term,MODEL_PROMOTION_CANDIDATE_TABLE,text,model_promotion_candidate,trading-model/docs/81_decision.md,trading-model;model_governance;model_promotion;model_evaluation,registry_only,Accepted generic trading_model governance table name for promotion candidates. Candidates must reference an evaluation run and a model config version before any decision can be recorded; concrete columns are intentionally not registered yet.,2026-04-30 02:23:25.061915-04,2026-05-17 02:10:11.268482-04
trm_MDPROM003,term,MODEL_PROMOTION_DECISION_TABLE,text,model_promotion_decision,trading-model/docs/81_decision.md,trading-model;model_governance;model_promotion,registry_only,"Accepted generic trading_model governance table name for approve, reject, defer, or related promotion decisions. Concrete columns are intentionally not registered yet.",2026-04-30 02:23:25.061915-04,2026-05-17 02:10:11.268482-04
trm_MDGOV006,term,MODEL_PROMOTION_METRIC_TABLE,text,model_promotion_metric,trading-model/docs/81_decision.md,trading-model;model_governance;model_evaluation;model_promotion,registry_only,"Accepted generic trading_model governance table name for promotion evidence metrics across model layers, factors, targets, horizons, and dataset splits. Concrete columns are intentionally not registered yet.",2026-04-29 23:57:15.734562-04,2026-05-17 02:10:11.268482-04
trm_MDPROM004,term,MODEL_PROMOTION_ROLLBACK_TABLE,text,model_promotion_rollback,trading-model/docs/81_decision.md,trading-model;model_governance;model_promotion;model_rollback,registry_only,Accepted generic trading_model governance table name for rollback requests away from a promoted model configuration. Concrete columns are intentionally not registered yet.,2026-04-30 02:23:25.061915-04,2026-05-17 02:10:11.268482-04
trm_MODELPROMO002,term,MODEL_PROMOTION_SCRIPT_CALLED_AGENT_DECISION_POLICY,text,model_promotion_no_activation_without_agent_decision;agent_is_decision_actor_not_owner_prompt,trading-manager/docs/96_model_promotion.md,model_promotion_review;agent_model_promotion_decision;activation_record,sync_artifact,"Production promotion/activation is decided by a script-called agent from evidence, not by a routine manual owner approval gate.",2026-05-11 02:05:54.926974-04,2026-05-17 02:10:11.268482-04
term_RFP003,term,MODEL_PROMOTION_WORKER,text,model_promotion_worker,trading-manager/docs/81_decision.md;trading-manager/docs/98_automation_scheduler.md,historical_scheduler;model_generation;model_evaluation;model_promotion,sync_artifact,"Serial worker lane that consumes complete frozen fold manifests and owns model generation, validation/calibration, test evaluation, promotion evidence, and agent decision tasks.",2026-05-14 04:09:03.208983-04,2026-05-17 02:10:11.268482-04
trm_MODEL_RTD001,term,MODEL_REALTIME_DECISION_INPUT_VALIDATION,text,model_realtime_decision_input_validation,trading-model/src/models/realtime_decision_handoff.py,trading-model;trading-execution;execution_model_decision_input_snapshot;layers_1_9;validation;no_model_activation;no_broker_calls,sync_artifact,"Model-side validation for execution_model_decision_input_snapshot envelopes. It checks required fields, Layer 1-8 coverage, expected model ids/outputs, forbidden actions, and decision time without running models, calling providers, or constructing orders.",2026-05-11 05:20:41.777044-04,2026-05-17 02:10:11.268482-04
trm_MODEL_RTD002,term,MODEL_REALTIME_DECISION_ROUTE_PLAN,text,model_realtime_decision_route_plan,trading-model/src/models/realtime_decision_handoff.py,trading-model;realtime_decision_handoff;historical_model_decision_route;fixture_replay;shadow_monitoring;layers_1_9;no_model_activation,sync_artifact,"Model-side route plan that maps realtime execution decision input refs to reviewed Layer 1-8 model generator entrypoints for fixture/shadow historical-model decision routing. It does not execute generators, activate production configs, persist durable decisions, or authorize orders.",2026-05-11 05:20:41.777044-04,2026-05-17 02:10:11.268482-04
trm_MODEL_RTD003,term,MODEL_REALTIME_DECISION_ROUTE_PLAN_VALIDATION,text,model_realtime_decision_route_plan_validation,trading-model/src/models/realtime_decision_handoff.py,trading-model;model_realtime_decision_route_plan;validation;layers_1_9;no_provider_calls;no_model_activation,sync_artifact,Validation result for model_realtime_decision_route_plan. It verifies all Layer 1-8 route rows and reviewed generator entrypoints without side effects.,2026-05-11 05:20:41.777044-04,2026-05-17 02:10:11.268482-04
trm_VTAX001,term,MODEL_VECTOR_TAXONOMY,text,trading-model/docs/92_vector_taxonomy.md,trading-model/docs/92_vector_taxonomy.md,trading-model;trading-manager;model_layer_naming;direction_neutral_tradability,registry_only,Accepted V2.2 vector/state taxonomy reference for feature/vector/state/score/diagnostics/explainability/label naming discipline across model layers.,2026-05-05 09:41:11.670053-04,2026-05-17 02:10:11.268482-04
term_MODWORK001,term,MODEL_WORKER_FOLD_STATE,text,model_training_fold_state_<start>_<end>.json,trading-manager/src/trading_manager_tasks/scheduler_daemon.py;trading-manager/src/trading_manager_tasks/dashboard_read_models.py,model_worker_1;workflow_state;dashboard_task_timeline,sync_artifact,Fold-scoped workflow checkpoint seeded from complete month-scoped Layer 1/2 substrate states; it must not overwrite month-ingest checkpoints.,2026-05-14 10:38:13.160871-04,2026-05-17 02:10:11.268482-04
term_RFP002,term,MONTH_INGEST_WORKER,text,month_ingest_worker,trading-manager/docs/81_decision.md;trading-manager/docs/98_automation_scheduler.md,historical_scheduler;data_acquisition;feature_generation;monthly_substrate,sync_artifact,"Bounded worker lane that prepares month-scoped provider/raw data, cleaned data, point-in-time features, feature-ready manifests, and coverage evidence.",2026-05-14 04:09:03.208983-04,2026-05-17 02:10:11.268482-04
term_RF382C,term,MONTH_SCOPED_INGEST_ONLY_DURING_FOUNDATION_CATCH_UP,text,month_scoped_layer_01_02_workflow_exposes_data_acquisition_and_feature_generation_only,trading-manager/src/trading_manager_tasks/model_training_workflow.py,historical_scheduler;layer_01_02_foundation_catch_up;month_ingest_worker,sync_artifact,"During Layer 1/2 foundation catch-up, month-scoped workflow state must not expose per-month model_generation, model_evaluation, promotion_review, or maintenance stages; model/promotion work is fold-scoped.",2026-05-14 08:28:38.877342-04,2026-05-17 02:10:11.268482-04
trm_NEBP001,term,NASDAQ_EARNINGS_BASELINE_SNAPSHOT_REQUEST,text,expectation_baseline_snapshot,trading-manager/src/trading_manager_tasks/nasdaq_earnings_baseline.py,manager_task_system;nasdaq_earnings_calendar;expectation_baseline,sync_artifact,Manager request kind for future earnings-calendar baseline snapshots; currently accepted for Nasdaq EPS-consensus candidate capture only.,2026-05-15 23:13:13.915844-04,2026-05-17 02:10:11.268482-04
trm_NEBE001,term,NASDAQ_EARNINGS_EPS_BASELINE_OUTPUT,text,earnings_guidance_expectation_baseline.csv,trading-execution/src/trading_execution/calendar_discovery/pipeline.py,nasdaq_earnings_calendar;expectation_baseline;event_risk_governor;trading_execution,sync_artifact,Execution-side calendar_discovery output emitted for future_pre_event_eps_consensus_snapshot tasks; contains clean pre-event Nasdaq EPS forecast baseline rows only.,2026-05-15 23:19:02.096364-04,2026-05-17 02:10:11.268482-04
trm_NFEC001,term,NASDAQ_FUTURE_EARNINGS_CALENDAR_EPS_BASELINE_PROBE,text,earnings_guidance_nasdaq_future_calendar_probe_v1,trading-model/storage/earnings_guidance_nasdaq_future_calendar_probe_20260518,nasdaq_earnings_calendar;earnings_guidance_event_family;expectation_baseline;event_risk_governor,sync_artifact,"Bounded future-date probe: Nasdaq returned 43 future earnings rows for 2026-05-18, including 19 EPS forecast-like rows and zero actual/surprise rows.",2026-05-15 23:08:06.372638-04,2026-05-17 02:10:11.268482-04
trm_THASHXK3,term,OFFICIAL_MACRO_RELEASE_CALENDAR,text,Official macroeconomic release calendars discovered through web search and confirmed against government or issuing-agency websites,,trading-execution,registry_only,source-discovery rule rather than one provider URL; use web search to find current official agency pages and reject third-party calendars as source of truth unless explicitly approved as secondary references; execution-owned calendar/source-of-truth surface for future/realtime scheduling,2026-04-26 01:48:23.385904-04,2026-05-17 02:10:11.268482-04
trm_5HE1ZLG6,term,OPENCLAW,text,"Project sentinel and orchestration layer that owns project route, docs, dispatch, review, and acceptance.",,,registry_only,canonical shared definition for OpenClaw,2026-04-25 21:10:25.004346-04,2026-05-17 02:10:11.268482-04
trm_OANS001,term,OPTION_ABNORMALITY_NON_EARNINGS_SATURATION_20260515,text,option_abnormality_non_earnings_saturation_v1,trading-model/storage/option_abnormality_non_earnings_saturation_20260515,option_derivatives_abnormality;earnings_guidance_event_family;activity_price_relationship_study;event_risk_governor,sync_artifact,"Sixth itemized earnings/guidance scout: 34 reviewed same-symbol non-earnings windows all emitted complete option-abnormality events, proving the current option-event standard is saturated for no-abnormality control design in this sample.",2026-05-15 19:14:12.03455-04,2026-05-17 02:10:11.268482-04
trm_OQSR001,term,OPTION_CHAIN_SNAPSHOT_REF,text,option_chain_snapshot_ref,trading-model/docs/09_layer_08_trading_guidance.md,option_expression_model;option_expression_plan;model_08_option_expression;option_chain_snapshot;replay_audit,registry_only,Layer 8 point-in-time option-chain snapshot reference used to replay why a selected contract was chosen. This is not a broker order id.,2026-05-07 11:14:57.940307-04,2026-05-17 02:23:46.500631-04
trm_OEM001,term,OPTION_EXPRESSION_MODEL,text,option_expression_model,trading-model/docs/09_layer_08_trading_guidance.md,trading-model;source_05_option_expression;model_08_option_expression;underlying_action_plan;underlying_action_vector;option_expression_plan;expression_vector,registry_only,Accepted Layer 8 option-expression model id. OptionExpressionModel consumes Layer 7 underlying path assumptions plus point-in-time option-chain context and emits offline option_expression_plan / expression_vector rows; current physical surface is model_08_option_expression.,2026-05-06 09:19:50.080899-04,2026-05-17 02:10:11.268482-04
trm_OEP001,term,OPTION_EXPRESSION_PLAN,text,option_expression_plan,trading-model/docs/09_layer_08_trading_guidance.md,trading-model;option_expression_model;model_08_option_expression;underlying_action_plan;expression_vector;trading-execution,registry_only,"Layer 8 primary offline option-expression output. It includes selected expression type, selected option right, point-in-time selected contract reference, contract constraints, premium-risk plan, underlying thesis reference, reason codes, and diagnostics; it is not a broker order or account mutation.",2026-05-07 10:47:23.517198-04,2026-05-17 02:23:46.500631-04
trm_OWNEROBS001,term,OWNER_OBSERVED_AGENT_PROVIDER_AUTOMATION,text,owner_observed_autonomous_provider_data_acquisition,trading-manager/docs/81_decision.md,autonomous_historical_provider_acquisition;provider_dispatch;historical_backfill;manager_stage_coverage,sync_artifact,"Historical provider acquisition may be dispatched and reconciled automatically while the owner observes and can intervene. Scope remains provider/data acquisition only; broker execution, model activation, promotion, and storage lifecycle mutation remain false unless their separate agent/policy gates pass.",2026-05-11 02:05:54.926974-04,2026-05-17 02:10:11.268482-04
trm_POEC001,term,PENDING_OPTION_EXPOSURE_CONTEXT,text,pending_option_exposure_context,trading-model/docs/09_layer_08_trading_guidance.md,option_expression_model;option_expression_plan;pending_option_orders;premium_risk_context,registry_only,Layer 8 point-in-time pending option exposure context used to avoid duplicate option-expression plans. It is not a new order instruction.,2026-05-07 11:14:57.940307-04,2026-05-17 02:23:46.500631-04
trm_PPS001,term,PENDING_POSITION_STATE,text,pending_position_state,trading-model/docs/07_layer_06_position_projection.md,position_projection_model;position_projection_vector;point_in_time_position_context,registry_only,Layer 6 point-in-time pending position state input. Pending exposure is adjusted by fill probability to calculate effective current exposure and avoid repeated projection.,2026-05-07 02:36:52.773229-04,2026-05-17 02:10:11.268482-04
trm_PUOS01,term,PENDING_UNDERLYING_ORDER_STATE,text,pending_underlying_order_state,trading-model/docs/08_layer_07_underlying_action.md,underlying_action_model;underlying_action_plan;underlying_action_vector;point_in_time_underlying_position_context,registry_only,Layer 7 point-in-time pending direct-underlying order/exposure state input. Pending exposure is adjusted by fill probability to avoid duplicate planned adjustments; it is not a new order instruction.,2026-05-07 09:17:56.607601-04,2026-05-17 02:10:11.268482-04
trm_TPM001,term,POSITION_PROJECTION_MODEL,text,position_projection_model,trading-model/docs/07_layer_06_position_projection.md,trading-model;alpha_confidence_model;alpha_confidence_vector;model_06_position_projection;position_projection_vector,registry_only,"Accepted canonical Layer 6 model id. PositionProjectionModel maps final adjusted alpha confidence plus current/pending position, position-level friction, portfolio exposure, and risk-budget context to projected target holding state; current physical surface is model_06_position_projection.",2026-05-05 09:41:11.670053-04,2026-05-17 02:10:11.268482-04
trm_TSVEC01,term,POSITION_PROJECTION_VECTOR,text,position_projection_vector,trading-model/docs/07_layer_06_position_projection.md,trading-model;position_projection_model;model_06_position_projection;alpha_confidence_vector;underlying_action_model;underlying_action_plan;underlying_action_vector,registry_only,"Layer 6 PositionProjectionModel output vector for projected target holding state before Layer 7 direct-underlying action planning. It carries target exposure, position gap, utility, cost/risk fit, stability, and projection confidence; it is not an order instruction, planned action, option expression, or final action.",2026-05-06 09:19:50.080899-04,2026-05-17 02:23:05.950647-04
trm_4F58616K,term,POSTGRESQL,text,Open-source relational database system used as the target engine for trading-manager registry and related server-side data work.,,,registry_only,canonical shared definition for PostgreSQL,2026-04-25 21:10:25.004346-04,2026-05-17 02:10:11.268482-04
term_HIST381E,term,POST_MODEL_ARTIFACT_REBUILD_POLICY,text,model_generation_evaluation_promotion_artifacts_superseded_until_rebuilt,trading-manager/docs/99_historical_scheduler_runtime.md,model_generation;model_evaluation;promotion_review;artifact_rebuild;layer_01_02_foundation_catch_up,sync_artifact,"Model candidates, evaluation summaries, promotion evidence, and downstream review artifacts created before the accepted Layer 1/2 catch-up policy are not current promotion basis and need rebuild/revalidation after substrate catch-up.",2026-05-14 07:49:51.980496-04,2026-05-17 02:10:11.268482-04
term_HIST381C,term,POST_MODEL_GENERATION_REBUILD_REQUIRED_AFTER_LAYER_01_02_CATCH_UP,text,post_model_generation_rebuild_required_after_layer_01_02_catch_up,trading-manager/src/trading_manager_tasks/model_training_workflow.py,workflow_blocker;model_generation;model_evaluation;promotion,sync_artifact,Workflow blocker marking model-generation-and-later artifacts as superseded/rebuild-required while the Layer 1/2 historical substrate catches up.,2026-05-14 07:49:51.980496-04,2026-05-17 02:10:11.268482-04
term_RFP006,term,PROMOTION_NOT_ACTIVATION_POLICY,text,promotion_not_activation,trading-manager/docs/81_decision.md;trading-manager/docs/98_automation_scheduler.md;trading-manager/docs/96_model_promotion.md,model_promotion;activation_boundary;broker_account_boundary;historical_scheduler,sync_artifact,"Promotion approval does not activate a live model, switch production pointers, submit orders, mutate accounts, or authorize live trading; activation remains a separate reviewed policy boundary.",2026-05-14 04:09:03.208983-04,2026-05-17 02:10:11.268482-04
term_RF382A,term,PROMOTION_STAGE_TYPE,text,promotion_review,trading-manager/src/trading_manager_tasks/model_training_workflow.py,historical_scheduler;model_promotion_worker;rolling_fold_promotion;stage_type,sync_artifact,"Scheduler stage type for the complete fold-scoped Promotion Review task: evidence packet, gates, baseline comparison, split stability, leakage/calibration/test report, agent decision, and durable decision write.",2026-05-14 08:28:38.877342-04,2026-05-17 02:10:11.268482-04
trm_EXEC_RT005,term,REALTIME_CAPTURE_VALIDATION,text,realtime_capture_validation,trading-execution/src/trading_execution/market_data/capture.py,trading-execution;realtime_capture_contract;forward_holdout;shadow_monitoring;validation;no_provider_calls;no_broker_calls;no_model_activation,sync_artifact,"Local validation result for candidate realtime capture rows. It checks required fields, dataset role, forbidden actions, parseable times, and label maturity without persistence, provider calls, broker calls, or model activation.",2026-05-11 04:49:57.410566-04,2026-05-17 02:10:11.268482-04
trm_RTEM002,term,REALTIME_EFFECTIVENESS_OUTCOME_LABEL,text,realtime_effectiveness_outcome_label,trading-execution/docs/09_realtime_data.md,trading-execution;realtime_model_decision_effectiveness;label_maturity;outcome_horizon;correctness_status,sync_artifact,Matured outcome label/ref used to score a realtime live or shadow model decision for lightweight effectiveness monitoring.,2026-05-11 09:52:00.434201-04,2026-05-17 02:10:11.268482-04
trm_EXEC_RT006,term,REALTIME_FEATURE_SNAPSHOT,text,realtime_feature_snapshot,trading-execution/src/trading_execution/market_data/features.py,trading-execution;realtime_market_data;feature_snapshot;layers_1_9;historical_feature_parity;no_provider_calls;no_model_activation,sync_artifact,"Side-effect-free realtime feature snapshot envelope. It maps realtime capture refs into Layer 1-8 feature refs with point-in-time timing, historical feature parity refs, frozen model config refs, and historical dataset snapshot refs without provider calls, persistence, or model activation.",2026-05-11 05:06:32.475085-04,2026-05-17 02:10:11.268482-04
trm_EXEC_RT007,term,REALTIME_FEATURE_SNAPSHOT_VALIDATION,text,realtime_feature_snapshot_validation,trading-execution/src/trading_execution/market_data/features.py,trading-execution;realtime_feature_snapshot;feature_time;available_time;tradeable_time;layers_1_9;no_future_leakage,sync_artifact,"Local validation result for realtime feature snapshots. It checks required fields, Layer 1-8 row coverage, accepted dataset role, forbidden actions, parseable timing, and feature_time <= available_time <= tradeable_time.",2026-05-11 05:06:32.475085-04,2026-05-17 02:10:11.268482-04
trm_RTFV001,term,REALTIME_FORWARD_VALIDATION_DATASET,text,realtime_forward_validation_dataset,trading-model/docs/95_promotion_readiness.md,trading-model;trading-manager;model_dataset_snapshot;model_dataset_split;model_eval_label;model_eval_run;forward_holdout;shadow_monitoring,sync_artifact,Append-only point-in-time realtime evidence captured after model/config freeze for forward validation or shadow monitoring. Rows require mature labels before promotion evidence can use them.,2026-05-11 04:27:16.817757-04,2026-05-17 02:10:11.268482-04
trm_RTLF004,term,REALTIME_LIVE_OBSERVATION,text,realtime_live_observation,trading-execution/src/trading_execution/market_data/live_provider.py,trading-execution;read_only_provider_observation;normalized_payload_ref;provider_status;approved_realtime_capture,sync_artifact,One approved read-only realtime provider observation with normalized payload reference and provider status.,2026-05-11 06:02:14.685027-04,2026-05-17 02:10:11.268482-04
trm_RTLF001,term,REALTIME_LIVE_OBSERVE_APPROVAL,text,realtime_live_observe_approval,trading-execution/src/trading_execution/market_data/live_approval.py,trading-execution;trading-manager;realtime_market_data_observe_only;provider_call_gate;no_model_activation;no_broker_execution;no_order_construction;no_account_mutation,sync_artifact,"Reviewed approval artifact required before formal realtime provider observation. It bounds sources, instruments, expiry, provider-call budget, and explicitly forbids model activation, broker execution, order construction, and account mutation.",2026-05-11 06:02:14.685027-04,2026-05-17 02:10:11.268482-04
trm_RTLF002,term,REALTIME_LIVE_OBSERVE_APPROVAL_VALIDATION,text,realtime_live_observe_approval_validation,trading-execution/src/trading_execution/market_data/live_approval.py,trading-execution;realtime_live_observe_approval;approval_validation;provider_call_budget;source_scope;instrument_scope;expiry_check,sync_artifact,Validation result for realtime live-observe approval artifacts before any provider market-data call is attempted.,2026-05-11 06:02:14.685027-04,2026-05-17 02:10:11.268482-04
trm_RTEM001,term,REALTIME_MODEL_DECISION_EFFECTIVENESS,text,realtime_model_decision_effectiveness,trading-execution/src/trading_execution/market_data/effectiveness.py,trading-execution;realtime_monitoring;decision_effectiveness;promotion_review_evidence;drift_review_evidence;trust_review_evidence,sync_artifact,"Lightweight realtime/shadow model-quality monitoring aggregate. Summarizes matured decision correctness, accuracy, hit rate, status counts, model/layer/instrument counts, and invariant flags; not a historical test-set row source.",2026-05-11 09:52:00.434201-04,2026-05-17 02:10:11.268482-04
trm_EXEC_RT_EFFECT002,term,REALTIME_MODEL_DECISION_EFFECTIVENESS_ROW,text,realtime_model_decision_effectiveness_row,trading-execution/src/trading_execution/market_data/effectiveness.py,trading-execution;realtime_monitoring;decision_effectiveness;matured_outcome;decision_correctness,sync_artifact,"One summarized matured realtime/shadow decision outcome row containing decision id, model/layer, instrument, horizon, matured outcome ref, and correctness status.",2026-05-11 11:24:36.821911-04,2026-05-17 02:10:11.268482-04
term_MODWORK002,term,ROLLING_FOLD_4_1_1_READY_RULE,text,train_2016-01_2016-04_validation_2016-05_test_2016-06_requires_all_six_months_foundation_ready,trading-manager/src/trading_manager_tasks/scheduler_daemon.py;trading-manager/docs/81_decision.md,rolling_fold;dataset_split;model_evaluation;promotion_review,sync_artifact,A 4+1+1 fold becomes eligible only after all six month-scoped Layer 1/2 substrate states are complete; the first fold is 2016-01 through 2016-06.,2026-05-14 10:38:13.160871-04,2026-05-17 02:10:11.268482-04
term_RF382B,term,ROLLING_FOLD_FOUR_ONE_ONE_SPLIT,text,train_months=4;validation_months=1;test_months=1;fold_size_months=6,trading-manager/docs/98_automation_scheduler.md,rolling_fold_promotion;model_promotion_worker;dataset_split_policy,sync_artifact,"Accepted rolling-fold split policy: four training months, one validation month, and one test month per six-month frozen fold manifest.",2026-05-14 08:28:38.877342-04,2026-05-17 02:10:11.268482-04
term_RFP001,term,ROLLING_FOLD_PROMOTION_RUNTIME,text,non_overlapping_half_year_folds,trading-manager/docs/81_decision.md;trading-manager/docs/98_automation_scheduler.md,historical_scheduler;model_worker_1;fold_scope;four_one_one_split,sync_artifact,Model Worker fold cadence uses non-overlapping six-month groups: 01-06 then 07-12. The 4+1+1 train/validation/test split occurs inside each half-year fold; overlapping monthly rolling folds are not active runtime behavior.,2026-05-14 04:09:03.208983-04,2026-05-17 02:10:11.268482-04
term_RFP005,term,ROLLING_FOLD_PROMOTION_TASK,text,rolling_fold_promotion_task,trading-manager/docs/81_decision.md;trading-manager/docs/98_automation_scheduler.md,historical_scheduler;promotion_task;agent_model_promotion_decision;model_governance,sync_artifact,"One scheduler task packaging evidence packet build, gate checks, baseline comparison, split stability, leakage check, calibration/test report, agent review, and durable promotion decision write.",2026-05-14 04:09:03.208983-04,2026-05-17 02:10:11.268482-04
trm_SSNEOCV001,term,SAME_SYMBOL_NON_EARNINGS_OPTION_CONTROL_VERIFICATION_20260515,text,same_symbol_non_earnings_option_control_verification_v1,trading-model/storage/same_symbol_non_earnings_option_control_verification_20260515,earnings_guidance_event_family;option_derivatives_abnormality;event_family_scouting_packet_v1;activity_price_relationship_study;event_risk_governor,sync_artifact,"Fifth itemized earnings/guidance scout: reused local option-matrix receipts for same-symbol non-earnings candidate controls; found zero verified no sampled option-abnormality controls across 24 candidates, so the earnings+option amplifier comparison remains blocked.",2026-05-15 12:45:23.922205-04,2026-05-17 02:10:11.268482-04
term_SCHEDDRAIN001,term,SCHEDULER_DRAIN_READY_STAGES,text,scheduler_drain_ready_stages,trading-manager/docs/81_decision.md;trading-manager/docs/98_automation_scheduler.md,historical_scheduler;safe_task_drain;daemon_runtime,sync_artifact,"Hybrid event-driven daemon mode: after a safe scheduler-owned task completes, immediately evaluate and run the next runnable safe task until blocked or drain limits are reached.",2026-05-14 02:29:36.940967-04,2026-05-17 02:10:11.268482-04
term_SCHEDDRAIN002,term,SCHEDULER_EVENT_DASHBOARD_REFRESH,text,scheduler_event_dashboard_refresh,trading-manager/docs/81_decision.md;trading-manager/docs/98_automation_scheduler.md;trading-storage/docs/96_dashboard_read_models.md,historical_scheduler;dashboard_read_model_refresh;websocket_updates,sync_artifact,Progress-event hook where the manager daemon starts the storage-owned dashboard read-model refresh service after executed scheduler decisions.,2026-05-14 02:29:36.940967-04,2026-05-17 02:10:11.268482-04
term_SCHEDPAR001,term,SCHEDULER_PARALLELISM_STATUS,text,scheduler_parallelism_status,trading-manager/docs/81_decision.md;trading-storage/docs/96_dashboard_read_models.md;trading-dashboard/docs/09_dashboard_read_models.md,current_system_status_summary;dashboard_status;historical_scheduler;provider_parallelism,sync_artifact,Sanitized Current Status read-model object describing bounded dynamic provider worker selection and service-configured concurrency parameters.,2026-05-13 23:17:23.148425-04,2026-05-17 02:10:11.268482-04
term_RUNTHR001,term,SCHEDULER_RUNTIME_THROUGHPUT_STATUS,text,scheduler_runtime_throughput,trading-storage/src/trading_storage/dashboard_system_status.py;trading-dashboard/web/App.tsx;trading-storage/docs/96_dashboard_read_models.md;trading-dashboard/docs/09_dashboard_read_models.md,current_system_status_summary;runtime_throughput;historical_scheduler;dashboard_current_status,sync_artifact,Sanitized Current Status object summarizing historical scheduler runtime topology and observed decision-log throughput. It replaces provider-thread settings as the primary Multitask/Runtime presentation.,2026-05-14 12:34:01.048959-04,2026-05-17 02:10:11.268482-04
trm_SCM001,term,SECTOR_CONTEXT_MODEL,text,sector_context_model,trading-model/docs/90_system_model_architecture_rfc.md,trading-model;trading-data;model_02_sector_context;feature_02_sector_context,registry_only,Accepted canonical Layer 2 model id. SectorContextModel models sector/industry basket context under market conditions; it does not select final stock targets.,2026-05-02 22:33:19.297659-04,2026-05-17 02:10:11.268482-04
trm_SCS001,term,SECTOR_CONTEXT_STATE,text,sector_context_state,trading-model/src/models/model_02_sector_context/sector_context_state_contract.md,model_02_sector_context;sector_context_model;feature_02_sector_context;anonymous_target_candidate_builder;sector_state_features;target_context_state;model_03_target_state_vector;feature_03_target_state_vector;target_state_vector_model,registry_only,"Conceptual Layer 2 SectorContextModel state: market-context-conditioned sector/industry basket state with signed relative direction kept separate from direction-neutral tradability, trend quality, transition risk, handoff bias, and reliability evidence. Also carried as a Layer 3 sector_state_features group inside TargetStateVector rows; it must not become final target/action selection.",2026-05-02 03:17:58.449633-04,2026-05-17 02:23:46.500631-04
term_DU002,term,SELECTED_TARGET_SYMBOL_REQUIRED_BLOCKER,text,selected_target_symbol_required,trading-manager/src/trading_manager_tasks/model_training_workflow.py;trading-manager/docs/99_historical_scheduler_runtime.md;trading-manager/docs/100_dataset_expansion.md,manager_model_training_workflow_plan;manager_model_training_workflow_state;manager_dataset_expansion_plan;layer_03_plus_blocker,sync_artifact,Blocking workflow term used when Layer 3+ work is planned without a selected target symbol.,2026-05-14 04:33:13.334024-04,2026-05-17 02:10:11.268482-04
term_AGENTERR001,term,SERVER_WIDE_AGENT_ERROR_HANDOFF,text,server_wide_agent_error_handoff,trading-manager/src/trading_manager_tasks/agent_error_handler.py,trading-manager;server_errors;agent_diagnosis;safe_repair;evidence_first,sync_artifact,Unified manager-owned handoff for any server-side component that needs agent diagnosis or safe repair after an observed error. The handoff is not model-training-specific.,2026-05-13 08:34:26.591917-04,2026-05-17 02:10:11.268482-04
term_LAYERFILE001,term,SHARED_LAYER_PREFIXED_STATIC_FILE_NAMES,text,layer_01_02_market_context_etf_universe.csv;layer_01_02_market_context_relative_strength_combinations.csv;layer_02_target_context_mapping.csv,trading-storage/main/shared/README.md,trading-storage;shared_static_assets;layer_01_market_regime;layer_02_sector_context;target_layer2_context_mapping,sync_artifact,Shared static files under trading-storage/main/shared use zero-padded layer_01_ or layer_02_ filename prefixes for path-level scope clarity while preserving row-level model_layer semantics where applicable.,2026-05-14 06:25:50.580126-04,2026-05-17 02:10:11.268482-04
trm_S8M3B7VN,term,SMB,text,Server Message Block; network file-sharing protocol used for mounted or shared folders when needed.,,,registry_only,canonical shared definition for SMB in the trading server environment,2026-04-25 21:10:25.004346-04,2026-05-17 02:10:11.268482-04
trm_NBPU5J5P,term,SQL,text,Structured Query Language; the standard language for querying and managing relational databases.,,,registry_only,canonical shared definition for SQL,2026-04-25 21:10:25.004346-04,2026-05-17 02:10:11.268482-04
trm_T4X9L2QK,term,TAILSCALE,text,Mesh VPN used for private network connectivity between trusted devices and services.,,,registry_only,canonical shared definition for Tailscale in the trading server environment,2026-04-25 21:10:25.004346-04,2026-05-17 02:10:11.268482-04
term_TL2CTX002,term,TARGET_CONTEXT_BUSINESS_MAPPING,text,target_context_business_mapping,trading-storage/main/shared/layer_02_target_context_mapping.csv,target_layer2_context_mapping;target_layer2_context_mapping_v1;equity_business_context;layer_03_plus_target_study,sync_artifact,Reviewed mapping pattern for targets that need one or more business/theme Layer 2 context rows instead of implicit holdings-derived context. AAOI to AIQ/XLK/SMH/XLC is the first accepted example.,2026-05-14 06:52:05.469813-04,2026-05-17 02:10:11.268482-04
term_TL2CTX003,term,TARGET_CONTEXT_MULTI_ROW_BY_TARGET,text,target_context_multi_row_by_target,trading-storage/main/shared/layer_02_target_context_mapping.csv,target_layer2_context_mapping;target_context_business_mapping;target_layer2_context_agent_review,sync_artifact,"The target context mapping CSV is row-per-target-context. target_symbol is not unique, and consumers must preserve all reviewed context rows for a selected target.",2026-05-14 06:52:05.469813-04,2026-05-17 02:10:11.268482-04
trm_TSV001,term,TARGET_CONTEXT_STATE,text,target_context_state,trading-model/docs/04_layer_03_target_state_vector.md,trading-model;trading-data;target_state_vector_model;model_03_target_state_vector;feature_03_target_state_vector,registry_only,"Conceptual Layer 3 model-facing anonymous target context state built from separately inspectable market, sector, target-local, and cross-state blocks; raw ticker/company identity stays outside fitting vectors. Historical physical paths retain model_03_target_state_vector.",2026-05-04 23:43:23.098031-04,2026-05-17 02:23:46.500631-04
term_TL2CTXREV001,term,TARGET_LAYER2_CONTEXT_AGENT_REVIEW,text,target_layer2_context_agent_review,trading-manager/src/trading_manager_tasks/target_context_review.py,target_layer2_context_mapping;target_layer2_context_mapping_v1;script_called_agent_review;crypto_target_proxy;target_context_business_mapping;equity_business_context,sync_artifact,"Manager-owned script-called agent review boundary for target-to-Layer-2 context mapping rows, target-specific auxiliary proxies, and multi-row equity business mappings.",2026-05-14 06:02:47.364876-04,2026-05-17 02:10:11.268482-04
term_TL2CTX001,term,TARGET_LAYER2_CONTEXT_MAPPING_V1,text,target_layer2_context_mapping_v1,trading-storage/main/shared/layer_02_target_context_mapping.csv,target_layer2_context_mapping;layer_03_plus_target_study;crypto_target_proxy;target_context_business_mapping;equity_business_context,sync_artifact,Contract type for reviewed target-to-Layer-2 context mapping rows with target-specific auxiliary proxy references or direct equity business-context rows. target_symbol is not unique; consumers must preserve multiple rows for one target.,2026-05-14 05:41:34.037666-04,2026-05-17 02:10:11.268482-04
trm_TSVFR01,term,TARGET_STATE_VECTOR_FEATURE_REQUEST,text,target_state_vector_feature_request,trading-data/docs/04_layer_03_target_state_vector.md,trading-manager;trading-data;trading-model;feature_03_target_state_vector;model_03_target_state_vector;target_state_vector_model,registry_only,"Manager-issued request for deterministic Layer 3 target state-vector feature production. The request supplies the reviewed window, anonymous candidate-universe reference, Layer 1/2 state references, and output target; labels, training, evaluation, and promotion decisions remain model-owned.",2026-05-04 23:43:23.098031-04,2026-05-17 02:10:11.268482-04
trm_TSVMI01,term,TARGET_STATE_VECTOR_MODEL,text,target_state_vector_model,trading-model/docs/90_system_model_architecture_rfc.md,trading-model;trading-data;model_03_target_state_vector;feature_03_target_state_vector,registry_only,"Accepted canonical Layer 3 model id. TargetStateVectorModel constructs anonymous target state vectors from market, sector, and target-local evidence before later trade/strategy decisions.",2026-05-04 23:43:23.098031-04,2026-05-17 02:10:11.268482-04
trm_TCEG001,term,TERMINAL_COVERAGE_PROVIDER_EXECUTION_GUARD,text,terminal_coverage_provider_execution_guard,trading-manager/docs/95_task_system.md,manager_provider_dispatch_summary;manager_stage_coverage;autonomous_historical_provider_acquisition,sync_artifact,"Provider execution guard used by autonomous provider execution command templates. When enabled, execution refuses request ids already ready or reviewed-terminal in stage coverage and refuses to continue while unreviewed failed stage requests exist.",2026-05-10 21:19:58.902939-04,2026-05-17 02:10:11.268482-04
term_TRC001,term,TRADE_RISK_CAP,text,trade_risk_cap,trading-execution/docs/07_trade_risk_cap.md,decision_record;trading-execution;order_construction;execution_safety;underlying_action_plan;option_expression_plan,registry_only,Shared term for the mandatory pre-order hard risk cap derived from model stop/invalidation thesis or option premium-defined risk. It is not itself a broker order.,2026-05-08 00:04:11.49756-04,2026-05-17 02:10:11.268482-04
trm_TGM001,term,TRADING_GUIDANCE_MODEL,text,trading_guidance_model,trading-model/docs/09_layer_08_trading_guidance.md,layer_08_trading_guidance;option_expression_model;underlying_action_plan;option_expression_plan;trading_guidance_record;model_08_option_expression;current_physical_names,registry_only,Layer 8 model boundary that outputs the base offline trading-guidance candidate before event-risk intervention. The current V1 option-expression implementation surface is model_08_option_expression.,2026-05-15 03:40:42.121188-04,2026-05-17 02:23:46.500631-04
trm_TGR001,term,TRADING_GUIDANCE_RECORD,text,trading_guidance_record,trading-model/docs/09_layer_08_trading_guidance.md,layer_08_trading_guidance;trading_guidance_model;option_expression_plan;underlying_action_plan;trading-execution;current_physical_names,registry_only,"Layer 8 base offline trading-guidance candidate. It can include direct-underlying, option-expression, maintain, or no-trade guidance, but it is not a broker order and does not mutate accounts.",2026-05-15 03:40:42.121188-04,2026-05-17 02:23:46.500631-04
trm_QLKAMITP,term,TRADING_MANAGER_REGISTRY,text,"Trading-manager registry for trading-wide referenced values, approved outputs, source locators, status vocabularies, and approved terms.",,,registry_only,canonical shared definition for trading-manager registry,2026-04-25 21:10:25.004346-04,2026-05-17 02:10:11.268482-04
trm_UAM001,term,UNDERLYING_ACTION_MODEL,text,underlying_action_model,trading-model/docs/08_layer_07_underlying_action.md,trading-model;alpha_confidence_model;alpha_confidence_vector;position_projection_model;position_projection_vector;model_07_underlying_action;underlying_action_plan;underlying_action_vector;option_expression_model;model_08_option_expression,registry_only,"Accepted canonical Layer 7 model id. UnderlyingActionModel maps alpha/position state plus point-in-time current/pending underlying exposure, quote/liquidity/borrow state, risk-budget state, and policy gates into an offline direct stock/ETF planned action thesis; current physical surface is model_07_underlying_action.",2026-05-07 09:17:56.607601-04,2026-05-17 02:10:11.268482-04
trm_UAP001,term,UNDERLYING_ACTION_PLAN,text,underlying_action_plan,trading-model/docs/08_layer_07_underlying_action.md,trading-model;underlying_action_model;model_07_underlying_action;position_projection_vector;option_expression_model;model_08_option_expression;trading-execution,registry_only,"Layer 7 primary offline direct stock/ETF planned action output. It includes planned action type, effective exposure gap, planned incremental exposure, entry/target/stop/time-stop thesis, risk plan, Layer 8 trading-guidance handoff, and reason codes; it is not a broker order, final order quantity, option contract, or execution instruction.",2026-05-07 09:17:56.607601-04,2026-05-17 02:23:05.952793-04
trm_UAV001,term,UNDERLYING_ACTION_VECTOR,text,underlying_action_vector,trading-model/docs/08_layer_07_underlying_action.md,trading-model;underlying_action_model;model_07_underlying_action;position_projection_vector;underlying_action_plan;option_expression_model;model_08_option_expression,registry_only,"Layer 7 score/vector output for direct stock/ETF planned action quality by horizon. It carries eligibility, signed action direction, intensity, entry quality, expected return, adverse risk, reward/risk, liquidity fit, holding-time fit, and action confidence; it is not a broker order or option-expression vector.",2026-05-07 09:17:56.607601-04,2026-05-17 02:23:46.500631-04
trm_UQSR001,term,UNDERLYING_QUOTE_SNAPSHOT_REF,text,underlying_quote_snapshot_ref,trading-model/docs/09_layer_08_trading_guidance.md,option_expression_model;option_expression_plan;underlying_action_plan;replay_audit,registry_only,Layer 7 point-in-time underlying quote snapshot reference paired with the option-chain snapshot for moneyness and path replay.,2026-05-07 11:14:57.940307-04,2026-05-17 02:10:11.268482-04
fld_EVT042,text_field,EVENT_COVERAGE_REASON,field_name,coverage_reason,trading-data/src/data_source/source_09_event_risk_governor/README.md,source_09_event_risk_governor;event_risk_governor;event_context_vector,sync_artifact,"Text value explaining why an event row is canonical, covered by a canonical event, duplicate, related follow-up, new information, or unresolved.",2026-05-07 03:35:21.299816-04,2026-05-17 02:10:11.268482-04
fld_MRRS008,text_field,INTERPRETATION,field_name,interpretation,,market_regime_relative_strength_combinations;trading-data;market_regime_model;market_regime_etf_universe;target_layer2_context_mapping;target_layer2_context_mapping_v1,sync_artifact,Human-readable interpretation text for reviewed shared mapping or market-context rows.,2026-04-29 17:28:39.068078-04,2026-05-17 02:10:11.268482-04
fld_D3W7K1RM,text_field,REGISTRY_ITEM_NOTE,field_name,note,,trading_registry,sync_artifact,"canonical column name for trading_registry.note Text value explains, describes, summarizes, or annotates rather than measuring, identifying, locating, or classifying.",2026-04-25 21:10:25.004346-04,2026-05-17 02:10:11.268482-04
fld_EVT020,text_field,SUMMARY,text,summary,,source_09_event_risk_governor,registry_only,"canonical short summary field for event and timeline rows Text value explains, describes, summarizes, or annotates rather than measuring, identifying, locating, or classifying.",2026-04-27 12:30:45.493818-04,2026-05-17 02:10:11.268482-04
fld_TL2CTX010,text_field,TARGET_PROXY_USE,field_name,proxy_use,trading-storage/main/shared/layer_02_target_context_mapping.csv,target_layer2_context_mapping;target_layer2_context_mapping_v1;crypto_target_proxy,sync_artifact,Plain-language allowed use of the target-specific proxy evidence.,2026-05-14 05:41:34.037666-04,2026-05-17 02:10:11.268482-04
